machine_type,task_type,time_of_day,weather_condition,month,day_of_week,context_risk_score,hazard_type,severity_score
Aerial Lift,General Construction,Unknown,Clear/Unknown,1,Friday,39.66,Struck-by,1.0
Truck,General Construction,Unknown,Snow/Ice,1,Monday,91.71,Fall,1.0
Truck,Maintenance,Unknown,Clear/Unknown,1,Wednesday,40.13,Fall,1.0
Truck,Loading/Unloading,Morning,Clear/Unknown,1,Thursday,46.29,Fall,1.0
Forklift,General Construction,Unknown,Clear/Unknown,1,Thursday,46.43,Struck-by,1.0
Forklift,General Construction,Unknown,Clear/Unknown,1,Thursday,46.43,Struck-by,1.0
Crane,General Construction,Unknown,Clear/Unknown,1,Friday,36.59,Burns,1.0
Forklift,General Construction,Unknown,Clear/Unknown,1,Monday,43.16,Tip-over,1.0
Truck,Loading/Unloading,Unknown,Clear/Unknown,1,Tuesday,50.92,Fall,1.0
Truck,General Construction,Unknown,Clear/Unknown,1,Wednesday,47.19,Caught-in,1.0
Truck,Loading/Unloading,Unknown,Clear/Unknown,1,Friday,32.43,Contact-with,1.0
Truck,Maintenance,Unknown,Clear/Unknown,1,Friday,40.13,Fall,1.0
Truck,Loading/Unloading,Unknown,Clear/Unknown,1,Friday,50.92,Fall,1.0
Truck,General Construction,Unknown,Clear/Unknown,1,Friday,55.45,Struck-by,1.0
Backhoe,General Construction,Unknown,Clear/Unknown,1,Monday,39.83,Struck-by,1.0
Truck,General Construction,Unknown,Clear/Unknown,1,Tuesday,47.19,Caught-in,1.0
Truck,General Construction,Unknown,Clear/Unknown,1,Tuesday,55.45,Struck-by,1.0
Excavator,General Construction,Unknown,Clear/Unknown,1,Wednesday,45.36,Struck-by,1.0
Aerial Lift,General Construction,Unknown,Clear/Unknown,1,Friday,40.47,Tip-over,1.0
Loader,General Construction,Unknown,Clear/Unknown,1,Monday,59.12,Contact-with,4.0
Truck,Maintenance,Night,Clear/Unknown,1,Monday,91.69,Struck-by,1.0
Forklift,General Construction,Unknown,Clear/Unknown,1,Tuesday,60.57,Caught-in,3.0
Crane,General Construction,Unknown,Clear/Unknown,1,Wednesday,26.38,Other,1.0
Backhoe,Excavation,Unknown,Clear/Unknown,1,Wednesday,38.8,Struck-by,1.0
Truck,General Construction,Unknown,Clear/Unknown,1,Thursday,77.45,Struck-by,3.0
Truck,Operating,Unknown,Clear/Unknown,1,Thursday,40.63,Fall,1.0
Loader,General Construction,Unknown,Clear/Unknown,1,Friday,80.9,Caught-in,5.0
Truck,Loading/Unloading,Unknown,Clear/Unknown,1,Friday,50.92,Fall,1.0
Excavator,General Construction,Unknown,Clear/Unknown,2,Monday,45.36,Struck-by,1.0
Truck,Loading/Unloading,Unknown,Clear/Unknown,2,Wednesday,50.92,Fall,1.0
Forklift,Loading/Unloading,Unknown,Clear/Unknown,2,Wednesday,37.54,Fall,1.0
Forklift,Operating,Unknown,Clear/Unknown,2,Friday,59.05,Caught-in,3.0
Forklift,Loading/Unloading,Unknown,Clear/Unknown,2,Friday,37.54,Fall,1.0
Roller,Maintenance,Unknown,Clear/Unknown,2,Friday,33.78,Fall,1.0
Truck,Loading/Unloading,Unknown,Clear/Unknown,2,Friday,50.92,Fall,1.0
Truck,Loading/Unloading,Unknown,Clear/Unknown,2,Saturday,75.96,Caught-in,4.0
Backhoe,Loading/Unloading,Unknown,Clear/Unknown,2,Monday,34.89,Caught-in,1.0
Roller,General Construction,Unknown,Clear/Unknown,2,Tuesday,58.79,Caught-in,3.0
Dump Truck,General Construction,Unknown,Clear/Unknown,2,Tuesday,34.15,Burns,1.0
Dump Truck,Loading/Unloading,Unknown,Clear/Unknown,2,Wednesday,45.79,Other,3.0
Truck,General Construction,Unknown,Clear/Unknown,2,Monday,43.86,Fall,1.0
Truck,General Construction,Unknown,Clear/Unknown,2,Monday,43.86,Fall,1.0
Truck,Loading/Unloading,Unknown,Clear/Unknown,2,Thursday,50.92,Fall,1.0
Crane,Loading/Unloading,Unknown,Clear/Unknown,2,Saturday,38.65,Fall,1.0
Backhoe,General Construction,Unknown,Clear/Unknown,2,Sunday,39.83,Struck-by,1.0
Crane,Setup/Positioning,Unknown,Clear/Unknown,2,Tuesday,42.0,Struck-by,1.0
Crane,General Construction,Unknown,Clear/Unknown,2,Wednesday,73.14,Caught-in,4.0
Forklift,General Construction,Unknown,Clear/Unknown,2,Wednesday,46.43,Struck-by,1.0
Truck,General Construction,Unknown,Clear/Unknown,2,Wednesday,33.33,Contact-with,1.0
Truck,Loading/Unloading,Unknown,Clear/Unknown,2,Thursday,50.92,Fall,1.0
Truck,Mounting/Dismounting,Unknown,Clear/Unknown,2,Friday,32.25,Contact-with,1.0
Crane,General Construction,Unknown,Clear/Unknown,2,Saturday,45.57,Struck-by,1.0
Forklift,General Construction,Unknown,Clear/Unknown,3,Monday,35.62,Fall,1.0
Truck,General Construction,Unknown,Snow/Ice,3,Wednesday,91.71,Fall,1.0
Truck,General Construction,Afternoon,Rain,3,Wednesday,80.65,Struck-by,1.0
Loader,General Construction,Unknown,Clear/Unknown,3,Thursday,43.45,Struck-by,1.0
Backhoe,Excavation,Unknown,Clear/Unknown,3,Friday,25.14,Contact-with,1.0
Crane,General Construction,Unknown,Clear/Unknown,3,Friday,45.57,Struck-by,1.0
Loader,General Construction,Unknown,Clear/Unknown,3,Friday,43.45,Struck-by,1.0
Truck,General Construction,Unknown,Clear/Unknown,3,Saturday,43.86,Fall,1.0
Truck,Loading/Unloading,Unknown,Clear/Unknown,3,Saturday,50.92,Fall,1.0
Crane,Loading/Unloading,Unknown,Clear/Unknown,3,Sunday,38.65,Fall,1.0
Truck,Loading/Unloading,Unknown,Clear/Unknown,3,Monday,50.92,Fall,1.0
Truck,Loading/Unloading,Unknown,Snow/Ice,3,Monday,100.0,Fall,1.0
Crane,General Construction,Unknown,Clear/Unknown,3,Monday,40.14,Caught-in,1.0
Truck,General Construction,Unknown,Clear/Unknown,3,Tuesday,69.19,Caught-in,3.0
Truck,Loading/Unloading,Unknown,Clear/Unknown,3,Wednesday,50.92,Fall,1.0
Crane,General Construction,Unknown,Clear/Unknown,3,Thursday,78.57,Struck-by,4.0
Excavator,Excavation,Unknown,Clear/Unknown,3,Thursday,36.45,Caught-in,1.0
Truck,General Construction,Unknown,Clear/Unknown,3,Monday,48.58,Tip-over,1.0
Crane,General Construction,Unknown,Clear/Unknown,3,Tuesday,45.57,Struck-by,1.0
Truck,Loading/Unloading,Unknown,Clear/Unknown,3,Tuesday,50.92,Fall,1.0
Truck,Loading/Unloading,Unknown,Clear/Unknown,3,Wednesday,64.96,Caught-in,3.0
Truck,Loading/Unloading,Unknown,Clear/Unknown,3,Wednesday,50.92,Fall,1.0
Roller,General Construction,Unknown,Clear/Unknown,3,Friday,58.79,Caught-in,3.0
Forklift,General Construction,Unknown,Clear/Unknown,3,Friday,29.69,Pinch-Point,1.0
Crane,Loading/Unloading,Unknown,Clear/Unknown,3,Monday,49.65,Fall,2.0
Backhoe,General Construction,Unknown,Clear/Unknown,3,Monday,39.83,Struck-by,1.0
Truck,General Construction,Unknown,Clear/Unknown,3,Monday,55.45,Struck-by,1.0
Forklift,Loading/Unloading,Unknown,Clear/Unknown,3,Tuesday,59.36,Caught-in,3.0
Roller,General Construction,Unknown,Clear/Unknown,3,Tuesday,36.79,Caught-in,1.0
Truck,Loading/Unloading,Unknown,Clear/Unknown,3,Wednesday,50.92,Fall,1.0
Forklift,Setup/Positioning,Unknown,Clear/Unknown,3,Wednesday,35.0,Fall,1.0
Crane,General Construction,Unknown,Clear/Unknown,3,Wednesday,40.14,Caught-in,1.0
Crane,General Construction,Unknown,Clear/Unknown,3,Wednesday,45.57,Struck-by,1.0
Truck,Loading/Unloading,Night,Clear/Unknown,3,Wednesday,100.0,Fall,1.0
Truck,General Construction,Unknown,Clear/Unknown,3,Thursday,44.11,Collision,1.0
Aerial Lift,General Construction,Unknown,Clear/Unknown,3,Thursday,40.79,Electrocution,1.0
Crane,Loading/Unloading,Unknown,Clear/Unknown,3,Friday,38.65,Fall,1.0
Loader,General Construction,Unknown,Clear/Unknown,3,Friday,58.9,Caught-in,3.0
Aerial Lift,General Construction,Unknown,Clear/Unknown,3,Friday,39.66,Struck-by,1.0
Roller,Operating,Unknown,Clear/Unknown,3,Monday,57.76,Caught-in,3.0
Crane,General Construction,Unknown,Wind,3,Monday,100.0,Caught-in,4.0
Truck,General Construction,Unknown,Clear/Unknown,4,Wednesday,47.19,Caught-in,1.0
Truck,Loading/Unloading,Unknown,Clear/Unknown,4,Wednesday,50.92,Fall,1.0
Roller,Operating,Unknown,Clear/Unknown,4,Friday,39.65,Struck-by,1.0
Truck,General Construction,Unknown,Clear/Unknown,4,Tuesday,69.19,Caught-in,3.0
Truck,General Construction,Unknown,Clear/Unknown,4,Tuesday,69.19,Caught-in,3.0
Forklift,General Construction,Unknown,Clear/Unknown,4,Wednesday,60.57,Caught-in,3.0
Crane,Setup/Positioning,Unknown,Clear/Unknown,4,Thursday,42.0,Struck-by,1.0
Excavator,General Construction,Unknown,Clear/Unknown,4,Sunday,67.36,Struck-by,3.0
Truck,Loading/Unloading,Unknown,Clear/Unknown,4,Tuesday,50.92,Fall,1.0
Truck,General Construction,Unknown,Clear/Unknown,4,Tuesday,43.86,Fall,1.0
Crane,General Construction,Unknown,Clear/Unknown,4,Tuesday,43.16,Electrocution,1.0
Forklift,General Construction,Unknown,Clear/Unknown,4,Wednesday,46.43,Struck-by,1.0
Truck,Maintenance,Unknown,Clear/Unknown,4,Thursday,49.6,Run-over,1.0
Forklift,Maintenance,Unknown,Clear/Unknown,4,Thursday,40.8,Struck-by,1.0
Excavator,General Construction,Unknown,Clear/Unknown,4,Thursday,45.36,Struck-by,1.0
Roller,General Construction,Unknown,Clear/Unknown,4,Thursday,33.87,Fall,1.0
Truck,Loading/Unloading,Unknown,Clear/Unknown,4,Friday,75.96,Caught-in,4.0
Crane,General Construction,Unknown,Clear/Unknown,4,Sunday,43.16,Electrocution,1.0
Crane,General Construction,Unknown,Clear/Unknown,4,Monday,45.57,Struck-by,1.0
Truck,Loading/Unloading,Unknown,Clear/Unknown,4,Monday,69.52,Struck-by,3.0
Truck,General Construction,Unknown,Clear/Unknown,4,Monday,48.58,Tip-over,1.0
Excavator,General Construction,Unknown,Clear/Unknown,4,Tuesday,78.36,Struck-by,4.0
Forklift,Operating,Unknown,Clear/Unknown,4,Wednesday,41.8,Struck-by,1.0
Backhoe,General Construction,Unknown,Clear/Unknown,4,Wednesday,39.83,Struck-by,1.0
Excavator,Loading/Unloading,Unknown,Clear/Unknown,4,Wednesday,34.84,Fall,1.0
Truck,General Construction,Unknown,Clear/Unknown,4,Thursday,55.45,Struck-by,1.0
Crane,General Construction,Unknown,Clear/Unknown,4,Friday,45.57,Struck-by,1.0
Truck,Operating,Unknown,Clear/Unknown,4,Friday,48.3,Struck-by,1.0
Dump Truck,Loading/Unloading,Unknown,Clear/Unknown,4,Tuesday,39.34,Struck-by,1.0
Dump Truck,General Construction,Unknown,Clear/Unknown,4,Tuesday,41.27,Tip-over,1.0
Truck,General Construction,Unknown,Clear/Unknown,4,Tuesday,55.45,Struck-by,1.0
Forklift,Loading/Unloading,Unknown,Clear/Unknown,4,Tuesday,37.54,Fall,1.0
Forklift,Loading/Unloading,Unknown,Clear/Unknown,4,Thursday,37.54,Fall,1.0
Truck,Loading/Unloading,Unknown,Clear/Unknown,5,Friday,30.88,Other,1.0
Backhoe,Loading/Unloading,Unknown,Clear/Unknown,5,Friday,38.96,Struck-by,1.0
Forklift,General Construction,Unknown,Clear/Unknown,5,Monday,46.43,Struck-by,1.0
Crane,General Construction,Unknown,Clear/Unknown,5,Wednesday,62.14,Caught-in,3.0
Truck,General Construction,Unknown,Clear/Unknown,5,Wednesday,43.86,Fall,1.0
Bulldozer,General Construction,Unknown,Clear/Unknown,5,Friday,31.54,Fall,1.0
Backhoe,Excavation,Unknown,Clear/Unknown,5,Friday,38.8,Struck-by,1.0
Truck,Loading/Unloading,Unknown,Clear/Unknown,5,Monday,50.92,Fall,1.0
Crane,Loading/Unloading,Unknown,Clear/Unknown,5,Monday,38.65,Fall,1.0
Forklift,General Construction,Unknown,Clear/Unknown,5,Monday,46.43,Struck-by,1.0
Truck,Loading/Unloading,Unknown,Clear/Unknown,5,Wednesday,50.92,Fall,1.0
Crane,Loading/Unloading,Unknown,Clear/Unknown,5,Thursday,43.83,Struck-by,1.0
Crane,General Construction,Unknown,Clear/Unknown,5,Friday,45.57,Struck-by,1.0
Truck,General Construction,Unknown,Clear/Unknown,5,Friday,55.45,Struck-by,1.0
Concrete Mixer,General Construction,Unknown,Clear/Unknown,5,Friday,37.64,Caught-in,1.0
Truck,Maintenance,Unknown,Clear/Unknown,5,Saturday,40.81,Burns,1.0
Crane,Operating,Unknown,Muddy,5,Tuesday,84.33,Fall,3.0
Truck,General Construction,Unknown,Clear/Unknown,5,Wednesday,49.94,Run-over,1.0
Truck,General Construction,Unknown,Clear/Unknown,5,Friday,77.45,Struck-by,3.0
Truck,General Construction,Unknown,Clear/Unknown,5,Saturday,55.45,Struck-by,1.0
Excavator,General Construction,Unknown,Clear/Unknown,5,Tuesday,45.36,Struck-by,1.0
Loader,General Construction,Unknown,Clear/Unknown,5,Wednesday,34.04,Fall,1.0
Crane,General Construction,Unknown,Clear/Unknown,5,Wednesday,43.16,Electrocution,1.0
Forklift,General Construction,Unknown,Clear/Unknown,5,Wednesday,46.43,Struck-by,1.0
Crane,Maintenance,Unknown,Clear/Unknown,5,Thursday,37.84,Caught-in,1.0
Forklift,Operating,Unknown,Clear/Unknown,5,Friday,37.05,Caught-in,1.0
Truck,General Construction,Unknown,Clear/Unknown,5,Friday,31.88,Other,1.0
Truck,General Construction,Unknown,Clear/Unknown,5,Friday,47.19,Caught-in,1.0
Forklift,General Construction,Unknown,Clear/Unknown,6,Monday,60.57,Caught-in,3.0
Loader,General Construction,Unknown,Muddy,6,Tuesday,53.67,Caught-in,1.0
Forklift,General Construction,Unknown,Clear/Unknown,6,Tuesday,46.43,Struck-by,1.0
Truck,General Construction,Unknown,Clear/Unknown,6,Tuesday,55.45,Struck-by,1.0
Truck,General Construction,Unknown,Clear/Unknown,6,Wednesday,43.86,Fall,1.0
Paver,Loading/Unloading,Unknown,Clear/Unknown,6,Wednesday,38.13,Struck-by,1.0
Excavator,General Construction,Unknown,Clear/Unknown,6,Thursday,45.36,Struck-by,1.0
Aerial Lift,Operating,Unknown,Clear/Unknown,6,Thursday,39.7,Electrocution,1.0
Truck,General Construction,Unknown,Clear/Unknown,6,Thursday,64.88,Other,4.0
Truck,General Construction,Unknown,Clear/Unknown,6,Friday,47.19,Caught-in,1.0
Truck,General Construction,Unknown,Clear/Unknown,6,Friday,80.19,Caught-in,4.0
Truck,General Construction,Unknown,Clear/Unknown,6,Monday,48.58,Tip-over,1.0
Forklift,General Construction,Unknown,Clear/Unknown,6,Tuesday,60.57,Caught-in,3.0
Excavator,General Construction,Unknown,Clear/Unknown,6,Wednesday,45.36,Struck-by,1.0
Loader,General Construction,Unknown,Clear/Unknown,6,Wednesday,58.9,Caught-in,3.0
Roller,General Construction,Unknown,Clear/Unknown,6,Wednesday,33.87,Fall,1.0
Crane,Loading/Unloading,Unknown,Clear/Unknown,6,Thursday,38.65,Fall,1.0
Excavator,General Construction,Unknown,Clear/Unknown,6,Monday,45.36,Struck-by,1.0
Loader,General Construction,Unknown,Clear/Unknown,6,Monday,36.9,Caught-in,1.0
Truck,General Construction,Unknown,Clear/Unknown,6,Tuesday,69.19,Caught-in,3.0
Roller,General Construction,Unknown,Clear/Unknown,6,Thursday,36.79,Caught-in,1.0
Loader,Operating,Unknown,Clear/Unknown,6,Thursday,24.17,Other,1.0
Backhoe,General Construction,Unknown,Clear/Unknown,6,Friday,57.04,Caught-in,3.0
Dump Truck,Operating,Unknown,Clear/Unknown,6,Tuesday,39.38,Struck-by,1.0
Truck,General Construction,Unknown,Clear/Unknown,6,Tuesday,55.45,Struck-by,1.0
Truck,General Construction,Unknown,Clear/Unknown,6,Thursday,55.45,Struck-by,1.0
Excavator,General Construction,Unknown,Clear/Unknown,6,Friday,45.36,Struck-by,1.0
Truck,General Construction,Unknown,Clear/Unknown,6,Monday,31.88,Other,1.0
Truck,General Construction,Unknown,Clear/Unknown,6,Monday,55.45,Struck-by,1.0
Truck,General Construction,Unknown,Clear/Unknown,6,Monday,55.45,Struck-by,1.0
Truck,Loading/Unloading,Unknown,Clear/Unknown,6,Monday,50.92,Fall,1.0
Excavator,General Construction,Unknown,Clear/Unknown,7,Thursday,45.36,Struck-by,1.0
Loader,Maintenance,Unknown,Clear/Unknown,7,Monday,24.14,Other,1.0
Truck,Loading/Unloading,Unknown,Clear/Unknown,7,Monday,50.92,Fall,1.0
Truck,General Construction,Unknown,Clear/Unknown,7,Monday,48.99,Electrocution,1.0
Forklift,Maintenance,Unknown,Clear/Unknown,7,Tuesday,35.0,Fall,1.0
Excavator,General Construction,Unknown,Clear/Unknown,7,Tuesday,45.36,Struck-by,1.0
Crane,General Construction,Unknown,Clear/Unknown,7,Tuesday,45.57,Struck-by,1.0
Truck,General Construction,Unknown,Clear/Unknown,7,Tuesday,55.45,Struck-by,1.0
Forklift,Loading/Unloading,Unknown,Clear/Unknown,7,Thursday,75.67,Struck-by,4.0
Backhoe,Maintenance,Unknown,Clear/Unknown,7,Thursday,38.61,Struck-by,1.0
Excavator,General Construction,Unknown,Clear/Unknown,7,Thursday,45.36,Struck-by,1.0
Aerial Lift,General Construction,Unknown,Clear/Unknown,7,Thursday,40.79,Electrocution,1.0
Truck,Loading/Unloading,Unknown,Clear/Unknown,7,Thursday,50.92,Fall,1.0
Crane,Loading/Unloading,Unknown,Clear/Unknown,7,Thursday,38.65,Fall,1.0
Truck,Loading/Unloading,Unknown,Clear/Unknown,7,Friday,50.92,Fall,1.0
Dump Truck,General Construction,Unknown,Wet Surface,7,Friday,55.14,Electrocution,1.0
Loader,General Construction,Unknown,Clear/Unknown,7,Saturday,43.45,Struck-by,1.0
Crane,Setup/Positioning,Unknown,Clear/Unknown,7,Tuesday,50.09,Contact-with,3.0
Truck,General Construction,Unknown,Clear/Unknown,7,Tuesday,31.88,Other,1.0
Truck,Operating,Afternoon,Clear/Unknown,7,Tuesday,48.3,Struck-by,1.0
Truck,Loading/Unloading,Unknown,Clear/Unknown,7,Wednesday,50.92,Fall,1.0
Forklift,Loading/Unloading,Unknown,Clear/Unknown,7,Friday,37.54,Fall,1.0
Truck,General Construction,Unknown,Clear/Unknown,7,Saturday,31.88,Other,1.0
Truck,Loading/Unloading,Unknown,Clear/Unknown,7,Saturday,50.92,Fall,1.0
Truck,Maintenance,Unknown,Clear/Unknown,7,Saturday,40.13,Fall,1.0
Truck,Idling/Parked,Unknown,Clear/Unknown,7,Monday,45.78,Struck-by,1.0
Roller,Mounting/Dismounting,Unknown,Clear/Unknown,7,Monday,43.4,Run-over,1.0
Truck,Operating,Unknown,Clear/Unknown,7,Monday,48.3,Struck-by,1.0
Truck,General Construction,Unknown,Clear/Unknown,7,Monday,44.11,Collision,1.0
Truck,General Construction,Unknown,Clear/Unknown,7,Monday,55.45,Struck-by,1.0
Excavator,General Construction,Unknown,Clear/Unknown,7,Monday,34.68,Fall,1.0
Crane,Loading/Unloading,Unknown,Clear/Unknown,7,Tuesday,43.83,Struck-by,1.0
Excavator,Excavation,Unknown,Clear/Unknown,7,Wednesday,41.05,Struck-by,1.0
Truck,General Construction,Unknown,Clear/Unknown,7,Thursday,55.45,Struck-by,1.0
Truck,Loading/Unloading,Unknown,Clear/Unknown,7,Thursday,50.92,Fall,1.0
Forklift,Operating,Unknown,Clear/Unknown,7,Friday,41.8,Struck-by,1.0
Aerial Lift,General Construction,Unknown,Clear/Unknown,7,Friday,39.66,Struck-by,1.0
Truck,General Construction,Unknown,Clear/Unknown,7,Saturday,80.19,Caught-in,4.0
Truck,General Construction,Unknown,Clear/Unknown,7,Saturday,66.11,Collision,3.0
Forklift,General Construction,Unknown,Clear/Unknown,7,Tuesday,46.43,Struck-by,1.0
Backhoe,General Construction,Unknown,Clear/Unknown,7,Tuesday,50.83,Struck-by,2.0
Truck,Operating,Unknown,Clear/Unknown,7,Wednesday,59.3,Struck-by,2.0
Bulldozer,General Construction,Unknown,Clear/Unknown,7,Wednesday,25.71,Pinch-Point,1.0
Crane,General Construction,Unknown,Heat,7,Thursday,35.98,Other,1.0
Crane,Loading/Unloading,Unknown,Clear/Unknown,8,Monday,43.83,Struck-by,1.0
Roller,General Construction,Unknown,Clear/Unknown,8,Tuesday,69.79,Caught-in,4.0
Crane,General Construction,Unknown,Clear/Unknown,8,Wednesday,62.14,Caught-in,3.0
Crane,Loading/Unloading,Unknown,Clear/Unknown,8,Wednesday,38.65,Fall,1.0
Forklift,Loading/Unloading,Unknown,Clear/Unknown,8,Thursday,37.54,Fall,1.0
Forklift,General Construction,Unknown,Clear/Unknown,8,Friday,57.43,Struck-by,2.0
Excavator,General Construction,Unknown,Clear/Unknown,8,Saturday,45.36,Struck-by,1.0
Aerial Lift,Loading/Unloading,Unknown,Clear/Unknown,8,Saturday,34.2,Fall,1.0
Backhoe,Operating,Unknown,Clear/Unknown,8,Sunday,34.79,Caught-in,1.0
Loader,Operating,Unknown,Clear/Unknown,8,Monday,46.17,Other,3.0
Forklift,General Construction,Unknown,Clear/Unknown,8,Tuesday,25.71,Other,1.0
Truck,General Construction,Unknown,Clear/Unknown,8,Tuesday,47.19,Caught-in,1.0
Truck,General Construction,Unknown,Clear/Unknown,8,Tuesday,55.45,Struck-by,1.0
Truck,Loading/Unloading,Unknown,Clear/Unknown,8,Wednesday,50.92,Fall,1.0
Aerial Lift,General Construction,Unknown,Clear/Unknown,8,Wednesday,40.79,Electrocution,1.0
Loader,General Construction,Unknown,Clear/Unknown,8,Wednesday,65.45,Struck-by,3.0
Truck,General Construction,Unknown,Clear/Unknown,8,Thursday,43.86,Fall,1.0
Bulldozer,Loading/Unloading,Unknown,Clear/Unknown,8,Thursday,39.15,Tip-over,1.0
Excavator,General Construction,Unknown,Clear/Unknown,8,Friday,67.36,Struck-by,3.0
Forklift,General Construction,Unknown,Clear/Unknown,8,Saturday,43.16,Tip-over,1.0
Forklift,General Construction,Unknown,Clear/Unknown,8,Saturday,46.43,Struck-by,1.0
Roller,General Construction,Unknown,Clear/Unknown,8,Monday,40.17,Struck-by,1.0
Aerial Lift,General Construction,Unknown,Clear/Unknown,8,Monday,39.66,Struck-by,1.0
Truck,Loading/Unloading,Unknown,Clear/Unknown,8,Monday,50.92,Fall,1.0
Truck,General Construction,Unknown,Clear/Unknown,8,Monday,34.82,Pinch-Point,1.0
Forklift,General Construction,Unknown,Clear/Unknown,8,Monday,46.43,Struck-by,1.0
Truck,General Construction,Unknown,Clear/Unknown,8,Tuesday,31.88,Other,1.0
Forklift,Loading/Unloading,Unknown,Clear/Unknown,8,Tuesday,59.36,Caught-in,3.0
Loader,General Construction,Unknown,Clear/Unknown,8,Wednesday,43.45,Struck-by,1.0
Forklift,General Construction,Unknown,Clear/Unknown,8,Wednesday,38.57,Caught-in,1.0
Excavator,General Construction,Unknown,Clear/Unknown,8,Thursday,43.81,Run-over,1.0
Backhoe,General Construction,Unknown,Clear/Unknown,8,Friday,23.34,Other,1.0
Backhoe,Excavation,Unknown,Clear/Unknown,8,Monday,38.8,Struck-by,1.0
Truck,General Construction,Unknown,Clear/Unknown,8,Monday,55.45,Struck-by,1.0
Backhoe,General Construction,Unknown,Clear/Unknown,8,Tuesday,39.83,Struck-by,1.0
Truck,General Construction,Unknown,Clear/Unknown,8,Tuesday,55.45,Struck-by,1.0
Loader,General Construction,Unknown,Clear/Unknown,8,Wednesday,36.9,Caught-in,1.0
Truck,Operating,Unknown,Clear/Unknown,8,Wednesday,40.63,Fall,1.0
Truck,General Construction,Unknown,Clear/Unknown,8,Wednesday,55.45,Struck-by,1.0
Truck,General Construction,Unknown,Clear/Unknown,8,Thursday,80.19,Caught-in,4.0
Crane,Loading/Unloading,Unknown,Clear/Unknown,8,Thursday,60.77,Caught-in,3.0
Loader,Operating,Unknown,Clear/Unknown,8,Thursday,35.78,Caught-in,1.0
Truck,Loading/Unloading,Unknown,Clear/Unknown,8,Friday,47.52,Struck-by,1.0
Truck,General Construction,Unknown,Clear/Unknown,8,Saturday,55.45,Struck-by,1.0
Forklift,General Construction,Unknown,Clear/Unknown,8,Monday,41.99,Electrocution,1.0
Excavator,General Construction,Unknown,Clear/Unknown,8,Monday,78.36,Struck-by,4.0
Truck,Loading/Unloading,Unknown,Clear/Unknown,8,Monday,50.92,Fall,1.0
Dump Truck,Loading/Unloading,Unknown,Clear/Unknown,9,Tuesday,41.08,Tip-over,1.0
Dump Truck,General Construction,Unknown,Clear/Unknown,9,Wednesday,40.34,Struck-by,1.0
Excavator,General Construction,Unknown,Heat,9,Wednesday,34.04,Other,1.0
Truck,Loading/Unloading,Unknown,Clear/Unknown,9,Friday,50.92,Fall,1.0
Crane,Operating,Unknown,Clear/Unknown,9,Tuesday,74.97,Struck-by,4.0
Forklift,Maintenance,Unknown,Clear/Unknown,9,Wednesday,36.89,Caught-in,1.0
Backhoe,General Construction,Unknown,Clear/Unknown,9,Wednesday,39.83,Struck-by,1.0
Bulldozer,General Construction,Unknown,Clear/Unknown,9,Friday,37.6,Struck-by,1.0
Truck,General Construction,Unknown,Clear/Unknown,9,Saturday,69.19,Caught-in,3.0
Truck,Loading/Unloading,Unknown,Clear/Unknown,9,Monday,64.96,Caught-in,3.0
Excavator,Loading/Unloading,Unknown,Clear/Unknown,9,Monday,73.95,Struck-by,4.0
Excavator,General Construction,Unknown,Clear/Unknown,9,Tuesday,59.29,Caught-in,3.0
Forklift,Loading/Unloading,Unknown,Clear/Unknown,9,Tuesday,42.67,Struck-by,1.0
Roller,General Construction,Unknown,Clear/Unknown,9,Wednesday,40.17,Struck-by,1.0
Truck,Loading/Unloading,Unknown,Clear/Unknown,9,Wednesday,30.88,Other,1.0
Grader,Loading/Unloading,Unknown,Clear/Unknown,9,Wednesday,54.99,Caught-in,3.0
Dump Truck,General Construction,Unknown,Clear/Unknown,9,Wednesday,23.91,Other,1.0
Truck,General Construction,Unknown,Clear/Unknown,9,Friday,55.45,Struck-by,1.0
Dump Truck,General Construction,Unknown,Clear/Unknown,9,Saturday,41.27,Tip-over,1.0
Aerial Lift,General Construction,Unknown,Clear/Unknown,9,Sunday,39.66,Struck-by,1.0
Excavator,Loading/Unloading,Unknown,Clear/Unknown,9,Monday,40.95,Struck-by,1.0
Forklift,General Construction,Unknown,Clear/Unknown,9,Tuesday,46.43,Struck-by,1.0
Aerial Lift,General Construction,Unknown,Clear/Unknown,9,Tuesday,25.07,Contact-with,1.0
Forklift,General Construction,Unknown,Clear/Unknown,9,Tuesday,46.43,Struck-by,1.0
Crane,Loading/Unloading,Unknown,Clear/Unknown,9,Wednesday,38.65,Fall,1.0
Backhoe,General Construction,Unknown,Clear/Unknown,9,Wednesday,39.77,Electrocution,1.0
Excavator,Loading/Unloading,Unknown,Clear/Unknown,9,Wednesday,34.84,Fall,1.0
Forklift,General Construction,Unknown,Clear/Unknown,9,Thursday,46.43,Struck-by,1.0
Excavator,General Construction,Unknown,Clear/Unknown,9,Friday,70.29,Caught-in,4.0
Truck,Operating,Unknown,Clear/Unknown,9,Monday,48.3,Struck-by,1.0
Forklift,Loading/Unloading,Unknown,Clear/Unknown,9,Monday,59.36,Caught-in,3.0
Crane,Loading/Unloading,Morning,Clear/Unknown,9,Monday,39.85,Struck-by,1.0
Aerial Lift,Idling/Parked,Unknown,Clear/Unknown,9,Monday,39.58,Electrocution,1.0
Truck,Loading/Unloading,Unknown,Clear/Unknown,9,Tuesday,50.92,Fall,1.0
Crane,Setup/Positioning,Unknown,Clear/Unknown,9,Wednesday,38.06,Caught-in,1.0
Dump Truck,Loading/Unloading,Unknown,Clear/Unknown,9,Wednesday,34.16,Fall,1.0
Truck,Loading/Unloading,Unknown,Clear/Unknown,10,Thursday,48.02,Tip-over,1.0
Concrete Pump,Loading/Unloading,Unknown,Clear/Unknown,10,Thursday,36.63,Caught-in,1.0
Truck,General Construction,Unknown,Clear/Unknown,10,Friday,48.58,Tip-over,1.0
Loader,General Construction,Unknown,Clear/Unknown,10,Friday,43.45,Struck-by,1.0
Loader,Loading/Unloading,Unknown,Clear/Unknown,10,Wednesday,57.75,Caught-in,3.0
Concrete Mixer,Maintenance,Unknown,Clear/Unknown,10,Wednesday,37.26,Caught-in,1.0
Truck,General Construction,Unknown,Clear/Unknown,10,Wednesday,48.99,Electrocution,1.0
Truck,Operating,Unknown,Clear/Unknown,10,Thursday,48.3,Struck-by,1.0
Crane,Loading/Unloading,Unknown,Clear/Unknown,10,Saturday,38.65,Fall,1.0
Loader,General Construction,Unknown,Clear/Unknown,10,Monday,43.45,Struck-by,1.0
Truck,General Construction,Unknown,Clear/Unknown,10,Tuesday,55.45,Struck-by,1.0
Backhoe,General Construction,Unknown,Clear/Unknown,10,Wednesday,39.83,Struck-by,1.0
Excavator,General Construction,Unknown,Clear/Unknown,10,Thursday,45.36,Struck-by,1.0
Truck,Loading/Unloading,Unknown,Clear/Unknown,10,Friday,50.92,Fall,1.0
Roller,General Construction,Unknown,Clear/Unknown,10,Tuesday,36.79,Caught-in,1.0
Truck,Loading/Unloading,Unknown,Clear/Unknown,10,Friday,30.88,Other,1.0
Crane,Operating,Unknown,Clear/Unknown,10,Friday,70.78,Caught-in,4.0
Crane,General Construction,Unknown,Clear/Unknown,10,Friday,73.14,Caught-in,4.0
Grader,General Construction,Unknown,Clear/Unknown,10,Monday,36.96,Struck-by,1.0
Crane,Loading/Unloading,Unknown,Clear/Unknown,10,Friday,38.65,Fall,1.0
Truck,Operating,Unknown,Clear/Unknown,11,Monday,30.51,Other,1.0
Crane,Maintenance,Unknown,Clear/Unknown,11,Tuesday,70.84,Caught-in,4.0
Forklift,Loading/Unloading,Unknown,Clear/Unknown,11,Tuesday,75.67,Struck-by,4.0
Loader,General Construction,Unknown,Clear/Unknown,11,Wednesday,43.45,Struck-by,1.0
Truck,General Construction,Unknown,Clear/Unknown,11,Friday,55.45,Struck-by,1.0
Truck,Loading/Unloading,Unknown,Clear/Unknown,11,Monday,50.92,Fall,1.0
Loader,Operating,Unknown,Clear/Unknown,11,Monday,42.23,Back-over,1.0
Paver,General Construction,Unknown,Clear/Unknown,11,Wednesday,59.61,Pinch-Point,4.0
Truck,General Construction,Unknown,Clear/Unknown,11,Thursday,48.99,Electrocution,1.0
Crane,Loading/Unloading,Unknown,Clear/Unknown,11,Friday,38.65,Fall,1.0
Crane,General Construction,Unknown,Clear/Unknown,11,Friday,45.57,Struck-by,1.0
Truck,General Construction,Unknown,Clear/Unknown,11,Friday,55.45,Struck-by,1.0
Excavator,Operating,Unknown,Clear/Unknown,11,Sunday,40.61,Struck-by,1.0
Excavator,Loading/Unloading,Unknown,Clear/Unknown,11,Monday,28.44,Pinch-Point,1.0
Truck,Operating,Unknown,Clear/Unknown,11,Monday,48.3,Struck-by,1.0
Forklift,General Construction,Unknown,Clear/Unknown,11,Monday,46.43,Struck-by,1.0
Dump Truck,General Construction,Unknown,Clear/Unknown,11,Tuesday,57.71,Caught-in,3.0
Aerial Lift,General Construction,Unknown,Wind,11,Wednesday,87.51,Struck-by,2.0
Dump Truck,General Construction,Unknown,Clear/Unknown,11,Thursday,62.34,Struck-by,3.0
Crane,General Construction,Unknown,Clear/Unknown,11,Thursday,54.16,Electrocution,2.0
Excavator,Loading/Unloading,Unknown,Clear/Unknown,11,Friday,40.95,Struck-by,1.0
Excavator,General Construction,Unknown,Clear/Unknown,11,Saturday,45.36,Struck-by,1.0
Excavator,General Construction,Unknown,Snow/Ice,11,Sunday,88.03,Tip-over,1.0
Crane,General Construction,Unknown,Clear/Unknown,11,Monday,28.15,Contact-with,1.0
Excavator,General Construction,Unknown,Clear/Unknown,11,Monday,42.1,Tip-over,1.0
Loader,General Construction,Unknown,Clear/Unknown,11,Monday,43.45,Struck-by,1.0
Excavator,General Construction,Night,Clear/Unknown,11,Monday,90.73,Struck-by,1.0
Truck,General Construction,Unknown,Clear/Unknown,11,Monday,43.86,Fall,1.0
Excavator,Excavation,Unknown,Clear/Unknown,11,Tuesday,41.05,Struck-by,1.0
Loader,Loading/Unloading,Unknown,Clear/Unknown,11,Tuesday,41.46,Tip-over,1.0
Truck,General Construction,Unknown,Clear/Unknown,11,Wednesday,69.19,Caught-in,3.0
Loader,Operating,Unknown,Clear/Unknown,12,Tuesday,40.44,Struck-by,1.0
Loader,Operating,Unknown,Clear/Unknown,12,Tuesday,40.44,Struck-by,1.0
Bulldozer,General Construction,Unknown,Clear/Unknown,12,Wednesday,22.17,Other,1.0
Roller,General Construction,Unknown,Clear/Unknown,12,Thursday,36.79,Caught-in,1.0
Truck,General Construction,Unknown,Clear/Unknown,12,Thursday,55.45,Struck-by,1.0
Truck,General Construction,Unknown,Clear/Unknown,12,Saturday,41.43,Burns,1.0
Excavator,General Construction,Unknown,Clear/Unknown,12,Saturday,34.68,Fall,1.0
Dump Truck,Mounting/Dismounting,Unknown,Clear/Unknown,12,Monday,39.16,Struck-by,1.0
Forklift,Setup/Positioning,Unknown,Clear/Unknown,12,Wednesday,62.9,Struck-by,3.0
Truck,Loading/Unloading,Unknown,Clear/Unknown,12,Wednesday,50.92,Fall,1.0
Truck,Idling/Parked,Unknown,Clear/Unknown,12,Wednesday,49.57,Run-over,1.0
Forklift,Loading/Unloading,Unknown,Clear/Unknown,12,Monday,42.67,Struck-by,1.0
Forklift,Operating,Unknown,Clear/Unknown,12,Monday,41.8,Struck-by,1.0
Aerial Lift,General Construction,Unknown,Clear/Unknown,12,Wednesday,40.79,Electrocution,1.0
Truck,General Construction,Unknown,Clear/Unknown,12,Wednesday,55.45,Struck-by,1.0
Truck,General Construction,Unknown,Clear/Unknown,12,Friday,55.45,Struck-by,1.0
Backhoe,Operating,Unknown,Clear/Unknown,12,Saturday,38.71,Struck-by,1.0
Truck,General Construction,Unknown,Clear/Unknown,12,Monday,55.45,Struck-by,1.0
Truck,General Construction,Unknown,Clear/Unknown,12,Wednesday,69.19,Caught-in,3.0
Forklift,Operating,Unknown,Clear/Unknown,12,Saturday,35.12,Fall,1.0
Truck,General Construction,Unknown,Clear/Unknown,12,Tuesday,34.82,Pinch-Point,1.0
Loader,General Construction,Unknown,Clear/Unknown,12,Tuesday,41.58,Tip-over,1.0
Loader,General Construction,Unknown,Clear/Unknown,12,Wednesday,65.45,Struck-by,3.0
Roller,General Construction,Unknown,Clear/Unknown,12,Wednesday,36.79,Caught-in,1.0
Roller,General Construction,Unknown,Clear/Unknown,12,Wednesday,58.79,Caught-in,3.0
Truck,General Construction,Unknown,Clear/Unknown,12,Thursday,69.19,Caught-in,3.0
Aerial Lift,General Construction,Unknown,Clear/Unknown,12,Thursday,39.66,Struck-by,1.0
Concrete Mixer,General Construction,Unknown,Clear/Unknown,1,Thursday,37.64,Caught-in,1.0
Truck,Loading/Unloading,Unknown,Clear/Unknown,1,Thursday,50.92,Fall,1.0
Dump Truck,General Construction,Unknown,Clear/Unknown,1,Thursday,40.34,Struck-by,1.0
Forklift,General Construction,Unknown,Clear/Unknown,1,Thursday,46.43,Struck-by,1.0
Truck,Loading/Unloading,Unknown,Clear/Unknown,1,Friday,50.92,Fall,1.0
Truck,Loading/Unloading,Unknown,Clear/Unknown,1,Friday,61.92,Fall,2.0
Truck,General Construction,Unknown,Clear/Unknown,1,Sunday,43.86,Fall,1.0
Crane,General Construction,Unknown,Clear/Unknown,1,Monday,45.57,Struck-by,1.0
Forklift,Operating,Unknown,Clear/Unknown,1,Tuesday,41.8,Struck-by,1.0
Dump Truck,General Construction,Unknown,Clear/Unknown,1,Monday,57.71,Caught-in,3.0
Truck,Loading/Unloading,Unknown,Clear/Unknown,1,Monday,50.92,Fall,1.0
Truck,Operating,Unknown,Clear/Unknown,1,Monday,48.3,Struck-by,1.0
Truck,General Construction,Unknown,Clear/Unknown,1,Tuesday,33.33,Contact-with,1.0
Loader,General Construction,Unknown,Clear/Unknown,1,Tuesday,43.45,Struck-by,1.0
Dump Truck,General Construction,Unknown,Clear/Unknown,1,Tuesday,40.34,Struck-by,1.0
Crane,Setup/Positioning,Unknown,Clear/Unknown,1,Wednesday,29.98,Pinch-Point,1.0
Aerial Lift,General Construction,Unknown,Clear/Unknown,1,Wednesday,56.98,Caught-in,3.0
Loader,General Construction,Unknown,Clear/Unknown,1,Thursday,36.9,Caught-in,1.0
Excavator,General Construction,Unknown,Clear/Unknown,1,Thursday,26.61,Contact-with,1.0
Truck,Loading/Unloading,Unknown,Clear/Unknown,1,Thursday,50.92,Fall,1.0
Crane,General Construction,Unknown,Clear/Unknown,1,Friday,45.57,Struck-by,1.0
Forklift,General Construction,Unknown,Clear/Unknown,1,Friday,38.57,Caught-in,1.0
Truck,General Construction,Unknown,Clear/Unknown,1,Saturday,43.86,Fall,1.0
Truck,General Construction,Unknown,Clear/Unknown,1,Saturday,47.19,Caught-in,1.0
Excavator,General Construction,Unknown,Clear/Unknown,1,Monday,67.36,Struck-by,3.0
Backhoe,General Construction,Unknown,Clear/Unknown,1,Tuesday,39.83,Struck-by,1.0
Truck,General Construction,Unknown,Snow/Ice,1,Wednesday,91.71,Fall,1.0
Truck,Loading/Unloading,Unknown,Clear/Unknown,1,Wednesday,50.92,Fall,1.0
Truck,Loading/Unloading,Unknown,Clear/Unknown,1,Friday,61.92,Fall,2.0
Forklift,General Construction,Unknown,Clear/Unknown,1,Friday,46.43,Struck-by,1.0
Crane,Setup/Positioning,Unknown,Muddy,1,Friday,61.09,Struck-by,1.0
Crane,General Construction,Unknown,Clear/Unknown,1,Saturday,62.14,Caught-in,3.0
Truck,Loading/Unloading,Unknown,Clear/Unknown,2,Monday,50.92,Fall,1.0
Crane,General Construction,Morning,Clear/Unknown,2,Monday,66.49,Caught-in,4.0
Truck,Loading/Unloading,Unknown,Clear/Unknown,2,Monday,50.92,Fall,1.0
Truck,General Construction,Unknown,Clear/Unknown,2,Thursday,55.45,Struck-by,1.0
Crane,General Construction,Unknown,Clear/Unknown,2,Thursday,45.57,Struck-by,1.0
Crane,Loading/Unloading,Afternoon,Clear/Unknown,2,Thursday,43.83,Struck-by,1.0
Truck,General Construction,Unknown,Clear/Unknown,2,Friday,55.45,Struck-by,1.0
Truck,Loading/Unloading,Unknown,Clear/Unknown,2,Monday,50.92,Fall,1.0
Excavator,General Construction,Unknown,Clear/Unknown,2,Monday,45.36,Struck-by,1.0
Truck,Loading/Unloading,Unknown,Clear/Unknown,2,Tuesday,48.02,Tip-over,1.0
Excavator,Loading/Unloading,Unknown,Clear/Unknown,2,Tuesday,40.95,Struck-by,1.0
Truck,Loading/Unloading,Unknown,Clear/Unknown,2,Wednesday,50.92,Fall,1.0
Forklift,Operating,Unknown,Clear/Unknown,2,Monday,63.8,Struck-by,3.0
Truck,General Construction,Unknown,Clear/Unknown,2,Monday,41.43,Burns,1.0
Truck,Operating,Unknown,Clear/Unknown,2,Tuesday,42.31,Caught-in,1.0
Truck,General Construction,Unknown,Clear/Unknown,2,Tuesday,69.19,Caught-in,3.0
Truck,Operating,Unknown,Clear/Unknown,2,Wednesday,48.3,Struck-by,1.0
Forklift,Loading/Unloading,Unknown,Clear/Unknown,2,Wednesday,48.54,Fall,2.0
Truck,General Construction,Unknown,Clear/Unknown,2,Wednesday,43.86,Fall,1.0
Aerial Lift,General Construction,Unknown,Clear/Unknown,2,Thursday,44.05,Fall,2.0
Truck,General Construction,Unknown,Clear/Unknown,2,Friday,69.19,Caught-in,3.0
Loader,General Construction,Unknown,Clear/Unknown,2,Monday,43.45,Struck-by,1.0
Truck,Loading/Unloading,Unknown,Clear/Unknown,2,Tuesday,50.92,Fall,1.0
Crane,Loading/Unloading,Unknown,Clear/Unknown,2,Wednesday,43.83,Struck-by,1.0
Forklift,Loading/Unloading,Unknown,Clear/Unknown,2,Thursday,48.54,Fall,2.0
Dump Truck,General Construction,Unknown,Clear/Unknown,2,Friday,57.71,Caught-in,3.0
Forklift,General Construction,Unknown,Clear/Unknown,2,Monday,29.69,Pinch-Point,1.0
Crane,Loading/Unloading,Unknown,Clear/Unknown,3,Tuesday,38.65,Fall,1.0
Truck,General Construction,Unknown,Wind,3,Wednesday,95.77,Struck-by,1.0
Excavator,General Construction,Unknown,Clear/Unknown,3,Thursday,45.36,Struck-by,1.0
Grader,General Construction,Unknown,Clear/Unknown,3,Friday,36.96,Struck-by,1.0
Crane,Operating,Unknown,Clear/Unknown,3,Sunday,41.97,Struck-by,1.0
Forklift,Loading/Unloading,Unknown,Clear/Unknown,3,Monday,37.54,Fall,1.0
Truck,General Construction,Unknown,Clear/Unknown,3,Tuesday,31.88,Other,1.0
Forklift,Loading/Unloading,Unknown,Clear/Unknown,3,Tuesday,42.67,Struck-by,1.0
Forklift,Maintenance,Unknown,Clear/Unknown,3,Tuesday,40.8,Struck-by,1.0
Truck,General Construction,Unknown,Clear/Unknown,3,Thursday,47.19,Caught-in,1.0
Truck,Loading/Unloading,Unknown,Clear/Unknown,3,Friday,50.92,Fall,1.0
Loader,General Construction,Unknown,Clear/Unknown,3,Monday,43.45,Struck-by,1.0
Aerial Lift,Loading/Unloading,Unknown,Clear/Unknown,3,Monday,34.2,Fall,1.0
Truck,Loading/Unloading,Unknown,Clear/Unknown,3,Thursday,50.92,Fall,1.0
Forklift,General Construction,Unknown,Clear/Unknown,3,Thursday,43.16,Tip-over,1.0
Excavator,General Construction,Unknown,Clear/Unknown,3,Friday,34.68,Fall,1.0
Forklift,Loading/Unloading,Unknown,Clear/Unknown,3,Saturday,37.54,Fall,1.0
Excavator,General Construction,Unknown,Clear/Unknown,3,Sunday,34.95,Burns,1.0
Truck,General Construction,Unknown,Clear/Unknown,3,Tuesday,48.99,Electrocution,1.0
Truck,Loading/Unloading,Unknown,Clear/Unknown,3,Tuesday,47.52,Struck-by,1.0
Truck,General Construction,Unknown,Clear/Unknown,3,Tuesday,47.19,Caught-in,1.0
Loader,General Construction,Unknown,Clear/Unknown,3,Thursday,43.45,Struck-by,1.0
Truck,General Construction,Unknown,Clear/Unknown,3,Thursday,47.19,Caught-in,1.0
Truck,General Construction,Unknown,Clear/Unknown,3,Friday,69.19,Caught-in,3.0
Truck,General Construction,Unknown,Clear/Unknown,3,Friday,55.45,Struck-by,1.0
Truck,Operating,Unknown,Clear/Unknown,3,Monday,32.43,Contact-with,1.0
Crane,Loading/Unloading,Unknown,Clear/Unknown,3,Tuesday,43.83,Struck-by,1.0
Aerial Lift,General Construction,Unknown,Clear/Unknown,3,Tuesday,40.79,Electrocution,1.0
Aerial Lift,Loading/Unloading,Unknown,Clear/Unknown,4,Monday,34.2,Fall,1.0
Aerial Lift,General Construction,Unknown,Clear/Unknown,4,Monday,39.66,Struck-by,1.0
Paver,Mounting/Dismounting,Unknown,Clear/Unknown,4,Wednesday,38.13,Struck-by,1.0
Truck,Loading/Unloading,Unknown,Clear/Unknown,4,Wednesday,50.92,Fall,1.0
Excavator,General Construction,Unknown,Clear/Unknown,4,Wednesday,78.36,Struck-by,4.0
Loader,General Construction,Unknown,Clear/Unknown,4,Thursday,43.45,Struck-by,1.0
Loader,General Construction,Unknown,Clear/Unknown,4,Thursday,58.9,Caught-in,3.0
Forklift,General Construction,Unknown,Clear/Unknown,4,Tuesday,46.43,Struck-by,1.0
Backhoe,General Construction,Unknown,Clear/Unknown,4,Tuesday,39.83,Struck-by,1.0
Excavator,General Construction,Unknown,Clear/Unknown,4,Wednesday,45.36,Struck-by,1.0
Forklift,General Construction,Unknown,Clear/Unknown,4,Wednesday,29.69,Pinch-Point,1.0
Truck,Loading/Unloading,Unknown,Clear/Unknown,4,Thursday,50.92,Fall,1.0
Forklift,General Construction,Unknown,Clear/Unknown,4,Thursday,46.43,Struck-by,1.0
Aerial Lift,Loading/Unloading,Unknown,Clear/Unknown,4,Friday,34.2,Fall,1.0
Aerial Lift,General Construction,Unknown,Clear/Unknown,4,Friday,33.05,Fall,1.0
Truck,General Construction,Unknown,Clear/Unknown,4,Monday,69.19,Caught-in,3.0
Excavator,General Construction,Unknown,Clear/Unknown,4,Monday,37.29,Caught-in,1.0
Excavator,General Construction,Unknown,Clear/Unknown,4,Tuesday,45.36,Struck-by,1.0
Forklift,General Construction,Unknown,Clear/Unknown,4,Wednesday,46.43,Struck-by,1.0
Forklift,Loading/Unloading,Unknown,Clear/Unknown,4,Wednesday,42.67,Struck-by,1.0
Crane,Loading/Unloading,Unknown,Clear/Unknown,4,Wednesday,38.65,Fall,1.0
Excavator,General Construction,Unknown,Clear/Unknown,4,Wednesday,37.29,Caught-in,1.0
Forklift,General Construction,Unknown,Clear/Unknown,4,Thursday,46.43,Struck-by,1.0
Excavator,Excavation,Unknown,Clear/Unknown,4,Friday,36.45,Caught-in,1.0
Crane,Operating,Unknown,Clear/Unknown,4,Saturday,41.97,Struck-by,1.0
Truck,General Construction,Unknown,Clear/Unknown,4,Monday,88.45,Struck-by,4.0
Roller,Maintenance,Unknown,Clear/Unknown,4,Tuesday,35.76,Caught-in,1.0
Backhoe,Loading/Unloading,Unknown,Clear/Unknown,4,Thursday,38.96,Struck-by,1.0
Forklift,Operating,Unknown,Clear/Unknown,4,Thursday,41.8,Struck-by,1.0
Truck,Loading/Unloading,Unknown,Clear/Unknown,4,Thursday,50.92,Fall,1.0
Forklift,General Construction,Unknown,Clear/Unknown,5,Wednesday,38.57,Caught-in,1.0
Truck,General Construction,Unknown,Clear/Unknown,5,Friday,47.19,Caught-in,1.0
Truck,Loading/Unloading,Unknown,Clear/Unknown,5,Friday,50.92,Fall,1.0
Truck,Loading/Unloading,Unknown,Clear/Unknown,5,Monday,50.92,Fall,1.0
Excavator,General Construction,Unknown,Clear/Unknown,5,Tuesday,45.36,Struck-by,1.0
Crane,General Construction,Unknown,Clear/Unknown,5,Tuesday,45.57,Struck-by,1.0
Paver,Loading/Unloading,Unknown,Clear/Unknown,5,Tuesday,32.42,Fall,1.0
Truck,General Construction,Unknown,Clear/Unknown,5,Wednesday,55.45,Struck-by,1.0
Roller,Loading/Unloading,Unknown,Clear/Unknown,5,Wednesday,43.4,Run-over,1.0
Truck,General Construction,Unknown,Clear/Unknown,5,Thursday,43.86,Fall,1.0
Truck,Operating,Unknown,Clear/Unknown,5,Thursday,48.3,Struck-by,1.0
Truck,Maintenance,Unknown,Wind,5,Friday,69.32,Fall,1.0
Crane,General Construction,Unknown,Clear/Unknown,5,Sunday,43.16,Electrocution,1.0
Excavator,General Construction,Unknown,Clear/Unknown,5,Monday,45.36,Struck-by,1.0
Roller,Loading/Unloading,Unknown,Clear/Unknown,5,Tuesday,35.73,Caught-in,1.0
Truck,Loading/Unloading,Unknown,Clear/Unknown,5,Wednesday,50.92,Fall,1.0
Aerial Lift,General Construction,Unknown,Clear/Unknown,5,Thursday,33.05,Fall,1.0
Truck,General Construction,Unknown,Clear/Unknown,5,Thursday,48.58,Tip-over,1.0
Excavator,General Construction,Unknown,Clear/Unknown,5,Monday,70.29,Caught-in,4.0
Truck,Maintenance,Unknown,Clear/Unknown,5,Monday,46.91,Electrocution,1.0
Truck,General Construction,Unknown,Clear/Unknown,5,Monday,47.19,Caught-in,1.0
Truck,General Construction,Unknown,Clear/Unknown,5,Monday,69.19,Caught-in,3.0
Truck,Loading/Unloading,Unknown,Clear/Unknown,5,Tuesday,50.92,Fall,1.0
Excavator,General Construction,Unknown,Clear/Unknown,5,Thursday,34.95,Burns,1.0
Loader,General Construction,Unknown,Clear/Unknown,5,Thursday,58.9,Caught-in,3.0
Backhoe,General Construction,Unknown,Clear/Unknown,5,Tuesday,57.04,Caught-in,3.0
Truck,General Construction,Unknown,Clear/Unknown,6,Thursday,55.45,Struck-by,1.0
Aerial Lift,General Construction,Unknown,Clear/Unknown,6,Thursday,56.33,Other,4.0
Truck,General Construction,Unknown,Clear/Unknown,6,Friday,69.19,Caught-in,3.0
Truck,Loading/Unloading,Unknown,Clear/Unknown,6,Saturday,50.92,Fall,1.0
Roller,Loading/Unloading,Unknown,Clear/Unknown,6,Monday,57.73,Caught-in,3.0
Excavator,General Construction,Unknown,Clear/Unknown,6,Monday,37.29,Caught-in,1.0
Truck,General Construction,Unknown,Clear/Unknown,6,Monday,55.45,Struck-by,1.0
Crane,General Construction,Unknown,Clear/Unknown,6,Monday,78.57,Struck-by,4.0
Truck,General Construction,Unknown,Clear/Unknown,6,Tuesday,48.99,Electrocution,1.0
Truck,Operating,Unknown,Clear/Unknown,6,Wednesday,48.3,Struck-by,1.0
Excavator,Excavation,Unknown,Clear/Unknown,6,Thursday,36.45,Caught-in,1.0
Truck,General Construction,Unknown,Clear/Unknown,6,Thursday,55.45,Struck-by,1.0
Truck,Operating,Unknown,Clear/Unknown,6,Thursday,32.43,Contact-with,1.0
Dump Truck,Loading/Unloading,Unknown,Clear/Unknown,6,Saturday,34.16,Fall,1.0
Truck,General Construction,Unknown,Clear/Unknown,6,Monday,43.86,Fall,1.0
Truck,Loading/Unloading,Unknown,Clear/Unknown,6,Tuesday,50.92,Fall,1.0
Truck,Loading/Unloading,Unknown,Clear/Unknown,6,Wednesday,30.88,Other,1.0
Truck,Operating,Unknown,Clear/Unknown,6,Wednesday,48.3,Struck-by,1.0
Truck,Setup/Positioning,Unknown,Clear/Unknown,6,Thursday,64.0,Caught-in,3.0
Truck,Loading/Unloading,Unknown,Clear/Unknown,6,Thursday,50.92,Fall,1.0
Truck,Loading/Unloading,Unknown,Clear/Unknown,6,Saturday,50.92,Fall,1.0
Forklift,General Construction,Unknown,Clear/Unknown,6,Saturday,46.43,Struck-by,1.0
Forklift,General Construction,Unknown,Heat,6,Monday,35.06,Other,1.0
Forklift,General Construction,Unknown,Clear/Unknown,6,Tuesday,46.43,Struck-by,1.0
Loader,General Construction,Unknown,Clear/Unknown,6,Tuesday,43.45,Struck-by,1.0
Dump Truck,Maintenance,Unknown,Clear/Unknown,6,Wednesday,39.22,Struck-by,1.0
Excavator,Loading/Unloading,Unknown,Clear/Unknown,6,Thursday,40.95,Struck-by,1.0
Aerial Lift,General Construction,Unknown,Clear/Unknown,6,Thursday,33.05,Fall,1.0
Truck,General Construction,Unknown,Clear/Unknown,6,Friday,47.19,Caught-in,1.0
Excavator,General Construction,Unknown,Clear/Unknown,6,Friday,42.1,Tip-over,1.0
Backhoe,General Construction,Unknown,Clear/Unknown,6,Monday,39.83,Struck-by,1.0
Bulldozer,General Construction,Unknown,Clear/Unknown,6,Monday,25.71,Pinch-Point,1.0
Backhoe,General Construction,Unknown,Clear/Unknown,6,Monday,39.83,Struck-by,1.0
Truck,Loading/Unloading,Unknown,Clear/Unknown,6,Tuesday,80.52,Struck-by,4.0
Excavator,General Construction,Unknown,Clear/Unknown,6,Wednesday,67.36,Struck-by,3.0
Truck,General Construction,Unknown,Clear/Unknown,6,Wednesday,33.33,Contact-with,1.0
Truck,General Construction,Unknown,Clear/Unknown,6,Wednesday,43.86,Fall,1.0
Loader,General Construction,Unknown,Clear/Unknown,6,Wednesday,69.9,Caught-in,4.0
Truck,General Construction,Unknown,Heat,6,Wednesday,43.47,Other,1.0
Loader,General Construction,Unknown,Clear/Unknown,6,Thursday,58.9,Caught-in,3.0
Truck,General Construction,Unknown,Clear/Unknown,7,Friday,41.43,Burns,1.0
Truck,Loading/Unloading,Unknown,Clear/Unknown,7,Friday,50.92,Fall,1.0
Forklift,Loading/Unloading,Unknown,Clear/Unknown,7,Tuesday,42.67,Struck-by,1.0
Truck,Loading/Unloading,Unknown,Clear/Unknown,7,Thursday,50.92,Fall,1.0
Truck,General Construction,Unknown,Clear/Unknown,7,Thursday,43.86,Fall,1.0
Truck,Loading/Unloading,Unknown,Clear/Unknown,7,Friday,50.92,Fall,1.0
Excavator,Loading/Unloading,Unknown,Clear/Unknown,7,Monday,34.84,Fall,1.0
Forklift,General Construction,Unknown,Clear/Unknown,7,Tuesday,46.43,Struck-by,1.0
Forklift,General Construction,Unknown,Clear/Unknown,7,Tuesday,46.43,Struck-by,1.0
Loader,General Construction,Unknown,Clear/Unknown,7,Tuesday,43.45,Struck-by,1.0
Truck,Operating,Unknown,Clear/Unknown,7,Tuesday,48.3,Struck-by,1.0
Truck,Loading/Unloading,Unknown,Clear/Unknown,7,Wednesday,50.92,Fall,1.0
Loader,General Construction,Unknown,Clear/Unknown,7,Wednesday,36.9,Caught-in,1.0
Crane,Loading/Unloading,Unknown,Clear/Unknown,7,Thursday,26.32,Other,1.0
Truck,Setup/Positioning,Unknown,Clear/Unknown,7,Thursday,46.31,Struck-by,1.0
Truck,Operating,Unknown,Clear/Unknown,7,Friday,48.3,Struck-by,1.0
Dump Truck,Loading/Unloading,Unknown,Clear/Unknown,7,Friday,39.34,Struck-by,1.0
Truck,Loading/Unloading,Unknown,Clear/Unknown,7,Friday,50.92,Fall,1.0
Roller,General Construction,Unknown,Clear/Unknown,7,Friday,41.97,Tip-over,1.0
Backhoe,General Construction,Unknown,Clear/Unknown,7,Saturday,57.04,Caught-in,3.0
Roller,General Construction,Unknown,Clear/Unknown,7,Saturday,28.06,Pinch-Point,1.0
Crane,General Construction,Unknown,Clear/Unknown,7,Monday,45.57,Struck-by,1.0
Truck,Loading/Unloading,Unknown,Clear/Unknown,7,Tuesday,50.92,Fall,1.0
Crane,General Construction,Unknown,Clear/Unknown,7,Tuesday,45.57,Struck-by,1.0
Loader,Loading/Unloading,Unknown,Clear/Unknown,7,Wednesday,40.06,Struck-by,1.0
Crane,Loading/Unloading,Unknown,Clear/Unknown,7,Wednesday,43.83,Struck-by,1.0
Forklift,Loading/Unloading,Unknown,Clear/Unknown,7,Wednesday,42.67,Struck-by,1.0
Bulldozer,Excavation,Unknown,Clear/Unknown,7,Wednesday,37.22,Struck-by,1.0
Aerial Lift,General Construction,Unknown,Clear/Unknown,7,Thursday,40.79,Electrocution,1.0
Truck,General Construction,Unknown,Clear/Unknown,7,Thursday,43.86,Fall,1.0
Roller,General Construction,Unknown,Clear/Unknown,7,Friday,58.79,Caught-in,3.0
Excavator,General Construction,Unknown,Clear/Unknown,7,Monday,34.68,Fall,1.0
Truck,General Construction,Unknown,Clear/Unknown,7,Tuesday,55.45,Struck-by,1.0
Backhoe,Loading/Unloading,Unknown,Clear/Unknown,7,Tuesday,38.96,Struck-by,1.0
Truck,Loading/Unloading,Unknown,Clear/Unknown,7,Wednesday,47.52,Struck-by,1.0
Backhoe,Excavation,Unknown,Clear/Unknown,7,Wednesday,34.83,Caught-in,1.0
Crane,Loading/Unloading,Unknown,Clear/Unknown,7,Wednesday,43.83,Struck-by,1.0
Crane,General Construction,Unknown,Clear/Unknown,7,Wednesday,45.57,Struck-by,1.0
Aerial Lift,Operating,Unknown,Clear/Unknown,7,Friday,72.7,Electrocution,4.0
Truck,General Construction,Unknown,Clear/Unknown,7,Friday,55.45,Struck-by,1.0
Aerial Lift,General Construction,Unknown,Wind,8,Monday,68.51,Struck-by,1.0
Concrete Pump,General Construction,Unknown,Clear/Unknown,8,Tuesday,40.58,Struck-by,1.0
Truck,Loading/Unloading,Unknown,Clear/Unknown,8,Wednesday,50.92,Fall,1.0
Dump Truck,Operating,Unknown,Clear/Unknown,8,Thursday,39.38,Struck-by,1.0
Forklift,General Construction,Unknown,Clear/Unknown,8,Friday,68.43,Struck-by,3.0
Forklift,Loading/Unloading,Unknown,Clear/Unknown,8,Monday,42.67,Struck-by,1.0
Forklift,Loading/Unloading,Unknown,Clear/Unknown,8,Monday,37.54,Fall,1.0
Excavator,General Construction,Unknown,Clear/Unknown,8,Tuesday,42.1,Tip-over,1.0
Excavator,General Construction,Unknown,Clear/Unknown,8,Tuesday,37.29,Caught-in,1.0
Backhoe,Excavation,Unknown,Clear/Unknown,8,Friday,34.83,Caught-in,1.0
Truck,General Construction,Unknown,Clear/Unknown,8,Friday,55.45,Struck-by,1.0
Forklift,Loading/Unloading,Unknown,Clear/Unknown,8,Saturday,42.67,Struck-by,1.0
Truck,General Construction,Unknown,Clear/Unknown,8,Saturday,69.19,Caught-in,3.0
Aerial Lift,Operating,Unknown,Clear/Unknown,8,Monday,39.7,Electrocution,1.0
Excavator,Operating,Unknown,Clear/Unknown,8,Tuesday,40.61,Struck-by,1.0
Truck,Setup/Positioning,Unknown,Clear/Unknown,8,Tuesday,46.31,Struck-by,1.0
Aerial Lift,General Construction,Unknown,Clear/Unknown,8,Wednesday,25.07,Contact-with,1.0
Truck,Operating,Unknown,Clear/Unknown,8,Thursday,48.3,Struck-by,1.0
Truck,Loading/Unloading,Unknown,Clear/Unknown,8,Sunday,50.92,Fall,1.0
Paver,General Construction,Unknown,Clear/Unknown,8,Monday,39.32,Electrocution,1.0
Truck,General Construction,Evening,Heat,8,Tuesday,89.07,Electrocution,1.0
Excavator,Loading/Unloading,Unknown,Clear/Unknown,8,Wednesday,58.36,Caught-in,3.0
Excavator,General Construction,Afternoon,Clear/Unknown,8,Wednesday,34.68,Fall,1.0
Truck,General Construction,Unknown,Clear/Unknown,8,Thursday,55.45,Struck-by,1.0
Crane,Loading/Unloading,Unknown,Clear/Unknown,8,Thursday,43.83,Struck-by,1.0
Crane,General Construction,Unknown,Clear/Unknown,8,Friday,40.14,Caught-in,1.0
Crane,General Construction,Unknown,Clear/Unknown,8,Friday,45.57,Struck-by,1.0
Crane,Loading/Unloading,Unknown,Clear/Unknown,8,Monday,38.65,Fall,1.0
Truck,General Construction,Unknown,Clear/Unknown,8,Tuesday,33.33,Contact-with,1.0
Loader,Excavation,Unknown,Clear/Unknown,8,Tuesday,39.69,Struck-by,1.0
Truck,Operating,Unknown,Clear/Unknown,8,Tuesday,48.3,Struck-by,1.0
Loader,Loading/Unloading,Unknown,Clear/Unknown,8,Tuesday,40.06,Struck-by,1.0
Truck,Operating,Unknown,Clear/Unknown,9,Tuesday,75.31,Caught-in,4.0
Truck,General Construction,Unknown,Clear/Unknown,9,Wednesday,69.19,Caught-in,3.0
Truck,General Construction,Unknown,Clear/Unknown,9,Wednesday,66.45,Struck-by,2.0
Loader,Operating,Unknown,Clear/Unknown,9,Wednesday,40.44,Struck-by,1.0
Truck,Loading/Unloading,Unknown,Clear/Unknown,9,Thursday,42.96,Caught-in,1.0
Dump Truck,General Construction,Unknown,Clear/Unknown,9,Thursday,57.71,Caught-in,3.0
Dump Truck,General Construction,Unknown,Clear/Unknown,9,Thursday,40.34,Struck-by,1.0
Roller,General Construction,Unknown,Clear/Unknown,9,Thursday,40.17,Struck-by,1.0
Truck,Loading/Unloading,Unknown,Clear/Unknown,9,Thursday,30.88,Other,1.0
Truck,Loading/Unloading,Unknown,Heat,9,Friday,69.43,Fall,1.0
Truck,Maintenance,Unknown,Clear/Unknown,9,Saturday,41.93,Caught-in,1.0
Forklift,General Construction,Unknown,Clear/Unknown,9,Monday,46.43,Struck-by,1.0
Truck,General Construction,Unknown,Clear/Unknown,9,Tuesday,48.99,Electrocution,1.0
Crane,Operating,Unknown,Clear/Unknown,9,Tuesday,41.97,Struck-by,1.0
Truck,General Construction,Unknown,Clear/Unknown,9,Tuesday,67.82,Pinch-Point,4.0
Aerial Lift,General Construction,Unknown,Clear/Unknown,9,Wednesday,40.79,Electrocution,1.0
Crane,General Construction,Unknown,Clear/Unknown,9,Wednesday,45.57,Struck-by,1.0
Loader,General Construction,Unknown,Clear/Unknown,9,Thursday,43.45,Struck-by,1.0
Aerial Lift,Operating,Unknown,Clear/Unknown,9,Thursday,32.86,Fall,1.0
Truck,General Construction,Unknown,Clear/Unknown,9,Friday,34.82,Pinch-Point,1.0
Truck,Loading/Unloading,Unknown,Clear/Unknown,9,Friday,50.92,Fall,1.0
Forklift,General Construction,Unknown,Clear/Unknown,9,Friday,46.43,Struck-by,1.0
Paver,General Construction,Unknown,Clear/Unknown,9,Monday,22.83,Other,1.0
Truck,Operating,Unknown,Clear/Unknown,9,Tuesday,46.97,Electrocution,1.0
Excavator,Loading/Unloading,Unknown,Clear/Unknown,9,Thursday,40.95,Struck-by,1.0
Backhoe,General Construction,Unknown,Clear/Unknown,9,Thursday,23.34,Other,1.0
Truck,Loading/Unloading,Unknown,Clear/Unknown,9,Thursday,64.96,Caught-in,3.0
Crane,General Construction,Unknown,Clear/Unknown,9,Thursday,73.14,Caught-in,4.0
Truck,General Construction,Unknown,Clear/Unknown,9,Thursday,47.19,Caught-in,1.0
Dump Truck,Loading/Unloading,Unknown,Clear/Unknown,9,Thursday,35.37,Caught-in,1.0
Truck,General Construction,Unknown,Clear/Unknown,9,Friday,48.99,Electrocution,1.0
Dump Truck,Loading/Unloading,Unknown,Clear/Unknown,9,Friday,34.16,Fall,1.0
Excavator,General Construction,Unknown,Clear/Unknown,9,Friday,45.36,Struck-by,1.0
Truck,General Construction,Unknown,Clear/Unknown,9,Saturday,55.45,Struck-by,1.0
Truck,General Construction,Unknown,Clear/Unknown,9,Saturday,47.19,Caught-in,1.0
Loader,Excavation,Unknown,Clear/Unknown,9,Saturday,41.49,Tip-over,1.0
Forklift,General Construction,Unknown,Clear/Unknown,9,Monday,46.43,Struck-by,1.0
Bulldozer,General Construction,Unknown,Clear/Unknown,9,Tuesday,31.54,Fall,1.0
Pile Driver,General Construction,Unknown,Clear/Unknown,9,Tuesday,37.53,Struck-by,1.0
Truck,General Construction,Unknown,Clear/Unknown,9,Wednesday,47.19,Caught-in,1.0
Loader,General Construction,Unknown,Clear/Unknown,9,Wednesday,43.45,Struck-by,1.0
Truck,General Construction,Unknown,Clear/Unknown,9,Friday,48.58,Tip-over,1.0
Truck,Operating,Unknown,Clear/Unknown,10,Monday,48.3,Struck-by,1.0
Excavator,Operating,Unknown,Clear/Unknown,10,Monday,40.61,Struck-by,1.0
Roller,General Construction,Unknown,Clear/Unknown,10,Monday,58.79,Caught-in,3.0
Forklift,General Construction,Unknown,Clear/Unknown,10,Tuesday,57.43,Struck-by,2.0
Excavator,General Construction,Unknown,Clear/Unknown,10,Tuesday,45.36,Struck-by,1.0
Truck,General Construction,Unknown,Clear/Unknown,10,Wednesday,55.45,Struck-by,1.0
Backhoe,General Construction,Unknown,Clear/Unknown,10,Wednesday,39.83,Struck-by,1.0
Aerial Lift,General Construction,Unknown,Clear/Unknown,10,Thursday,45.33,Other,3.0
Truck,General Construction,Unknown,Clear/Unknown,10,Monday,55.45,Struck-by,1.0
Forklift,General Construction,Unknown,Clear/Unknown,10,Monday,41.99,Electrocution,1.0
Forklift,Loading/Unloading,Unknown,Clear/Unknown,10,Monday,37.54,Fall,1.0
Truck,Operating,Unknown,Clear/Unknown,10,Monday,48.3,Struck-by,1.0
Forklift,Loading/Unloading,Unknown,Clear/Unknown,10,Tuesday,37.54,Fall,1.0
Truck,Loading/Unloading,Unknown,Clear/Unknown,10,Tuesday,50.92,Fall,1.0
Forklift,Loading/Unloading,Unknown,Clear/Unknown,10,Tuesday,37.54,Fall,1.0
Loader,Excavation,Unknown,Clear/Unknown,10,Tuesday,39.69,Struck-by,1.0
Backhoe,General Construction,Unknown,Clear/Unknown,10,Wednesday,27.16,Pinch-Point,1.0
Dump Truck,General Construction,Unknown,Clear/Unknown,10,Thursday,40.44,Electrocution,1.0
Forklift,General Construction,Unknown,Clear/Unknown,10,Friday,46.43,Struck-by,1.0
Loader,General Construction,Unknown,Clear/Unknown,10,Friday,43.45,Struck-by,1.0
Crane,General Construction,Unknown,Clear/Unknown,10,Monday,45.57,Struck-by,1.0
Dump Truck,General Construction,Unknown,Clear/Unknown,10,Monday,33.48,Fall,1.0
Truck,Loading/Unloading,Unknown,Clear/Unknown,10,Monday,50.92,Fall,1.0
Crane,Loading/Unloading,Unknown,Clear/Unknown,10,Monday,38.77,Caught-in,1.0
Loader,Mounting/Dismounting,Unknown,Clear/Unknown,10,Tuesday,33.76,Fall,1.0
Truck,Loading/Unloading,Unknown,Clear/Unknown,10,Tuesday,47.52,Struck-by,1.0
Backhoe,Loading/Unloading,Unknown,Clear/Unknown,10,Tuesday,56.89,Caught-in,3.0
Loader,General Construction,Unknown,Clear/Unknown,10,Tuesday,28.14,Pinch-Point,1.0
Loader,Loading/Unloading,Unknown,Clear/Unknown,10,Wednesday,34.44,Fall,1.0
Excavator,General Construction,Unknown,Clear/Unknown,10,Friday,78.36,Struck-by,4.0
Forklift,Operating,Unknown,Clear/Unknown,10,Friday,41.8,Struck-by,1.0
Truck,Idling/Parked,Unknown,Wind,10,Friday,79.08,Struck-by,1.0
Truck,General Construction,Afternoon,Clear/Unknown,10,Monday,66.45,Struck-by,2.0
Crane,General Construction,Unknown,Clear/Unknown,10,Monday,73.14,Caught-in,4.0
Excavator,General Construction,Unknown,Clear/Unknown,10,Tuesday,24.96,Other,1.0
Truck,General Construction,Unknown,Clear/Unknown,10,Tuesday,31.88,Other,1.0
Excavator,General Construction,Unknown,Clear/Unknown,10,Wednesday,70.29,Caught-in,4.0
Crane,General Construction,Unknown,Clear/Unknown,10,Thursday,62.14,Caught-in,3.0
Loader,General Construction,Unknown,Clear/Unknown,10,Thursday,43.45,Struck-by,1.0
Forklift,Loading/Unloading,Unknown,Clear/Unknown,10,Thursday,42.67,Struck-by,1.0
Truck,Loading/Unloading,Unknown,Clear/Unknown,10,Thursday,47.52,Struck-by,1.0
Truck,Loading/Unloading,Unknown,Clear/Unknown,10,Thursday,47.52,Struck-by,1.0
Backhoe,General Construction,Unknown,Clear/Unknown,10,Friday,39.83,Struck-by,1.0
Truck,Loading/Unloading,Unknown,Clear/Unknown,10,Saturday,50.92,Fall,1.0
Loader,General Construction,Unknown,Wind,10,Monday,100.0,Struck-by,3.0
Truck,Loading/Unloading,Unknown,Clear/Unknown,10,Monday,50.92,Fall,1.0
Truck,Maintenance,Unknown,Clear/Unknown,11,Tuesday,67.85,Struck-by,3.0
Backhoe,Operating,Unknown,Clear/Unknown,11,Tuesday,56.79,Caught-in,3.0
Truck,Operating,Unknown,Clear/Unknown,11,Wednesday,48.3,Struck-by,1.0
Forklift,General Construction,Unknown,Clear/Unknown,11,Thursday,46.43,Struck-by,1.0
Backhoe,Loading/Unloading,Unknown,Clear/Unknown,11,Thursday,32.96,Fall,1.0
Truck,General Construction,Unknown,Clear/Unknown,11,Friday,55.45,Struck-by,1.0
Truck,General Construction,Unknown,Clear/Unknown,11,Saturday,48.58,Tip-over,1.0
Truck,Setup/Positioning,Unknown,Clear/Unknown,11,Wednesday,46.31,Struck-by,1.0
Roller,General Construction,Unknown,Clear/Unknown,11,Thursday,41.97,Tip-over,1.0
Forklift,Loading/Unloading,Unknown,Clear/Unknown,11,Sunday,37.36,Caught-in,1.0
Truck,Loading/Unloading,Unknown,Clear/Unknown,11,Tuesday,50.92,Fall,1.0
Excavator,Excavation,Unknown,Clear/Unknown,11,Wednesday,41.05,Struck-by,1.0
Loader,Maintenance,Unknown,Clear/Unknown,11,Wednesday,35.72,Caught-in,1.0
Truck,General Construction,Unknown,Clear/Unknown,11,Wednesday,41.43,Burns,1.0
Truck,General Construction,Unknown,Clear/Unknown,11,Thursday,33.33,Contact-with,1.0
Crane,General Construction,Unknown,Heat,11,Friday,54.74,Caught-in,1.0
Backhoe,General Construction,Unknown,Clear/Unknown,11,Friday,39.83,Struck-by,1.0
Forklift,General Construction,Unknown,Clear/Unknown,11,Monday,60.57,Caught-in,3.0
Truck,General Construction,Unknown,Clear/Unknown,11,Wednesday,47.19,Caught-in,1.0
Truck,Loading/Unloading,Unknown,Clear/Unknown,11,Monday,50.92,Fall,1.0
Forklift,Mounting/Dismounting,Unknown,Clear/Unknown,11,Monday,34.96,Fall,1.0
Backhoe,General Construction,Unknown,Clear/Unknown,11,Tuesday,39.83,Struck-by,1.0
Crane,General Construction,Unknown,Clear/Unknown,11,Tuesday,54.16,Electrocution,2.0
Truck,Loading/Unloading,Unknown,Clear/Unknown,11,Wednesday,50.92,Fall,1.0
Loader,General Construction,Unknown,Clear/Unknown,12,Thursday,58.9,Caught-in,3.0
Forklift,General Construction,Unknown,Clear/Unknown,12,Friday,46.43,Struck-by,1.0
Truck,General Construction,Unknown,Clear/Unknown,12,Saturday,43.86,Fall,1.0
Truck,Operating,Unknown,Clear/Unknown,12,Monday,48.3,Struck-by,1.0
Truck,General Construction,Unknown,Clear/Unknown,12,Tuesday,69.19,Caught-in,3.0
Crane,Loading/Unloading,Unknown,Clear/Unknown,12,Tuesday,71.77,Caught-in,4.0
Truck,General Construction,Unknown,Clear/Unknown,12,Wednesday,69.19,Caught-in,3.0
Truck,General Construction,Unknown,Clear/Unknown,12,Friday,55.45,Struck-by,1.0
Crane,General Construction,Unknown,Clear/Unknown,12,Saturday,45.57,Struck-by,1.0
Excavator,General Construction,Unknown,Clear/Unknown,12,Monday,59.29,Caught-in,3.0
Loader,General Construction,Unknown,Clear/Unknown,12,Tuesday,43.45,Struck-by,1.0
Truck,Loading/Unloading,Unknown,Clear/Unknown,12,Tuesday,50.92,Fall,1.0
Truck,General Construction,Unknown,Clear/Unknown,12,Tuesday,55.45,Struck-by,1.0
Excavator,General Construction,Unknown,Clear/Unknown,12,Wednesday,37.29,Caught-in,1.0
Concrete Mixer,General Construction,Unknown,Clear/Unknown,12,Wednesday,25.78,Other,1.0
Truck,General Construction,Unknown,Clear/Unknown,12,Thursday,80.19,Caught-in,4.0
Truck,General Construction,Unknown,Snow/Ice,12,Thursday,91.71,Fall,1.0
Truck,General Construction,Unknown,Clear/Unknown,12,Thursday,48.58,Tip-over,1.0
Loader,Operating,Unknown,Rain,12,Thursday,58.82,Struck-by,1.0
Truck,General Construction,Unknown,Clear/Unknown,12,Monday,34.82,Pinch-Point,1.0
Truck,General Construction,Unknown,Clear/Unknown,12,Tuesday,77.45,Struck-by,3.0
Roller,General Construction,Unknown,Clear/Unknown,12,Wednesday,63.97,Tip-over,3.0
Crane,General Construction,Unknown,Clear/Unknown,12,Thursday,78.57,Struck-by,4.0
Truck,Loading/Unloading,Unknown,Clear/Unknown,12,Thursday,50.92,Fall,1.0
Forklift,Operating,Unknown,Clear/Unknown,12,Tuesday,35.12,Fall,1.0
Loader,Operating,Unknown,Clear/Unknown,12,Thursday,40.44,Struck-by,1.0
Excavator,Operating,Unknown,Clear/Unknown,12,Thursday,40.61,Struck-by,1.0
Truck,General Construction,Unknown,Clear/Unknown,12,Saturday,47.19,Caught-in,1.0
Truck,Loading/Unloading,Unknown,Clear/Unknown,1,Tuesday,42.96,Caught-in,1.0
Truck,Loading/Unloading,Unknown,Clear/Unknown,1,Tuesday,50.92,Fall,1.0
Forklift,Operating,Unknown,Clear/Unknown,1,Wednesday,41.8,Struck-by,1.0
Crane,General Construction,Unknown,Clear/Unknown,1,Thursday,45.57,Struck-by,1.0
Forklift,Loading/Unloading,Unknown,Clear/Unknown,1,Friday,42.67,Struck-by,1.0
Crane,General Construction,Unknown,Clear/Unknown,1,Monday,78.57,Struck-by,4.0
Crane,Setup/Positioning,Unknown,Clear/Unknown,1,Monday,42.0,Struck-by,1.0
Truck,Loading/Unloading,Unknown,Clear/Unknown,1,Tuesday,50.92,Fall,1.0
Truck,Loading/Unloading,Unknown,Clear/Unknown,1,Thursday,50.92,Fall,1.0
Forklift,General Construction,Unknown,Clear/Unknown,1,Friday,79.43,Struck-by,4.0
Truck,General Construction,Unknown,Clear/Unknown,1,Tuesday,69.19,Caught-in,3.0
Excavator,General Construction,Unknown,Clear/Unknown,1,Tuesday,41.18,Electrocution,1.0
Truck,Loading/Unloading,Unknown,Clear/Unknown,1,Wednesday,64.96,Caught-in,3.0
Truck,General Construction,Unknown,Clear/Unknown,1,Thursday,55.45,Struck-by,1.0
Truck,General Construction,Unknown,Clear/Unknown,1,Thursday,55.45,Struck-by,1.0
Aerial Lift,General Construction,Unknown,Clear/Unknown,1,Monday,40.79,Electrocution,1.0
Truck,Loading/Unloading,Unknown,Clear/Unknown,1,Tuesday,50.92,Fall,1.0
Excavator,General Construction,Unknown,Clear/Unknown,1,Tuesday,45.36,Struck-by,1.0
Forklift,General Construction,Unknown,Muddy,1,Wednesday,67.53,Struck-by,1.0
Excavator,Loading/Unloading,Unknown,Clear/Unknown,1,Wednesday,34.92,Burns,1.0
Dump Truck,General Construction,Unknown,Clear/Unknown,1,Wednesday,35.71,Caught-in,1.0
Truck,Operating,Unknown,Clear/Unknown,1,Thursday,30.51,Other,1.0
Excavator,Excavation,Unknown,Clear/Unknown,1,Friday,41.05,Struck-by,1.0
Truck,Loading/Unloading,Unknown,Clear/Unknown,1,Sunday,50.92,Fall,1.0
Truck,Loading/Unloading,Unknown,Clear/Unknown,1,Monday,50.92,Fall,1.0
Truck,Loading/Unloading,Unknown,Clear/Unknown,1,Monday,50.92,Fall,1.0
Truck,Loading/Unloading,Unknown,Clear/Unknown,1,Monday,50.92,Fall,1.0
Crane,General Construction,Unknown,Clear/Unknown,1,Monday,45.57,Struck-by,1.0
Truck,General Construction,Unknown,Clear/Unknown,2,Wednesday,55.45,Struck-by,1.0
Forklift,Operating,Unknown,Clear/Unknown,2,Wednesday,63.8,Struck-by,3.0
Excavator,Loading/Unloading,Unknown,Clear/Unknown,2,Thursday,40.95,Struck-by,1.0
Truck,General Construction,Unknown,Clear/Unknown,2,Friday,77.45,Struck-by,3.0
Truck,General Construction,Unknown,Snow/Ice,2,Friday,100.0,Run-over,1.0
Crane,General Construction,Unknown,Clear/Unknown,2,Monday,62.14,Caught-in,3.0
Crane,Loading/Unloading,Unknown,Clear/Unknown,2,Tuesday,38.77,Caught-in,1.0
Loader,General Construction,Unknown,Clear/Unknown,2,Tuesday,43.45,Struck-by,1.0
Excavator,General Construction,Unknown,Clear/Unknown,2,Wednesday,59.29,Caught-in,3.0
Truck,General Construction,Unknown,Clear/Unknown,2,Friday,47.19,Caught-in,1.0
Loader,General Construction,Unknown,Clear/Unknown,2,Saturday,43.45,Struck-by,1.0
Bulldozer,General Construction,Unknown,Clear/Unknown,2,Tuesday,37.6,Struck-by,1.0
Truck,Loading/Unloading,Unknown,Clear/Unknown,2,Tuesday,64.96,Caught-in,3.0
Truck,General Construction,Unknown,Clear/Unknown,2,Wednesday,69.19,Caught-in,3.0
Excavator,General Construction,Unknown,Clear/Unknown,2,Wednesday,37.29,Caught-in,1.0
Dump Truck,General Construction,Unknown,Clear/Unknown,2,Saturday,68.71,Caught-in,4.0
Truck,Operating,Unknown,Clear/Unknown,2,Monday,34.2,Pinch-Point,1.0
Truck,Loading/Unloading,Unknown,Clear/Unknown,2,Tuesday,50.92,Fall,1.0
Forklift,General Construction,Unknown,Clear/Unknown,2,Tuesday,46.43,Struck-by,1.0
Backhoe,Loading/Unloading,Unknown,Clear/Unknown,2,Wednesday,56.89,Caught-in,3.0
Truck,General Construction,Unknown,Clear/Unknown,2,Wednesday,31.88,Other,1.0
Concrete Pump,General Construction,Unknown,Clear/Unknown,2,Thursday,40.58,Struck-by,1.0
Truck,General Construction,Unknown,Clear/Unknown,2,Thursday,47.19,Caught-in,1.0
Excavator,General Construction,Unknown,Clear/Unknown,2,Saturday,67.36,Struck-by,3.0
Loader,General Construction,Unknown,Clear/Unknown,2,Monday,43.45,Struck-by,1.0
Truck,General Construction,Unknown,Clear/Unknown,2,Tuesday,55.45,Struck-by,1.0
Forklift,General Construction,Unknown,Clear/Unknown,3,Wednesday,46.43,Struck-by,1.0
Dump Truck,General Construction,Unknown,Clear/Unknown,3,Thursday,68.71,Caught-in,4.0
Truck,General Construction,Unknown,Clear/Unknown,3,Thursday,47.19,Caught-in,1.0
Roller,General Construction,Unknown,Clear/Unknown,3,Friday,58.79,Caught-in,3.0
Truck,Loading/Unloading,Unknown,Clear/Unknown,3,Friday,47.52,Struck-by,1.0
Truck,General Construction,Unknown,Clear/Unknown,3,Monday,47.19,Caught-in,1.0
Loader,Operating,Unknown,Clear/Unknown,3,Wednesday,40.44,Struck-by,1.0
Backhoe,Operating,Unknown,Clear/Unknown,3,Thursday,38.71,Struck-by,1.0
Dump Truck,Loading/Unloading,Unknown,Wind,3,Thursday,59.0,Fall,1.0
Truck,Loading/Unloading,Unknown,Clear/Unknown,3,Friday,50.92,Fall,1.0
Forklift,General Construction,Unknown,Clear/Unknown,3,Monday,25.71,Other,1.0
Forklift,Operating,Unknown,Clear/Unknown,3,Wednesday,41.8,Struck-by,1.0
Truck,General Construction,Unknown,Clear/Unknown,3,Wednesday,55.45,Struck-by,1.0
Excavator,General Construction,Unknown,Clear/Unknown,3,Wednesday,45.36,Struck-by,1.0
Excavator,General Construction,Unknown,Clear/Unknown,3,Monday,34.68,Fall,1.0
Loader,General Construction,Unknown,Clear/Unknown,3,Monday,34.04,Fall,1.0
Truck,Loading/Unloading,Unknown,Clear/Unknown,3,Monday,47.52,Struck-by,1.0
Truck,General Construction,Unknown,Clear/Unknown,3,Tuesday,69.19,Caught-in,3.0
Forklift,Loading/Unloading,Unknown,Clear/Unknown,3,Wednesday,37.54,Fall,1.0
Crane,Loading/Unloading,Unknown,Clear/Unknown,3,Thursday,43.83,Struck-by,1.0
Loader,General Construction,Unknown,Clear/Unknown,3,Friday,76.45,Struck-by,4.0
Aerial Lift,General Construction,Unknown,Clear/Unknown,3,Friday,23.33,Other,1.0
Crane,General Construction,Unknown,Clear/Unknown,3,Monday,62.14,Caught-in,3.0
Truck,General Construction,Unknown,Clear/Unknown,3,Monday,41.43,Burns,1.0
Truck,General Construction,Unknown,Clear/Unknown,3,Monday,55.45,Struck-by,1.0
Forklift,Loading/Unloading,Unknown,Clear/Unknown,3,Tuesday,37.54,Fall,1.0
Truck,General Construction,Unknown,Clear/Unknown,3,Thursday,55.45,Struck-by,1.0
Truck,Operating,Unknown,Clear/Unknown,3,Thursday,32.43,Contact-with,1.0
Truck,General Construction,Unknown,Clear/Unknown,3,Friday,55.45,Struck-by,1.0
Truck,Loading/Unloading,Unknown,Clear/Unknown,4,Saturday,50.92,Fall,1.0
Truck,General Construction,Unknown,Clear/Unknown,4,Monday,48.58,Tip-over,1.0
Aerial Lift,General Construction,Unknown,Clear/Unknown,4,Tuesday,40.79,Electrocution,1.0
Excavator,General Construction,Unknown,Clear/Unknown,4,Wednesday,24.96,Other,1.0
Loader,General Construction,Unknown,Clear/Unknown,4,Thursday,43.45,Struck-by,1.0
Aerial Lift,General Construction,Unknown,Clear/Unknown,4,Monday,39.66,Struck-by,1.0
Crane,General Construction,Unknown,Clear/Unknown,4,Tuesday,45.57,Struck-by,1.0
Truck,General Construction,Unknown,Clear/Unknown,4,Thursday,55.45,Struck-by,1.0
Truck,Loading/Unloading,Unknown,Clear/Unknown,4,Thursday,61.92,Fall,2.0
Truck,Loading/Unloading,Unknown,Clear/Unknown,4,Thursday,50.92,Fall,1.0
Backhoe,General Construction,Unknown,Clear/Unknown,4,Thursday,39.83,Struck-by,1.0
Crane,Setup/Positioning,Unknown,Clear/Unknown,4,Thursday,71.06,Caught-in,4.0
Truck,General Construction,Unknown,Clear/Unknown,4,Friday,48.58,Tip-over,1.0
Truck,Setup/Positioning,Unknown,Clear/Unknown,4,Friday,46.31,Struck-by,1.0
Truck,Loading/Unloading,Unknown,Clear/Unknown,4,Monday,50.92,Fall,1.0
Forklift,General Construction,Unknown,Clear/Unknown,4,Monday,57.62,Fall,3.0
Truck,Loading/Unloading,Unknown,Clear/Unknown,4,Tuesday,50.92,Fall,1.0
Excavator,Excavation,Unknown,Clear/Unknown,4,Tuesday,41.05,Struck-by,1.0
Dump Truck,General Construction,Unknown,Muddy,4,Wednesday,90.67,Struck-by,3.0
Forklift,Loading/Unloading,Unknown,Clear/Unknown,4,Wednesday,37.54,Fall,1.0
Excavator,General Construction,Unknown,Clear/Unknown,4,Friday,38.06,Collision,1.0
Forklift,General Construction,Unknown,Clear/Unknown,4,Monday,60.57,Caught-in,3.0
Crane,General Construction,Unknown,Clear/Unknown,4,Monday,26.38,Other,1.0
Truck,General Construction,Unknown,Clear/Unknown,4,Tuesday,69.19,Caught-in,3.0
Bulldozer,Loading/Unloading,Unknown,Clear/Unknown,4,Thursday,31.57,Fall,1.0
Crane,Loading/Unloading,Unknown,Clear/Unknown,4,Thursday,38.65,Fall,1.0
Truck,General Construction,Unknown,Clear/Unknown,4,Thursday,48.58,Tip-over,1.0
Truck,General Construction,Unknown,Clear/Unknown,4,Friday,55.45,Struck-by,1.0
Aerial Lift,General Construction,Unknown,Clear/Unknown,5,Monday,40.79,Electrocution,1.0
Truck,General Construction,Unknown,Clear/Unknown,5,Tuesday,44.11,Collision,1.0
Truck,General Construction,Unknown,Clear/Unknown,5,Tuesday,69.19,Caught-in,3.0
Truck,Operating,Unknown,Clear/Unknown,5,Tuesday,48.3,Struck-by,1.0
Truck,General Construction,Unknown,Clear/Unknown,5,Tuesday,55.45,Struck-by,1.0
Truck,General Construction,Unknown,Clear/Unknown,5,Tuesday,55.45,Struck-by,1.0
Crane,General Construction,Unknown,Clear/Unknown,5,Saturday,36.16,Fall,1.0
Forklift,General Construction,Unknown,Clear/Unknown,5,Sunday,46.43,Struck-by,1.0
Bulldozer,General Construction,Unknown,Clear/Unknown,5,Sunday,22.17,Other,1.0
Aerial Lift,General Construction,Unknown,Clear/Unknown,5,Monday,33.05,Fall,1.0
Crane,General Construction,Unknown,Clear/Unknown,5,Monday,62.14,Caught-in,3.0
Excavator,Excavation,Unknown,Clear/Unknown,5,Tuesday,41.05,Struck-by,1.0
Truck,General Construction,Unknown,Clear/Unknown,5,Tuesday,55.45,Struck-by,1.0
Forklift,General Construction,Unknown,Clear/Unknown,5,Wednesday,46.43,Struck-by,1.0
Truck,General Construction,Unknown,Clear/Unknown,5,Wednesday,48.99,Electrocution,1.0
Truck,General Construction,Unknown,Clear/Unknown,5,Wednesday,43.86,Fall,1.0
Crane,General Construction,Unknown,Clear/Unknown,5,Thursday,67.57,Struck-by,3.0
Crane,Loading/Unloading,Unknown,Clear/Unknown,5,Thursday,43.83,Struck-by,1.0
Truck,General Construction,Unknown,Clear/Unknown,5,Friday,41.43,Burns,1.0
Loader,Mounting/Dismounting,Unknown,Clear/Unknown,5,Friday,24.14,Other,1.0
Truck,General Construction,Unknown,Clear/Unknown,5,Friday,55.45,Struck-by,1.0
Loader,General Construction,Unknown,Clear/Unknown,5,Monday,43.45,Struck-by,1.0
Excavator,Maintenance,Unknown,Clear/Unknown,5,Wednesday,40.02,Struck-by,1.0
Loader,General Construction,Unknown,Clear/Unknown,5,Wednesday,43.45,Struck-by,1.0
Truck,Loading/Unloading,Unknown,Clear/Unknown,5,Thursday,50.92,Fall,1.0
Truck,Loading/Unloading,Unknown,Clear/Unknown,5,Thursday,48.02,Tip-over,1.0
Forklift,General Construction,Unknown,Clear/Unknown,5,Friday,46.43,Struck-by,1.0
Crane,General Construction,Unknown,Clear/Unknown,5,Sunday,73.14,Caught-in,4.0
Truck,General Construction,Unknown,Clear/Unknown,5,Tuesday,80.19,Caught-in,4.0
Crane,Loading/Unloading,Unknown,Clear/Unknown,5,Tuesday,38.77,Caught-in,1.0
Truck,General Construction,Unknown,Clear/Unknown,5,Wednesday,49.94,Run-over,1.0
Truck,General Construction,Unknown,Clear/Unknown,6,Thursday,34.82,Pinch-Point,1.0
Dump Truck,General Construction,Unknown,Clear/Unknown,6,Thursday,40.34,Struck-by,1.0
Truck,Loading/Unloading,Unknown,Clear/Unknown,6,Thursday,47.52,Struck-by,1.0
Truck,General Construction,Unknown,Clear/Unknown,6,Thursday,55.45,Struck-by,1.0
Truck,General Construction,Unknown,Clear/Unknown,6,Friday,33.33,Contact-with,1.0
Crane,Loading/Unloading,Unknown,Clear/Unknown,6,Friday,43.83,Struck-by,1.0
Truck,General Construction,Unknown,Clear/Unknown,6,Friday,55.45,Struck-by,1.0
Roller,General Construction,Unknown,Clear/Unknown,6,Saturday,36.79,Caught-in,1.0
Excavator,General Construction,Unknown,Clear/Unknown,6,Saturday,59.29,Caught-in,3.0
Truck,General Construction,Unknown,Clear/Unknown,6,Monday,49.94,Run-over,1.0
Truck,Loading/Unloading,Unknown,Clear/Unknown,6,Monday,50.92,Fall,1.0
Truck,Loading/Unloading,Unknown,Clear/Unknown,6,Monday,50.92,Fall,1.0
Excavator,General Construction,Unknown,Clear/Unknown,6,Wednesday,78.36,Struck-by,4.0
Dump Truck,Loading/Unloading,Unknown,Clear/Unknown,6,Friday,39.34,Struck-by,1.0
Forklift,Loading/Unloading,Unknown,Clear/Unknown,6,Friday,37.54,Fall,1.0
Truck,General Construction,Unknown,Clear/Unknown,6,Monday,55.45,Struck-by,1.0
Excavator,General Construction,Unknown,Clear/Unknown,6,Tuesday,45.36,Struck-by,1.0
Loader,Loading/Unloading,Unknown,Clear/Unknown,6,Tuesday,34.44,Fall,1.0
Truck,Operating,Unknown,Clear/Unknown,6,Tuesday,34.2,Pinch-Point,1.0
Truck,General Construction,Unknown,Clear/Unknown,6,Tuesday,43.86,Fall,1.0
Trencher,Excavation,Unknown,Clear/Unknown,6,Tuesday,40.03,Tip-over,1.0
Truck,Operating,Unknown,Clear/Unknown,6,Wednesday,44.08,Collision,1.0
Truck,General Construction,Unknown,Clear/Unknown,6,Thursday,69.19,Caught-in,3.0
Truck,Maintenance,Unknown,Clear/Unknown,6,Thursday,40.81,Burns,1.0
Truck,General Construction,Unknown,Clear/Unknown,6,Friday,43.86,Fall,1.0
Crane,Loading/Unloading,Unknown,Clear/Unknown,6,Friday,76.83,Struck-by,4.0
Loader,Operating,Unknown,Clear/Unknown,6,Monday,37.7,Collision,1.0
Truck,General Construction,Unknown,Clear/Unknown,6,Monday,53.88,Other,3.0
Forklift,Loading/Unloading,Unknown,Clear/Unknown,6,Tuesday,37.54,Fall,1.0
Forklift,Loading/Unloading,Unknown,Clear/Unknown,6,Wednesday,37.54,Fall,1.0
Loader,General Construction,Unknown,Clear/Unknown,6,Wednesday,43.45,Struck-by,1.0
Forklift,General Construction,Unknown,Clear/Unknown,6,Friday,38.57,Caught-in,1.0
Truck,Operating,Unknown,Clear/Unknown,6,Friday,48.3,Struck-by,1.0
Bulldozer,General Construction,Unknown,Clear/Unknown,6,Saturday,22.17,Other,1.0
Truck,Loading/Unloading,Unknown,Clear/Unknown,6,Tuesday,50.92,Fall,1.0
Truck,General Construction,Unknown,Clear/Unknown,6,Tuesday,55.45,Struck-by,1.0
Truck,Loading/Unloading,Unknown,Clear/Unknown,6,Tuesday,50.92,Fall,1.0
Crane,General Construction,Unknown,Clear/Unknown,6,Wednesday,45.57,Struck-by,1.0
Aerial Lift,General Construction,Unknown,Clear/Unknown,6,Wednesday,23.33,Other,1.0
Truck,Loading/Unloading,Unknown,Clear/Unknown,6,Wednesday,50.92,Fall,1.0
Truck,General Construction,Unknown,Clear/Unknown,6,Wednesday,34.82,Pinch-Point,1.0
Crane,General Construction,Unknown,Clear/Unknown,6,Wednesday,62.14,Caught-in,3.0
Forklift,General Construction,Unknown,Clear/Unknown,6,Thursday,46.43,Struck-by,1.0
Forklift,Operating,Unknown,Clear/Unknown,6,Thursday,37.05,Caught-in,1.0
Crane,General Construction,Unknown,Clear/Unknown,6,Thursday,45.57,Struck-by,1.0
Crane,Loading/Unloading,Unknown,Clear/Unknown,6,Friday,60.77,Caught-in,3.0
Crane,Loading/Unloading,Unknown,Clear/Unknown,7,Monday,38.65,Fall,1.0
Forklift,General Construction,Unknown,Clear/Unknown,7,Wednesday,46.43,Struck-by,1.0
Roller,Loading/Unloading,Unknown,Clear/Unknown,7,Wednesday,34.03,Fall,1.0
Truck,General Construction,Unknown,Clear/Unknown,7,Friday,48.99,Electrocution,1.0
Truck,Idling/Parked,Unknown,Clear/Unknown,7,Friday,70.42,Back-over,3.0
Forklift,General Construction,Unknown,Clear/Unknown,7,Saturday,46.43,Struck-by,1.0
Truck,General Construction,Unknown,Clear/Unknown,7,Saturday,69.19,Caught-in,3.0
Aerial Lift,General Construction,Unknown,Clear/Unknown,7,Monday,40.79,Electrocution,1.0
Loader,Operating,Unknown,Clear/Unknown,7,Monday,40.44,Struck-by,1.0
Aerial Lift,General Construction,Unknown,Heat,7,Tuesday,31.82,Other,1.0
Forklift,Operating,Unknown,Clear/Unknown,7,Tuesday,35.12,Fall,1.0
Loader,General Construction,Unknown,Clear/Unknown,7,Tuesday,43.45,Struck-by,1.0
Crane,Loading/Unloading,Unknown,Clear/Unknown,7,Thursday,53.72,Electrocution,2.0
Crane,Loading/Unloading,Unknown,Clear/Unknown,7,Monday,38.65,Fall,1.0
Truck,General Construction,Unknown,Clear/Unknown,7,Monday,69.19,Caught-in,3.0
Truck,General Construction,Unknown,Clear/Unknown,7,Tuesday,69.19,Caught-in,3.0
Truck,General Construction,Unknown,Clear/Unknown,7,Tuesday,55.45,Struck-by,1.0
Forklift,General Construction,Unknown,Clear/Unknown,7,Thursday,29.69,Pinch-Point,1.0
Crane,Loading/Unloading,Unknown,Clear/Unknown,7,Saturday,38.65,Fall,1.0
Truck,Loading/Unloading,Unknown,Clear/Unknown,7,Monday,47.52,Struck-by,1.0
Concrete Pump,General Construction,Unknown,Clear/Unknown,7,Monday,69.82,Caught-in,4.0
Excavator,General Construction,Unknown,Clear/Unknown,7,Monday,45.36,Struck-by,1.0
Truck,General Construction,Unknown,Clear/Unknown,7,Monday,43.86,Fall,1.0
Crane,Loading/Unloading,Unknown,Clear/Unknown,7,Tuesday,38.65,Fall,1.0
Crane,General Construction,Unknown,Clear/Unknown,7,Wednesday,40.14,Caught-in,1.0
Forklift,General Construction,Unknown,Clear/Unknown,7,Thursday,46.43,Struck-by,1.0
Dump Truck,General Construction,Unknown,Clear/Unknown,7,Thursday,45.91,Other,3.0
Forklift,General Construction,Unknown,Clear/Unknown,7,Thursday,68.43,Struck-by,3.0
Excavator,General Construction,Unknown,Clear/Unknown,7,Thursday,45.36,Struck-by,1.0
Aerial Lift,General Construction,Unknown,Clear/Unknown,7,Friday,34.98,Caught-in,1.0
Truck,General Construction,Unknown,Clear/Unknown,7,Friday,47.19,Caught-in,1.0
Truck,General Construction,Unknown,Clear/Unknown,7,Monday,69.19,Caught-in,3.0
Dump Truck,General Construction,Unknown,Clear/Unknown,8,Wednesday,84.34,Struck-by,5.0
Forklift,General Construction,Unknown,Clear/Unknown,8,Wednesday,71.57,Caught-in,4.0
Truck,General Construction,Unknown,Clear/Unknown,8,Wednesday,43.86,Fall,1.0
Roller,General Construction,Unknown,Clear/Unknown,8,Thursday,40.17,Struck-by,1.0
Truck,Loading/Unloading,Unknown,Clear/Unknown,8,Friday,50.92,Fall,1.0
Crane,General Construction,Unknown,Clear/Unknown,8,Saturday,45.57,Struck-by,1.0
Truck,Loading/Unloading,Unknown,Clear/Unknown,8,Monday,47.52,Struck-by,1.0
Forklift,Loading/Unloading,Unknown,Clear/Unknown,8,Tuesday,37.36,Caught-in,1.0
Truck,General Construction,Unknown,Clear/Unknown,8,Tuesday,55.45,Struck-by,1.0
Concrete Pump,General Construction,Unknown,Clear/Unknown,8,Tuesday,69.82,Caught-in,4.0
Truck,Operating,Unknown,Clear/Unknown,8,Tuesday,48.3,Struck-by,1.0
Concrete Mixer,General Construction,Unknown,Clear/Unknown,8,Wednesday,37.64,Caught-in,1.0
Truck,General Construction,Unknown,Clear/Unknown,8,Wednesday,69.19,Caught-in,3.0
Truck,General Construction,Unknown,Clear/Unknown,8,Thursday,77.45,Struck-by,3.0
Roller,General Construction,Unknown,Clear/Unknown,8,Friday,36.79,Caught-in,1.0
Loader,General Construction,Unknown,Clear/Unknown,8,Monday,65.45,Struck-by,3.0
Truck,Operating,Unknown,Clear/Unknown,8,Monday,48.3,Struck-by,1.0
Truck,General Construction,Unknown,Clear/Unknown,8,Tuesday,55.45,Struck-by,1.0
Truck,Loading/Unloading,Unknown,Clear/Unknown,8,Wednesday,50.92,Fall,1.0
Truck,General Construction,Unknown,Clear/Unknown,8,Wednesday,47.19,Caught-in,1.0
Backhoe,General Construction,Unknown,Clear/Unknown,8,Wednesday,47.14,Contact-with,3.0
Loader,General Construction,Unknown,Clear/Unknown,8,Wednesday,43.45,Struck-by,1.0
Forklift,General Construction,Unknown,Clear/Unknown,8,Thursday,71.57,Caught-in,4.0
Crane,Loading/Unloading,Unknown,Clear/Unknown,8,Friday,43.83,Struck-by,1.0
Loader,Excavation,Unknown,Clear/Unknown,8,Friday,39.69,Struck-by,1.0
Truck,General Construction,Unknown,Clear/Unknown,8,Monday,43.86,Fall,1.0
Aerial Lift,Operating,Unknown,Clear/Unknown,8,Tuesday,72.7,Electrocution,4.0
Truck,General Construction,Unknown,Clear/Unknown,8,Tuesday,69.19,Caught-in,3.0
Forklift,General Construction,Unknown,Clear/Unknown,8,Wednesday,46.43,Struck-by,1.0
Truck,Operating,Unknown,Clear/Unknown,8,Wednesday,64.31,Caught-in,3.0
Loader,Operating,Unknown,Clear/Unknown,8,Thursday,37.7,Collision,1.0
Truck,Loading/Unloading,Unknown,Clear/Unknown,8,Thursday,50.92,Fall,1.0
Roller,Operating,Unknown,Clear/Unknown,8,Friday,68.76,Caught-in,4.0
Forklift,General Construction,Unknown,Clear/Unknown,8,Tuesday,60.57,Caught-in,3.0
Loader,General Construction,Unknown,Clear/Unknown,8,Tuesday,43.45,Struck-by,1.0
Truck,Loading/Unloading,Unknown,Clear/Unknown,8,Wednesday,64.96,Caught-in,3.0
Dump Truck,General Construction,Unknown,Clear/Unknown,8,Thursday,62.34,Struck-by,3.0
Aerial Lift,Loading/Unloading,Unknown,Clear/Unknown,9,Monday,34.2,Fall,1.0
Truck,General Construction,Unknown,Clear/Unknown,9,Tuesday,55.45,Struck-by,1.0
Dump Truck,General Construction,Unknown,Clear/Unknown,9,Wednesday,35.71,Caught-in,1.0
Crane,General Construction,Unknown,Clear/Unknown,9,Friday,36.59,Burns,1.0
Backhoe,General Construction,Unknown,Clear/Unknown,9,Friday,39.83,Struck-by,1.0
Truck,Loading/Unloading,Unknown,Clear/Unknown,9,Tuesday,50.92,Fall,1.0
Bulldozer,General Construction,Unknown,Clear/Unknown,9,Tuesday,37.6,Struck-by,1.0
Forklift,Loading/Unloading,Unknown,Clear/Unknown,9,Wednesday,42.67,Struck-by,1.0
Truck,General Construction,Unknown,Clear/Unknown,9,Wednesday,48.99,Electrocution,1.0
Forklift,Maintenance,Evening,Clear/Unknown,9,Saturday,62.1,Tip-over,1.0
Roller,General Construction,Unknown,Clear/Unknown,9,Saturday,41.97,Tip-over,1.0
Aerial Lift,General Construction,Unknown,Clear/Unknown,9,Monday,40.79,Electrocution,1.0
Truck,Operating,Unknown,Clear/Unknown,9,Tuesday,47.71,Tip-over,1.0
Truck,General Construction,Unknown,Clear/Unknown,9,Tuesday,49.94,Run-over,1.0
Crane,Loading/Unloading,Unknown,Clear/Unknown,9,Wednesday,38.65,Fall,1.0
Truck,General Construction,Unknown,Clear/Unknown,9,Wednesday,55.45,Struck-by,1.0
Aerial Lift,Loading/Unloading,Unknown,Clear/Unknown,9,Wednesday,23.05,Other,1.0
Truck,General Construction,Unknown,Clear/Unknown,9,Thursday,43.86,Fall,1.0
Loader,General Construction,Unknown,Clear/Unknown,9,Friday,28.14,Pinch-Point,1.0
Crane,Loading/Unloading,Unknown,Clear/Unknown,9,Friday,60.77,Caught-in,3.0
Concrete Pump,General Construction,Unknown,Clear/Unknown,9,Friday,34.71,Fall,1.0
Truck,Maintenance,Unknown,Clear/Unknown,9,Saturday,32.46,Contact-with,1.0
Roller,General Construction,Unknown,Clear/Unknown,9,Saturday,58.79,Caught-in,3.0
Crane,General Construction,Unknown,Clear/Unknown,9,Sunday,45.57,Struck-by,1.0
Forklift,Loading/Unloading,Unknown,Clear/Unknown,9,Wednesday,37.54,Fall,1.0
Dump Truck,General Construction,Unknown,Clear/Unknown,9,Wednesday,57.71,Caught-in,3.0
Crane,Loading/Unloading,Unknown,Clear/Unknown,9,Wednesday,65.83,Struck-by,3.0
Concrete Mixer,General Construction,Unknown,Clear/Unknown,9,Thursday,35.34,Fall,1.0
Truck,Operating,Unknown,Clear/Unknown,9,Thursday,49.57,Run-over,1.0
Crane,General Construction,Unknown,Clear/Unknown,9,Friday,62.14,Caught-in,3.0
Truck,General Construction,Unknown,Clear/Unknown,10,Tuesday,48.58,Tip-over,1.0
Crane,Loading/Unloading,Unknown,Clear/Unknown,10,Tuesday,71.77,Caught-in,4.0
Truck,Loading/Unloading,Unknown,Clear/Unknown,10,Wednesday,47.52,Struck-by,1.0
Crane,General Construction,Unknown,Clear/Unknown,10,Wednesday,43.16,Electrocution,1.0
Forklift,General Construction,Unknown,Clear/Unknown,10,Thursday,38.57,Caught-in,1.0
Loader,General Construction,Unknown,Clear/Unknown,10,Friday,41.58,Tip-over,1.0
Truck,General Construction,Unknown,Muddy,10,Friday,63.8,Fall,1.0
Forklift,Loading/Unloading,Unknown,Clear/Unknown,10,Sunday,37.54,Fall,1.0
Forklift,General Construction,Unknown,Clear/Unknown,10,Monday,43.16,Tip-over,1.0
Excavator,General Construction,Unknown,Clear/Unknown,10,Monday,45.36,Struck-by,1.0
Truck,Operating,Unknown,Clear/Unknown,10,Wednesday,48.3,Struck-by,1.0
Truck,General Construction,Unknown,Clear/Unknown,10,Wednesday,43.86,Fall,1.0
Loader,General Construction,Unknown,Clear/Unknown,10,Thursday,36.9,Caught-in,1.0
Loader,General Construction,Unknown,Clear/Unknown,10,Thursday,43.45,Struck-by,1.0
Crane,Loading/Unloading,Unknown,Clear/Unknown,10,Saturday,38.65,Fall,1.0
Forklift,General Construction,Unknown,Clear/Unknown,10,Tuesday,46.43,Struck-by,1.0
Truck,Loading/Unloading,Unknown,Clear/Unknown,10,Wednesday,50.92,Fall,1.0
Truck,General Construction,Unknown,Clear/Unknown,10,Thursday,55.45,Struck-by,1.0
Loader,Loading/Unloading,Unknown,Clear/Unknown,10,Friday,34.44,Fall,1.0
Truck,Loading/Unloading,Unknown,Clear/Unknown,10,Sunday,50.92,Fall,1.0
Truck,General Construction,Unknown,Clear/Unknown,10,Monday,48.58,Tip-over,1.0
Excavator,General Construction,Unknown,Clear/Unknown,10,Monday,78.36,Struck-by,4.0
Bulldozer,Maintenance,Unknown,Clear/Unknown,10,Tuesday,39.15,Tip-over,1.0
Truck,Loading/Unloading,Unknown,Clear/Unknown,10,Tuesday,50.92,Fall,1.0
Truck,General Construction,Unknown,Clear/Unknown,10,Wednesday,47.19,Caught-in,1.0
Crane,General Construction,Unknown,Clear/Unknown,10,Thursday,45.57,Struck-by,1.0
Truck,General Construction,Unknown,Clear/Unknown,10,Thursday,55.45,Struck-by,1.0
Truck,General Construction,Unknown,Clear/Unknown,10,Monday,31.88,Other,1.0
Excavator,Operating,Unknown,Clear/Unknown,10,Tuesday,40.61,Struck-by,1.0
Forklift,Loading/Unloading,Unknown,Clear/Unknown,10,Tuesday,42.67,Struck-by,1.0
Loader,Operating,Unknown,Clear/Unknown,10,Tuesday,35.78,Caught-in,1.0
Truck,General Construction,Unknown,Clear/Unknown,11,Wednesday,55.45,Struck-by,1.0
Truck,General Construction,Unknown,Clear/Unknown,11,Thursday,55.45,Struck-by,1.0
Truck,General Construction,Unknown,Clear/Unknown,11,Thursday,47.19,Caught-in,1.0
Truck,General Construction,Unknown,Clear/Unknown,11,Thursday,48.58,Tip-over,1.0
Truck,General Construction,Unknown,Clear/Unknown,11,Friday,55.45,Struck-by,1.0
Truck,General Construction,Unknown,Clear/Unknown,11,Friday,69.19,Caught-in,3.0
Forklift,Operating,Unknown,Clear/Unknown,11,Saturday,41.8,Struck-by,1.0
Bulldozer,Loading/Unloading,Unknown,Clear/Unknown,11,Saturday,31.57,Fall,1.0
Truck,General Construction,Unknown,Clear/Unknown,11,Monday,55.45,Struck-by,1.0
Forklift,General Construction,Unknown,Clear/Unknown,11,Tuesday,46.43,Struck-by,1.0
Truck,Loading/Unloading,Unknown,Clear/Unknown,11,Wednesday,50.92,Fall,1.0
Truck,Operating,Unknown,Clear/Unknown,11,Wednesday,48.3,Struck-by,1.0
Truck,General Construction,Unknown,Clear/Unknown,11,Thursday,80.19,Caught-in,4.0
Truck,General Construction,Unknown,Clear/Unknown,11,Friday,55.45,Struck-by,1.0
Dump Truck,Loading/Unloading,Unknown,Clear/Unknown,11,Saturday,39.34,Struck-by,1.0
Truck,Loading/Unloading,Unknown,Clear/Unknown,11,Tuesday,61.92,Fall,2.0
Excavator,Operating,Unknown,Clear/Unknown,11,Tuesday,40.61,Struck-by,1.0
Truck,General Construction,Unknown,Clear/Unknown,11,Thursday,69.19,Caught-in,3.0
Loader,General Construction,Unknown,Clear/Unknown,11,Thursday,34.04,Fall,1.0
Truck,Loading/Unloading,Unknown,Clear/Unknown,11,Thursday,42.96,Caught-in,1.0
Dump Truck,Loading/Unloading,Unknown,Clear/Unknown,11,Friday,37.23,Collision,1.0
Crane,General Construction,Unknown,Clear/Unknown,11,Friday,45.57,Struck-by,1.0
Truck,General Construction,Unknown,Clear/Unknown,11,Friday,55.45,Struck-by,1.0
Forklift,General Construction,Unknown,Clear/Unknown,11,Saturday,38.57,Caught-in,1.0
Loader,General Construction,Unknown,Clear/Unknown,11,Monday,34.04,Fall,1.0
Crane,Loading/Unloading,Unknown,Clear/Unknown,11,Monday,38.65,Fall,1.0
Truck,General Construction,Unknown,Clear/Unknown,11,Monday,55.45,Struck-by,1.0
Excavator,Loading/Unloading,Unknown,Clear/Unknown,11,Tuesday,40.95,Struck-by,1.0
Truck,General Construction,Unknown,Clear/Unknown,11,Tuesday,77.45,Struck-by,3.0
Excavator,Loading/Unloading,Unknown,Clear/Unknown,11,Monday,40.95,Struck-by,1.0
Truck,General Construction,Unknown,Clear/Unknown,11,Tuesday,48.58,Tip-over,1.0
Truck,General Construction,Unknown,Clear/Unknown,11,Wednesday,43.86,Fall,1.0
Truck,General Construction,Unknown,Clear/Unknown,11,Thursday,55.45,Struck-by,1.0
Crane,General Construction,Unknown,Clear/Unknown,11,Thursday,36.16,Fall,1.0
Truck,General Construction,Unknown,Clear/Unknown,11,Thursday,48.58,Tip-over,1.0
Dump Truck,General Construction,Unknown,Clear/Unknown,12,Friday,37.23,Collision,1.0
Truck,Operating,Unknown,Clear/Unknown,12,Friday,42.31,Caught-in,1.0
Truck,General Construction,Unknown,Clear/Unknown,12,Friday,47.19,Caught-in,1.0
Excavator,Loading/Unloading,Unknown,Clear/Unknown,12,Friday,34.84,Fall,1.0
Crane,General Construction,Unknown,Clear/Unknown,12,Saturday,45.57,Struck-by,1.0
Forklift,General Construction,Unknown,Clear/Unknown,12,Monday,71.57,Caught-in,4.0
Truck,General Construction,Unknown,Clear/Unknown,12,Monday,47.19,Caught-in,1.0
Forklift,Loading/Unloading,Unknown,Clear/Unknown,12,Monday,37.54,Fall,1.0
Truck,General Construction,Unknown,Clear/Unknown,12,Tuesday,33.33,Contact-with,1.0
Forklift,General Construction,Unknown,Clear/Unknown,12,Wednesday,43.16,Tip-over,1.0
Backhoe,Excavation,Unknown,Clear/Unknown,12,Thursday,49.8,Struck-by,2.0
Excavator,Excavation,Unknown,Clear/Unknown,12,Thursday,41.05,Struck-by,1.0
Truck,General Construction,Unknown,Clear/Unknown,12,Thursday,43.86,Fall,1.0
Excavator,Excavation,Unknown,Clear/Unknown,12,Thursday,34.28,Fall,1.0
Crane,General Construction,Unknown,Clear/Unknown,12,Friday,40.14,Caught-in,1.0
Truck,General Construction,Unknown,Clear/Unknown,12,Friday,48.58,Tip-over,1.0
Dump Truck,Loading/Unloading,Unknown,Clear/Unknown,12,Friday,34.16,Fall,1.0
Loader,Operating,Unknown,Clear/Unknown,12,Saturday,40.72,Electrocution,1.0
Roller,General Construction,Unknown,Clear/Unknown,12,Monday,24.18,Other,1.0
Forklift,Loading/Unloading,Unknown,Clear/Unknown,12,Monday,42.67,Struck-by,1.0
Truck,Loading/Unloading,Unknown,Clear/Unknown,12,Tuesday,32.43,Contact-with,1.0
Roller,General Construction,Unknown,Clear/Unknown,12,Tuesday,41.97,Tip-over,1.0
Truck,General Construction,Unknown,Clear/Unknown,12,Wednesday,69.19,Caught-in,3.0
Excavator,Loading/Unloading,Unknown,Clear/Unknown,12,Thursday,34.84,Fall,1.0
Excavator,General Construction,Unknown,Clear/Unknown,12,Saturday,45.36,Struck-by,1.0
Crane,Loading/Unloading,Unknown,Clear/Unknown,12,Monday,38.65,Fall,1.0
Crane,General Construction,Unknown,Clear/Unknown,12,Tuesday,45.57,Struck-by,1.0
Truck,General Construction,Unknown,Clear/Unknown,12,Wednesday,43.86,Fall,1.0
Crane,General Construction,Unknown,Clear/Unknown,12,Thursday,45.57,Struck-by,1.0
Forklift,Idling/Parked,Unknown,Clear/Unknown,12,Thursday,40.74,Struck-by,1.0
Loader,General Construction,Unknown,Clear/Unknown,12,Friday,43.45,Run-over,1.0
Loader,General Construction,Unknown,Clear/Unknown,12,Tuesday,65.45,Struck-by,3.0
Truck,General Construction,Unknown,Clear/Unknown,12,Tuesday,41.43,Burns,1.0
Crane,Loading/Unloading,Unknown,Clear/Unknown,12,Wednesday,43.83,Struck-by,1.0
Crane,Loading/Unloading,Unknown,Clear/Unknown,12,Thursday,38.65,Fall,1.0
Truck,General Construction,Unknown,Clear/Unknown,12,Friday,47.19,Caught-in,1.0
Truck,General Construction,Unknown,Clear/Unknown,12,Friday,47.19,Caught-in,1.0
Crane,Operating,Unknown,Clear/Unknown,1,Tuesday,57.98,Fall,3.0
Excavator,Excavation,Unknown,Clear/Unknown,1,Tuesday,36.45,Caught-in,1.0
Truck,Loading/Unloading,Unknown,Clear/Unknown,1,Tuesday,42.96,Caught-in,1.0
Truck,Setup/Positioning,Unknown,Clear/Unknown,1,Wednesday,64.0,Caught-in,3.0
Truck,Loading/Unloading,Unknown,Clear/Unknown,1,Thursday,50.92,Fall,1.0
Forklift,Loading/Unloading,Unknown,Clear/Unknown,1,Thursday,59.36,Caught-in,3.0
Truck,General Construction,Unknown,Clear/Unknown,1,Thursday,55.45,Struck-by,1.0
Forklift,General Construction,Unknown,Clear/Unknown,1,Friday,46.43,Struck-by,1.0
Excavator,Operating,Unknown,Muddy,1,Friday,59.07,Struck-by,1.0
Backhoe,General Construction,Unknown,Clear/Unknown,1,Sunday,39.83,Struck-by,1.0
Crane,Setup/Positioning,Unknown,Clear/Unknown,1,Monday,42.0,Struck-by,1.0
Excavator,General Construction,Unknown,Clear/Unknown,1,Tuesday,67.36,Struck-by,3.0
Roller,General Construction,Unknown,Clear/Unknown,1,Tuesday,40.17,Struck-by,1.0
Excavator,Excavation,Unknown,Clear/Unknown,1,Wednesday,34.28,Fall,1.0
Truck,General Construction,Unknown,Clear/Unknown,1,Wednesday,48.99,Electrocution,1.0
Crane,General Construction,Unknown,Clear/Unknown,1,Thursday,43.16,Electrocution,1.0
Excavator,General Construction,Unknown,Clear/Unknown,1,Thursday,45.36,Struck-by,1.0
Crane,Loading/Unloading,Unknown,Clear/Unknown,1,Thursday,71.77,Caught-in,4.0
Truck,Loading/Unloading,Unknown,Clear/Unknown,1,Monday,42.96,Caught-in,1.0
Forklift,Loading/Unloading,Unknown,Clear/Unknown,1,Monday,37.54,Fall,1.0
Crane,General Construction,Unknown,Clear/Unknown,1,Monday,45.57,Struck-by,1.0
Crane,Loading/Unloading,Unknown,Clear/Unknown,1,Tuesday,38.65,Fall,1.0
Forklift,General Construction,Unknown,Clear/Unknown,1,Wednesday,35.62,Fall,1.0
Aerial Lift,General Construction,Unknown,Clear/Unknown,1,Thursday,39.66,Struck-by,1.0
Loader,Loading/Unloading,Unknown,Clear/Unknown,1,Thursday,34.44,Fall,1.0
Backhoe,Loading/Unloading,Unknown,Clear/Unknown,1,Saturday,32.96,Fall,1.0
Forklift,General Construction,Unknown,Clear/Unknown,1,Monday,46.43,Struck-by,1.0
Truck,General Construction,Unknown,Clear/Unknown,1,Monday,41.43,Burns,1.0
Forklift,General Construction,Unknown,Clear/Unknown,1,Tuesday,46.43,Struck-by,1.0
Forklift,Maintenance,Unknown,Clear/Unknown,1,Tuesday,40.8,Struck-by,1.0
Loader,General Construction,Unknown,Clear/Unknown,1,Tuesday,36.9,Caught-in,1.0
Truck,General Construction,Unknown,Clear/Unknown,1,Wednesday,55.45,Struck-by,1.0
Excavator,General Construction,Unknown,Clear/Unknown,1,Thursday,45.36,Struck-by,1.0
Excavator,General Construction,Unknown,Clear/Unknown,1,Thursday,45.36,Struck-by,1.0
Forklift,General Construction,Unknown,Clear/Unknown,1,Tuesday,46.43,Struck-by,1.0
Truck,Operating,Unknown,Clear/Unknown,1,Tuesday,64.31,Caught-in,3.0
Crane,General Construction,Unknown,Clear/Unknown,1,Wednesday,45.57,Struck-by,1.0
Aerial Lift,Loading/Unloading,Unknown,Clear/Unknown,2,Friday,34.2,Fall,1.0
Crane,Loading/Unloading,Unknown,Clear/Unknown,2,Monday,60.77,Caught-in,3.0
Aerial Lift,General Construction,Unknown,Clear/Unknown,2,Monday,39.66,Struck-by,1.0
Truck,General Construction,Unknown,Clear/Unknown,2,Tuesday,77.45,Struck-by,3.0
Forklift,Loading/Unloading,Night,Clear/Unknown,2,Tuesday,97.09,Fall,2.0
Truck,General Construction,Unknown,Clear/Unknown,2,Tuesday,55.45,Struck-by,1.0
Forklift,General Construction,Unknown,Clear/Unknown,2,Tuesday,46.43,Struck-by,1.0
Truck,Setup/Positioning,Unknown,Clear/Unknown,2,Friday,46.31,Struck-by,1.0
Truck,Loading/Unloading,Unknown,Clear/Unknown,2,Thursday,50.92,Fall,1.0
Backhoe,General Construction,Unknown,Clear/Unknown,2,Friday,39.83,Struck-by,1.0
Dump Truck,Loading/Unloading,Unknown,Clear/Unknown,2,Friday,39.34,Struck-by,1.0
Truck,General Construction,Unknown,Clear/Unknown,2,Friday,47.19,Caught-in,1.0
Crane,General Construction,Unknown,Clear/Unknown,2,Monday,45.57,Struck-by,1.0
Truck,Loading/Unloading,Unknown,Clear/Unknown,2,Monday,50.92,Fall,1.0
Forklift,General Construction,Unknown,Clear/Unknown,2,Tuesday,46.43,Struck-by,1.0
Loader,General Construction,Unknown,Clear/Unknown,2,Wednesday,43.45,Struck-by,1.0
Forklift,Operating,Unknown,Clear/Unknown,2,Thursday,41.8,Struck-by,1.0
Aerial Lift,General Construction,Unknown,Clear/Unknown,2,Friday,56.98,Caught-in,3.0
Crane,Operating,Unknown,Clear/Unknown,2,Monday,41.97,Struck-by,1.0
Forklift,Loading/Unloading,Unknown,Clear/Unknown,2,Monday,37.54,Fall,1.0
Crane,General Construction,Unknown,Clear/Unknown,2,Wednesday,62.14,Caught-in,3.0
Truck,Operating,Unknown,Clear/Unknown,3,Thursday,48.3,Struck-by,1.0
Loader,Excavation,Unknown,Clear/Unknown,3,Saturday,41.49,Tip-over,1.0
Roller,Maintenance,Unknown,Clear/Unknown,3,Monday,68.76,Caught-in,4.0
Truck,Operating,Unknown,Clear/Unknown,3,Monday,48.3,Struck-by,1.0
Bulldozer,General Construction,Unknown,Clear/Unknown,3,Monday,37.6,Struck-by,1.0
Truck,General Construction,Unknown,Clear/Unknown,3,Tuesday,47.19,Caught-in,1.0
Truck,Idling/Parked,Unknown,Clear/Unknown,3,Wednesday,34.17,Pinch-Point,1.0
Truck,Loading/Unloading,Unknown,Clear/Unknown,3,Wednesday,50.92,Fall,1.0
Truck,General Construction,Unknown,Clear/Unknown,3,Wednesday,47.19,Caught-in,1.0
Truck,Operating,Unknown,Clear/Unknown,3,Wednesday,48.3,Struck-by,1.0
Excavator,Operating,Unknown,Clear/Unknown,3,Wednesday,36.11,Caught-in,1.0
Bulldozer,General Construction,Unknown,Clear/Unknown,3,Monday,22.17,Other,1.0
Excavator,Excavation,Unknown,Clear/Unknown,3,Tuesday,34.28,Fall,1.0
Crane,Loading/Unloading,Unknown,Clear/Unknown,3,Tuesday,43.49,Tip-over,1.0
Truck,General Construction,Unknown,Clear/Unknown,3,Wednesday,33.33,Contact-with,1.0
Forklift,General Construction,Unknown,Clear/Unknown,3,Wednesday,46.43,Struck-by,1.0
Crane,Maintenance,Unknown,Clear/Unknown,3,Wednesday,37.84,Caught-in,1.0
Truck,General Construction,Unknown,Clear/Unknown,3,Thursday,55.45,Struck-by,1.0
Dump Truck,Loading/Unloading,Unknown,Clear/Unknown,3,Thursday,34.16,Fall,1.0
Forklift,Loading/Unloading,Unknown,Clear/Unknown,3,Thursday,29.25,Pinch-Point,1.0
Excavator,General Construction,Unknown,Clear/Unknown,3,Friday,24.96,Other,1.0
Truck,Operating,Unknown,Clear/Unknown,3,Friday,48.3,Struck-by,1.0
Crane,Loading/Unloading,Unknown,Clear/Unknown,3,Monday,38.65,Fall,1.0
Backhoe,General Construction,Unknown,Clear/Unknown,3,Tuesday,39.83,Struck-by,1.0
Aerial Lift,Mounting/Dismounting,Unknown,Clear/Unknown,3,Tuesday,32.65,Fall,1.0
Crane,Loading/Unloading,Unknown,Clear/Unknown,3,Tuesday,38.65,Fall,1.0
Forklift,General Construction,Unknown,Clear/Unknown,3,Tuesday,39.0,Collision,1.0
Truck,Loading/Unloading,Unknown,Clear/Unknown,3,Tuesday,50.92,Fall,1.0
Aerial Lift,Operating,Unknown,Clear/Unknown,3,Wednesday,32.86,Fall,1.0
Truck,General Construction,Unknown,Clear/Unknown,3,Thursday,44.11,Collision,1.0
Forklift,General Construction,Unknown,Clear/Unknown,3,Friday,46.43,Struck-by,1.0
Crane,General Construction,Unknown,Clear/Unknown,3,Tuesday,36.16,Fall,1.0
Forklift,Operating,Unknown,Clear/Unknown,3,Tuesday,41.8,Struck-by,1.0
Crane,General Construction,Unknown,Clear/Unknown,3,Tuesday,45.57,Struck-by,1.0
Crane,General Construction,Unknown,Clear/Unknown,3,Thursday,67.57,Struck-by,3.0
Crane,Setup/Positioning,Unknown,Clear/Unknown,3,Friday,26.13,Other,1.0
Truck,General Construction,Unknown,Clear/Unknown,3,Friday,69.19,Caught-in,3.0
Excavator,General Construction,Unknown,Clear/Unknown,4,Thursday,38.06,Collision,1.0
Dump Truck,General Construction,Unknown,Clear/Unknown,4,Thursday,40.34,Struck-by,1.0
Excavator,General Construction,Unknown,Clear/Unknown,4,Thursday,45.36,Struck-by,1.0
Truck,General Construction,Unknown,Clear/Unknown,4,Friday,55.45,Struck-by,1.0
Truck,Loading/Unloading,Unknown,Clear/Unknown,4,Friday,50.92,Fall,1.0
Truck,Loading/Unloading,Unknown,Clear/Unknown,4,Friday,47.52,Struck-by,1.0
Forklift,General Construction,Unknown,Clear/Unknown,4,Saturday,79.43,Struck-by,4.0
Excavator,Operating,Unknown,Clear/Unknown,4,Wednesday,38.0,Collision,1.0
Truck,General Construction,Unknown,Clear/Unknown,4,Wednesday,55.45,Struck-by,1.0
Crane,Loading/Unloading,Unknown,Clear/Unknown,4,Wednesday,26.32,Other,1.0
Excavator,General Construction,Unknown,Clear/Unknown,4,Thursday,45.36,Struck-by,1.0
Truck,Loading/Unloading,Unknown,Clear/Unknown,4,Friday,47.52,Struck-by,1.0
Truck,General Construction,Unknown,Clear/Unknown,4,Monday,43.86,Fall,1.0
Truck,Loading/Unloading,Unknown,Clear/Unknown,4,Wednesday,50.92,Fall,1.0
Roller,Operating,Unknown,Clear/Unknown,4,Wednesday,28.0,Pinch-Point,1.0
Truck,Loading/Unloading,Unknown,Clear/Unknown,4,Thursday,42.96,Caught-in,1.0
Truck,General Construction,Unknown,Clear/Unknown,4,Thursday,43.86,Fall,1.0
Loader,Operating,Unknown,Clear/Unknown,4,Thursday,40.72,Electrocution,1.0
Loader,General Construction,Unknown,Clear/Unknown,4,Friday,43.45,Struck-by,1.0
Truck,Loading/Unloading,Unknown,Clear/Unknown,4,Friday,50.92,Fall,1.0
Truck,General Construction,Unknown,Clear/Unknown,4,Friday,55.45,Struck-by,1.0
Truck,General Construction,Unknown,Clear/Unknown,4,Saturday,44.11,Collision,1.0
Crane,Loading/Unloading,Unknown,Clear/Unknown,4,Monday,43.83,Struck-by,1.0
Crane,Operating,Unknown,Clear/Unknown,4,Monday,41.97,Struck-by,1.0
Truck,General Construction,Unknown,Clear/Unknown,4,Monday,49.94,Run-over,1.0
Truck,General Construction,Unknown,Clear/Unknown,4,Monday,47.19,Caught-in,1.0
Crane,Loading/Unloading,Unknown,Clear/Unknown,4,Monday,60.77,Caught-in,3.0
Forklift,General Construction,Unknown,Clear/Unknown,4,Monday,68.43,Struck-by,3.0
Forklift,General Construction,Unknown,Clear/Unknown,4,Monday,71.57,Caught-in,4.0
Truck,Operating,Unknown,Clear/Unknown,4,Monday,32.43,Contact-with,1.0
Truck,Loading/Unloading,Unknown,Clear/Unknown,4,Tuesday,50.92,Fall,1.0
Roller,General Construction,Unknown,Clear/Unknown,4,Thursday,36.79,Caught-in,1.0
Truck,General Construction,Unknown,Clear/Unknown,4,Friday,80.19,Caught-in,4.0
Truck,Operating,Unknown,Clear/Unknown,4,Friday,48.3,Struck-by,1.0
Forklift,General Construction,Unknown,Clear/Unknown,4,Friday,46.43,Struck-by,1.0
Truck,General Construction,Unknown,Clear/Unknown,4,Monday,47.19,Caught-in,1.0
Truck,General Construction,Unknown,Clear/Unknown,4,Monday,88.45,Struck-by,4.0
Loader,Loading/Unloading,Unknown,Clear/Unknown,4,Monday,24.26,Other,1.0
Aerial Lift,General Construction,Unknown,Clear/Unknown,5,Tuesday,61.66,Struck-by,3.0
Truck,General Construction,Unknown,Clear/Unknown,5,Tuesday,43.86,Fall,1.0
Grader,General Construction,Unknown,Clear/Unknown,5,Wednesday,40.69,Run-over,1.0
Crane,Loading/Unloading,Unknown,Clear/Unknown,5,Wednesday,43.83,Struck-by,1.0
Truck,General Construction,Unknown,Clear/Unknown,5,Wednesday,59.99,Electrocution,2.0
Forklift,Loading/Unloading,Unknown,Clear/Unknown,5,Thursday,42.67,Struck-by,1.0
Forklift,General Construction,Unknown,Clear/Unknown,5,Thursday,60.57,Caught-in,3.0
Truck,General Construction,Unknown,Clear/Unknown,5,Thursday,88.45,Struck-by,4.0
Truck,General Construction,Unknown,Clear/Unknown,5,Friday,55.45,Struck-by,1.0
Truck,General Construction,Unknown,Clear/Unknown,5,Saturday,48.99,Electrocution,1.0
Forklift,General Construction,Unknown,Clear/Unknown,5,Saturday,29.69,Pinch-Point,1.0
Excavator,General Construction,Unknown,Clear/Unknown,5,Monday,34.68,Fall,1.0
Excavator,Excavation,Unknown,Clear/Unknown,5,Tuesday,41.85,Tip-over,1.0
Concrete Mixer,General Construction,Unknown,Clear/Unknown,5,Wednesday,70.64,Caught-in,4.0
Crane,Loading/Unloading,Unknown,Clear/Unknown,5,Friday,38.65,Fall,1.0
Truck,General Construction,Unknown,Clear/Unknown,5,Friday,55.45,Struck-by,1.0
Excavator,Operating,Unknown,Clear/Unknown,5,Monday,40.61,Struck-by,1.0
Truck,General Construction,Unknown,Clear/Unknown,5,Monday,55.45,Struck-by,1.0
Truck,Loading/Unloading,Unknown,Clear/Unknown,5,Monday,42.96,Caught-in,1.0
Excavator,Operating,Unknown,Clear/Unknown,5,Tuesday,40.61,Struck-by,1.0
Excavator,General Construction,Unknown,Clear/Unknown,5,Tuesday,45.36,Struck-by,1.0
Backhoe,General Construction,Unknown,Clear/Unknown,5,Thursday,61.83,Struck-by,3.0
Excavator,General Construction,Unknown,Clear/Unknown,5,Thursday,45.36,Struck-by,1.0
Truck,Loading/Unloading,Unknown,Clear/Unknown,5,Friday,50.92,Fall,1.0
Truck,General Construction,Unknown,Clear/Unknown,5,Friday,47.19,Caught-in,1.0
Truck,Setup/Positioning,Unknown,Clear/Unknown,5,Sunday,46.31,Struck-by,1.0
Forklift,Loading/Unloading,Unknown,Clear/Unknown,5,Monday,42.67,Struck-by,1.0
Truck,Operating,Unknown,Clear/Unknown,5,Monday,64.31,Caught-in,3.0
Truck,General Construction,Unknown,Clear/Unknown,5,Monday,80.19,Caught-in,4.0
Backhoe,General Construction,Unknown,Clear/Unknown,5,Monday,35.04,Caught-in,1.0
Truck,Loading/Unloading,Unknown,Clear/Unknown,5,Monday,50.92,Fall,1.0
Excavator,Operating,Unknown,Clear/Unknown,5,Tuesday,40.61,Struck-by,1.0
Crane,Loading/Unloading,Unknown,Clear/Unknown,5,Tuesday,60.77,Caught-in,3.0
Excavator,General Construction,Unknown,Clear/Unknown,5,Tuesday,45.36,Struck-by,1.0
Aerial Lift,General Construction,Unknown,Clear/Unknown,5,Tuesday,33.05,Fall,1.0
Roller,Operating,Unknown,Clear/Unknown,5,Friday,39.65,Struck-by,1.0
Truck,General Construction,Unknown,Clear/Unknown,5,Tuesday,43.86,Fall,1.0
Forklift,General Construction,Unknown,Clear/Unknown,5,Tuesday,43.16,Tip-over,1.0
Backhoe,General Construction,Unknown,Clear/Unknown,5,Wednesday,68.04,Caught-in,4.0
Crane,Maintenance,Unknown,Clear/Unknown,5,Wednesday,59.84,Caught-in,3.0
Truck,General Construction,Unknown,Clear/Unknown,5,Thursday,67.82,Pinch-Point,4.0
Excavator,General Construction,Unknown,Clear/Unknown,5,Thursday,59.29,Caught-in,3.0
Forklift,General Construction,Unknown,Clear/Unknown,6,Monday,46.43,Struck-by,1.0
Forklift,Operating,Unknown,Clear/Unknown,6,Tuesday,59.05,Caught-in,3.0
Forklift,Loading/Unloading,Unknown,Muddy,6,Tuesday,54.61,Fall,1.0
Truck,General Construction,Unknown,Clear/Unknown,6,Tuesday,77.45,Struck-by,3.0
Crane,Loading/Unloading,Unknown,Clear/Unknown,6,Wednesday,38.65,Fall,1.0
Crane,Loading/Unloading,Unknown,Clear/Unknown,6,Wednesday,76.83,Struck-by,4.0
Dump Truck,Loading/Unloading,Unknown,Clear/Unknown,6,Wednesday,34.16,Fall,1.0
Loader,General Construction,Unknown,Clear/Unknown,6,Friday,43.45,Run-over,1.0
Loader,General Construction,Unknown,Clear/Unknown,6,Friday,43.45,Struck-by,1.0
Loader,General Construction,Unknown,Clear/Unknown,6,Friday,43.45,Struck-by,1.0
Concrete Pump,Maintenance,Unknown,Clear/Unknown,6,Monday,40.48,Struck-by,1.0
Truck,Operating,Unknown,Clear/Unknown,6,Monday,55.08,Collision,2.0
Bulldozer,General Construction,Unknown,Clear/Unknown,6,Tuesday,37.6,Struck-by,1.0
Truck,General Construction,Unknown,Clear/Unknown,6,Wednesday,69.19,Caught-in,3.0
Forklift,Maintenance,Unknown,Clear/Unknown,6,Thursday,42.7,Tip-over,1.0
Truck,General Construction,Unknown,Clear/Unknown,6,Saturday,69.19,Caught-in,3.0
Roller,General Construction,Unknown,Clear/Unknown,6,Sunday,40.17,Struck-by,1.0
Crane,General Construction,Unknown,Clear/Unknown,6,Monday,45.57,Struck-by,1.0
Truck,Loading/Unloading,Unknown,Clear/Unknown,6,Monday,50.92,Fall,1.0
Loader,Setup/Positioning,Unknown,Clear/Unknown,6,Tuesday,37.61,Collision,1.0
Aerial Lift,General Construction,Unknown,Clear/Unknown,6,Wednesday,40.79,Electrocution,1.0
Forklift,General Construction,Unknown,Clear/Unknown,6,Wednesday,71.57,Caught-in,4.0
Roller,General Construction,Unknown,Clear/Unknown,6,Thursday,33.87,Fall,1.0
Forklift,Loading/Unloading,Unknown,Clear/Unknown,6,Thursday,42.67,Struck-by,1.0
Forklift,Loading/Unloading,Unknown,Clear/Unknown,6,Thursday,59.36,Caught-in,3.0
Truck,Operating,Unknown,Clear/Unknown,6,Thursday,70.3,Struck-by,3.0
Truck,Loading/Unloading,Unknown,Clear/Unknown,6,Thursday,50.92,Fall,1.0
Truck,General Construction,Unknown,Clear/Unknown,6,Tuesday,66.33,Contact-with,4.0
Roller,Excavation,Unknown,Clear/Unknown,6,Tuesday,57.7,Caught-in,3.0
Forklift,Loading/Unloading,Unknown,Clear/Unknown,6,Tuesday,59.36,Caught-in,3.0
Truck,Loading/Unloading,Unknown,Clear/Unknown,6,Tuesday,50.92,Fall,1.0
Crane,Loading/Unloading,Unknown,Clear/Unknown,6,Wednesday,38.65,Fall,1.0
Aerial Lift,General Construction,Unknown,Clear/Unknown,6,Wednesday,23.33,Other,1.0
Backhoe,Loading/Unloading,Unknown,Clear/Unknown,6,Wednesday,32.96,Fall,1.0
Backhoe,General Construction,Unknown,Clear/Unknown,6,Wednesday,57.04,Caught-in,3.0
Crane,General Construction,Unknown,Clear/Unknown,6,Thursday,61.15,Contact-with,4.0
Dump Truck,Setup/Positioning,Unknown,Clear/Unknown,6,Friday,33.38,Fall,1.0
Truck,Mounting/Dismounting,Unknown,Clear/Unknown,6,Saturday,46.91,Electrocution,1.0
Truck,General Construction,Unknown,Clear/Unknown,7,Monday,47.19,Caught-in,1.0
Excavator,General Construction,Unknown,Clear/Unknown,7,Tuesday,26.61,Contact-with,1.0
Loader,General Construction,Unknown,Clear/Unknown,7,Tuesday,41.58,Tip-over,1.0
Grader,Mounting/Dismounting,Unknown,Clear/Unknown,7,Thursday,32.99,Caught-in,1.0
Truck,General Construction,Unknown,Clear/Unknown,7,Thursday,48.99,Electrocution,1.0
Aerial Lift,General Construction,Unknown,Clear/Unknown,7,Thursday,40.79,Electrocution,1.0
Truck,Loading/Unloading,Unknown,Clear/Unknown,7,Friday,50.92,Fall,1.0
Loader,Loading/Unloading,Unknown,Clear/Unknown,7,Friday,34.44,Fall,1.0
Crane,Loading/Unloading,Unknown,Clear/Unknown,7,Friday,43.83,Struck-by,1.0
Excavator,General Construction,Unknown,Clear/Unknown,7,Monday,45.36,Struck-by,1.0
Truck,Loading/Unloading,Unknown,Clear/Unknown,7,Monday,50.92,Fall,1.0
Paver,General Construction,Unknown,Heat,7,Tuesday,31.13,Other,1.0
Dump Truck,General Construction,Unknown,Clear/Unknown,7,Tuesday,40.34,Struck-by,1.0
Truck,Loading/Unloading,Unknown,Clear/Unknown,7,Wednesday,50.92,Fall,1.0
Aerial Lift,General Construction,Unknown,Clear/Unknown,7,Wednesday,39.66,Struck-by,1.0
Forklift,General Construction,Unknown,Clear/Unknown,7,Thursday,46.43,Struck-by,1.0
Truck,General Construction,Unknown,Clear/Unknown,7,Thursday,55.45,Struck-by,1.0
Grader,General Construction,Unknown,Clear/Unknown,7,Friday,31.1,Fall,1.0
Backhoe,Idling/Parked,Unknown,Clear/Unknown,7,Friday,60.61,Struck-by,3.0
Forklift,General Construction,Unknown,Clear/Unknown,7,Saturday,27.33,Contact-with,1.0
Truck,Loading/Unloading,Unknown,Clear/Unknown,7,Monday,50.92,Fall,1.0
Excavator,General Construction,Unknown,Clear/Unknown,7,Monday,37.29,Caught-in,1.0
Loader,General Construction,Unknown,Clear/Unknown,7,Tuesday,43.45,Struck-by,1.0
Truck,Maintenance,Unknown,Clear/Unknown,7,Thursday,32.46,Contact-with,1.0
Truck,General Construction,Unknown,Clear/Unknown,7,Thursday,43.86,Fall,1.0
Excavator,General Construction,Unknown,Clear/Unknown,7,Thursday,45.36,Struck-by,1.0
Crane,Loading/Unloading,Unknown,Clear/Unknown,7,Friday,43.83,Struck-by,1.0
Forklift,General Construction,Unknown,Clear/Unknown,7,Friday,38.57,Caught-in,1.0
Truck,General Construction,Unknown,Clear/Unknown,7,Saturday,77.45,Struck-by,3.0
Forklift,General Construction,Unknown,Clear/Unknown,7,Monday,46.43,Struck-by,1.0
Excavator,General Construction,Unknown,Clear/Unknown,7,Wednesday,45.36,Struck-by,1.0
Forklift,Loading/Unloading,Unknown,Clear/Unknown,7,Wednesday,42.67,Struck-by,1.0
Bulldozer,General Construction,Unknown,Clear/Unknown,7,Thursday,31.54,Fall,1.0
Dump Truck,General Construction,Unknown,Clear/Unknown,7,Thursday,52.27,Tip-over,2.0
Grader,General Construction,Unknown,Clear/Unknown,7,Friday,31.1,Fall,1.0
Loader,General Construction,Unknown,Clear/Unknown,7,Saturday,43.45,Struck-by,1.0
Truck,Loading/Unloading,Unknown,Clear/Unknown,7,Sunday,50.92,Fall,1.0
Truck,General Construction,Unknown,Clear/Unknown,7,Monday,43.86,Fall,1.0
Truck,Loading/Unloading,Unknown,Clear/Unknown,7,Monday,50.92,Fall,1.0
Truck,General Construction,Unknown,Clear/Unknown,7,Monday,43.86,Fall,1.0
Crane,General Construction,Unknown,Clear/Unknown,7,Tuesday,67.57,Struck-by,3.0
Forklift,General Construction,Unknown,Clear/Unknown,7,Tuesday,35.62,Fall,1.0
Loader,Loading/Unloading,Unknown,Clear/Unknown,8,Wednesday,34.44,Fall,1.0
Forklift,General Construction,Unknown,Clear/Unknown,8,Thursday,25.71,Other,1.0
Bulldozer,General Construction,Unknown,Clear/Unknown,8,Thursday,37.6,Struck-by,1.0
Excavator,Excavation,Unknown,Clear/Unknown,8,Thursday,41.05,Struck-by,1.0
Loader,General Construction,Unknown,Clear/Unknown,8,Friday,43.45,Struck-by,1.0
Forklift,Loading/Unloading,Unknown,Clear/Unknown,8,Monday,42.67,Struck-by,1.0
Truck,Loading/Unloading,Unknown,Clear/Unknown,8,Tuesday,50.92,Fall,1.0
Forklift,General Construction,Unknown,Clear/Unknown,8,Wednesday,46.43,Struck-by,1.0
Truck,Maintenance,Unknown,Clear/Unknown,8,Wednesday,32.46,Contact-with,1.0
Crane,Loading/Unloading,Unknown,Clear/Unknown,8,Monday,65.83,Struck-by,3.0
Forklift,General Construction,Unknown,Clear/Unknown,8,Tuesday,46.43,Struck-by,1.0
Truck,General Construction,Unknown,Clear/Unknown,8,Tuesday,43.86,Fall,1.0
Crane,Loading/Unloading,Unknown,Clear/Unknown,8,Wednesday,38.65,Fall,1.0
Dump Truck,General Construction,Unknown,Clear/Unknown,8,Wednesday,73.34,Struck-by,4.0
Dump Truck,Loading/Unloading,Unknown,Clear/Unknown,8,Thursday,34.16,Fall,1.0
Dump Truck,Maintenance,Unknown,Clear/Unknown,8,Thursday,39.22,Struck-by,1.0
Truck,Loading/Unloading,Unknown,Clear/Unknown,8,Friday,48.02,Tip-over,1.0
Truck,General Construction,Unknown,Clear/Unknown,8,Friday,47.19,Caught-in,1.0
Bulldozer,General Construction,Unknown,Clear/Unknown,8,Monday,22.17,Other,1.0
Crane,General Construction,Unknown,Clear/Unknown,8,Monday,62.14,Caught-in,3.0
Truck,General Construction,Unknown,Clear/Unknown,8,Monday,41.43,Burns,1.0
Crane,General Construction,Unknown,Clear/Unknown,8,Monday,45.57,Struck-by,1.0
Dump Truck,Operating,Unknown,Clear/Unknown,8,Wednesday,41.08,Tip-over,1.0
Excavator,General Construction,Unknown,Clear/Unknown,8,Thursday,50.41,Pinch-Point,3.0
Truck,General Construction,Unknown,Clear/Unknown,8,Thursday,69.19,Caught-in,3.0
Truck,Loading/Unloading,Unknown,Clear/Unknown,8,Friday,50.92,Fall,1.0
Trencher,Loading/Unloading,Unknown,Clear/Unknown,8,Friday,34.25,Caught-in,1.0
Crane,Loading/Unloading,Unknown,Clear/Unknown,8,Friday,43.83,Struck-by,1.0
Truck,Operating,Unknown,Clear/Unknown,8,Friday,42.31,Caught-in,1.0
Truck,Loading/Unloading,Unknown,Clear/Unknown,8,Monday,50.92,Fall,1.0
Crane,General Construction,Unknown,Clear/Unknown,8,Tuesday,36.16,Fall,1.0
Crane,Loading/Unloading,Unknown,Clear/Unknown,8,Tuesday,38.65,Fall,1.0
Paver,General Construction,Unknown,Clear/Unknown,8,Tuesday,33.13,Burns,1.0
Truck,General Construction,Unknown,Clear/Unknown,8,Thursday,55.33,Contact-with,3.0
Truck,Idling/Parked,Unknown,Heat,8,Thursday,41.35,Other,1.0
Crane,Operating,Unknown,Clear/Unknown,8,Friday,37.78,Caught-in,1.0
Crane,General Construction,Unknown,Clear/Unknown,8,Friday,78.57,Struck-by,4.0
Forklift,General Construction,Unknown,Clear/Unknown,8,Friday,68.43,Struck-by,3.0
Truck,Maintenance,Unknown,Clear/Unknown,8,Friday,49.6,Run-over,1.0
Truck,General Construction,Unknown,Clear/Unknown,9,Tuesday,48.58,Tip-over,1.0
Loader,Loading/Unloading,Unknown,Heat,9,Wednesday,46.97,Fall,1.0
Forklift,Loading/Unloading,Unknown,Clear/Unknown,9,Thursday,59.36,Caught-in,3.0
Truck,Loading/Unloading,Unknown,Clear/Unknown,9,Monday,50.92,Fall,1.0
Truck,Loading/Unloading,Unknown,Clear/Unknown,9,Tuesday,47.52,Struck-by,1.0
Crane,Operating,Unknown,Clear/Unknown,9,Wednesday,41.97,Struck-by,1.0
Truck,Operating,Unknown,Clear/Unknown,9,Wednesday,48.3,Struck-by,1.0
Truck,Loading/Unloading,Unknown,Clear/Unknown,9,Wednesday,50.92,Fall,1.0
Truck,General Construction,Unknown,Clear/Unknown,9,Wednesday,69.19,Caught-in,3.0
Aerial Lift,General Construction,Unknown,Clear/Unknown,9,Wednesday,51.79,Electrocution,2.0
Excavator,General Construction,Unknown,Clear/Unknown,9,Thursday,37.29,Caught-in,1.0
Forklift,General Construction,Unknown,Clear/Unknown,9,Thursday,46.43,Struck-by,1.0
Excavator,Operating,Unknown,Clear/Unknown,9,Friday,40.61,Struck-by,1.0
Truck,General Construction,Unknown,Clear/Unknown,9,Monday,80.19,Caught-in,4.0
Forklift,General Construction,Unknown,Clear/Unknown,9,Tuesday,46.43,Struck-by,1.0
Truck,General Construction,Unknown,Clear/Unknown,9,Tuesday,43.86,Fall,1.0
Paver,General Construction,Unknown,Clear/Unknown,9,Tuesday,47.21,Collision,2.0
Truck,General Construction,Unknown,Clear/Unknown,9,Wednesday,81.58,Tip-over,4.0
Excavator,General Construction,Unknown,Clear/Unknown,9,Thursday,45.36,Struck-by,1.0
Roller,Loading/Unloading,Unknown,Clear/Unknown,9,Thursday,34.03,Fall,1.0
Loader,General Construction,Unknown,Clear/Unknown,9,Thursday,43.45,Struck-by,1.0
Truck,General Construction,Unknown,Clear/Unknown,9,Monday,69.19,Caught-in,3.0
Truck,General Construction,Unknown,Clear/Unknown,9,Tuesday,55.45,Struck-by,1.0
Excavator,Loading/Unloading,Unknown,Clear/Unknown,9,Wednesday,40.95,Struck-by,1.0
Truck,Loading/Unloading,Unknown,Clear/Unknown,9,Wednesday,50.92,Fall,1.0
Truck,General Construction,Unknown,Clear/Unknown,9,Thursday,43.86,Fall,1.0
Crane,Loading/Unloading,Unknown,Clear/Unknown,9,Thursday,43.83,Struck-by,1.0
Excavator,Loading/Unloading,Unknown,Clear/Unknown,9,Thursday,73.95,Struck-by,4.0
Aerial Lift,General Construction,Unknown,Clear/Unknown,9,Friday,39.66,Struck-by,1.0
Dump Truck,General Construction,Unknown,Clear/Unknown,10,Monday,57.71,Caught-in,3.0
Roller,Loading/Unloading,Unknown,Clear/Unknown,10,Tuesday,34.03,Fall,1.0
Truck,General Construction,Unknown,Clear/Unknown,10,Wednesday,33.33,Contact-with,1.0
Truck,General Construction,Unknown,Clear/Unknown,10,Thursday,55.45,Struck-by,1.0
Excavator,General Construction,Unknown,Clear/Unknown,10,Friday,45.36,Struck-by,1.0
Roller,General Construction,Unknown,Clear/Unknown,10,Monday,41.97,Tip-over,1.0
Excavator,Excavation,Unknown,Clear/Unknown,10,Wednesday,41.05,Struck-by,1.0
Bulldozer,Operating,Unknown,Clear/Unknown,10,Wednesday,35.33,Collision,1.0
Truck,General Construction,Unknown,Clear/Unknown,10,Friday,48.58,Tip-over,1.0
Crane,Loading/Unloading,Unknown,Clear/Unknown,10,Monday,26.32,Other,1.0
Truck,Setup/Positioning,Unknown,Clear/Unknown,10,Monday,46.31,Struck-by,1.0
Truck,Loading/Unloading,Unknown,Clear/Unknown,10,Tuesday,50.92,Fall,1.0
Truck,Loading/Unloading,Unknown,Clear/Unknown,10,Tuesday,47.52,Struck-by,1.0
Truck,General Construction,Unknown,Clear/Unknown,10,Wednesday,55.45,Struck-by,1.0
Truck,General Construction,Unknown,Clear/Unknown,10,Wednesday,55.45,Struck-by,1.0
Truck,Loading/Unloading,Unknown,Clear/Unknown,10,Wednesday,47.52,Struck-by,1.0
Truck,General Construction,Unknown,Clear/Unknown,10,Thursday,55.45,Struck-by,1.0
Crane,Loading/Unloading,Unknown,Clear/Unknown,10,Friday,26.32,Other,1.0
Truck,Loading/Unloading,Unknown,Clear/Unknown,10,Friday,50.92,Fall,1.0
Truck,General Construction,Unknown,Clear/Unknown,10,Saturday,43.86,Fall,1.0
Backhoe,General Construction,Unknown,Clear/Unknown,10,Monday,72.83,Struck-by,4.0
Truck,Loading/Unloading,Unknown,Clear/Unknown,10,Tuesday,64.96,Caught-in,3.0
Truck,Loading/Unloading,Unknown,Clear/Unknown,10,Tuesday,50.92,Fall,1.0
Dump Truck,General Construction,Unknown,Clear/Unknown,10,Thursday,62.34,Struck-by,3.0
Forklift,General Construction,Unknown,Clear/Unknown,10,Saturday,46.43,Struck-by,1.0
Crane,General Construction,Unknown,Clear/Unknown,10,Tuesday,40.14,Caught-in,1.0
Crane,Loading/Unloading,Unknown,Clear/Unknown,10,Tuesday,38.77,Caught-in,1.0
Truck,Operating,Unknown,Clear/Unknown,10,Wednesday,48.3,Struck-by,1.0
Truck,General Construction,Unknown,Clear/Unknown,11,Thursday,55.45,Struck-by,1.0
Truck,General Construction,Unknown,Clear/Unknown,11,Thursday,55.45,Struck-by,1.0
Crane,General Construction,Unknown,Clear/Unknown,11,Friday,62.14,Caught-in,3.0
Roller,General Construction,Unknown,Clear/Unknown,11,Monday,41.97,Tip-over,1.0
Truck,Operating,Unknown,Clear/Unknown,11,Monday,48.3,Struck-by,1.0
Truck,General Construction,Unknown,Clear/Unknown,11,Monday,55.45,Struck-by,1.0
Backhoe,Loading/Unloading,Unknown,Clear/Unknown,11,Tuesday,67.89,Caught-in,4.0
Loader,General Construction,Unknown,Clear/Unknown,11,Tuesday,43.45,Struck-by,1.0
Truck,Loading/Unloading,Unknown,Clear/Unknown,11,Wednesday,50.92,Fall,1.0
Forklift,Loading/Unloading,Unknown,Clear/Unknown,11,Wednesday,37.54,Fall,1.0
Crane,Loading/Unloading,Unknown,Clear/Unknown,11,Wednesday,43.83,Struck-by,1.0
Truck,Loading/Unloading,Unknown,Clear/Unknown,11,Wednesday,50.92,Fall,1.0
Trencher,Excavation,Unknown,Clear/Unknown,11,Saturday,44.1,Burns,2.0
Forklift,Operating,Unknown,Clear/Unknown,11,Monday,41.8,Struck-by,1.0
Truck,Loading/Unloading,Unknown,Clear/Unknown,11,Tuesday,50.92,Fall,1.0
Truck,General Construction,Unknown,Clear/Unknown,11,Wednesday,47.19,Caught-in,1.0
Roller,General Construction,Unknown,Clear/Unknown,11,Thursday,62.17,Struck-by,3.0
Truck,General Construction,Unknown,Clear/Unknown,11,Thursday,48.99,Electrocution,1.0
Aerial Lift,General Construction,Unknown,Clear/Unknown,11,Friday,33.05,Fall,1.0
Forklift,General Construction,Unknown,Clear/Unknown,11,Friday,46.43,Struck-by,1.0
Truck,General Construction,Unknown,Clear/Unknown,11,Saturday,55.45,Struck-by,1.0
Truck,General Construction,Unknown,Clear/Unknown,11,Monday,47.19,Caught-in,1.0
Roller,General Construction,Unknown,Clear/Unknown,11,Tuesday,36.79,Caught-in,1.0
Truck,Loading/Unloading,Unknown,Clear/Unknown,11,Tuesday,50.92,Fall,1.0
Truck,Loading/Unloading,Unknown,Snow/Ice,11,Tuesday,100.0,Fall,1.0
Truck,General Construction,Unknown,Clear/Unknown,11,Wednesday,43.86,Fall,1.0
Truck,Loading/Unloading,Unknown,Clear/Unknown,11,Wednesday,30.88,Other,1.0
Roller,General Construction,Unknown,Clear/Unknown,11,Thursday,36.79,Caught-in,1.0
Truck,General Construction,Unknown,Clear/Unknown,11,Thursday,33.33,Contact-with,1.0
Crane,Loading/Unloading,Unknown,Wind,11,Friday,66.97,Caught-in,1.0
Truck,General Construction,Unknown,Clear/Unknown,11,Friday,48.99,Electrocution,1.0
Loader,Loading/Unloading,Unknown,Clear/Unknown,12,Saturday,34.44,Fall,1.0
Truck,General Construction,Unknown,Clear/Unknown,12,Monday,44.11,Collision,1.0
Forklift,Loading/Unloading,Unknown,Clear/Unknown,12,Monday,37.54,Fall,1.0
Truck,General Construction,Unknown,Clear/Unknown,12,Monday,48.63,Back-over,1.0
Dump Truck,Operating,Unknown,Clear/Unknown,12,Wednesday,39.38,Struck-by,1.0
Crane,Loading/Unloading,Unknown,Clear/Unknown,12,Wednesday,38.65,Fall,1.0
Truck,General Construction,Unknown,Clear/Unknown,12,Wednesday,59.99,Electrocution,2.0
Backhoe,General Construction,Unknown,Clear/Unknown,12,Thursday,57.04,Caught-in,3.0
Crane,Loading/Unloading,Unknown,Clear/Unknown,12,Thursday,38.65,Fall,1.0
Forklift,General Construction,Unknown,Clear/Unknown,12,Saturday,68.43,Struck-by,3.0
Excavator,Loading/Unloading,Unknown,Clear/Unknown,12,Tuesday,40.95,Struck-by,1.0
Loader,General Construction,Unknown,Clear/Unknown,12,Tuesday,43.45,Run-over,1.0
Truck,Loading/Unloading,Morning,Snow/Ice,12,Tuesday,100.0,Fall,1.0
Truck,General Construction,Unknown,Clear/Unknown,12,Wednesday,48.99,Electrocution,1.0
Truck,General Construction,Unknown,Clear/Unknown,12,Wednesday,43.86,Fall,1.0
Truck,General Construction,Unknown,Clear/Unknown,12,Wednesday,69.19,Caught-in,3.0
Forklift,General Construction,Unknown,Clear/Unknown,12,Thursday,46.43,Struck-by,1.0
Truck,General Construction,Unknown,Clear/Unknown,12,Friday,55.45,Struck-by,1.0
Forklift,General Construction,Unknown,Clear/Unknown,12,Sunday,35.62,Fall,1.0
Crane,General Construction,Unknown,Clear/Unknown,12,Tuesday,45.57,Struck-by,1.0
Truck,General Construction,Unknown,Clear/Unknown,12,Thursday,48.99,Electrocution,1.0
Truck,Loading/Unloading,Unknown,Clear/Unknown,12,Thursday,50.92,Fall,1.0
Forklift,General Construction,Unknown,Clear/Unknown,12,Friday,46.43,Struck-by,1.0
Loader,Operating,Unknown,Clear/Unknown,12,Friday,40.44,Struck-by,1.0
Crane,General Construction,Unknown,Clear/Unknown,12,Saturday,62.14,Caught-in,3.0
Backhoe,General Construction,Unknown,Clear/Unknown,1,Wednesday,23.34,Other,1.0
Crane,General Construction,Unknown,Clear/Unknown,1,Wednesday,43.16,Electrocution,1.0
Dump Truck,General Construction,Unknown,Clear/Unknown,1,Thursday,41.27,Tip-over,1.0
Truck,Setup/Positioning,Unknown,Clear/Unknown,1,Friday,46.31,Struck-by,1.0
Crane,Setup/Positioning,Unknown,Clear/Unknown,1,Monday,50.09,Contact-with,3.0
Crane,General Construction,Unknown,Clear/Unknown,1,Tuesday,62.14,Caught-in,3.0
Aerial Lift,General Construction,Unknown,Clear/Unknown,1,Tuesday,40.79,Electrocution,1.0
Concrete Pump,General Construction,Unknown,Clear/Unknown,1,Thursday,69.82,Caught-in,4.0
Truck,Loading/Unloading,Unknown,Clear/Unknown,1,Friday,50.92,Fall,1.0
Backhoe,General Construction,Unknown,Clear/Unknown,1,Friday,57.04,Caught-in,3.0
Truck,General Construction,Unknown,Clear/Unknown,1,Friday,55.45,Struck-by,1.0
Loader,General Construction,Unknown,Clear/Unknown,1,Monday,43.45,Struck-by,1.0
Truck,Loading/Unloading,Unknown,Heat,1,Wednesday,69.43,Fall,1.0
Crane,General Construction,Unknown,Clear/Unknown,1,Wednesday,26.38,Other,1.0
Loader,General Construction,Unknown,Clear/Unknown,1,Thursday,36.9,Caught-in,1.0
Truck,Operating,Unknown,Clear/Unknown,1,Friday,42.31,Caught-in,1.0
Truck,Loading/Unloading,Unknown,Clear/Unknown,1,Sunday,50.92,Fall,1.0
Truck,General Construction,Unknown,Clear/Unknown,1,Monday,43.86,Fall,1.0
Truck,General Construction,Unknown,Clear/Unknown,1,Tuesday,55.45,Struck-by,1.0
Truck,General Construction,Unknown,Clear/Unknown,1,Tuesday,55.45,Struck-by,1.0
Truck,General Construction,Unknown,Clear/Unknown,1,Wednesday,47.19,Caught-in,1.0
Loader,General Construction,Unknown,Clear/Unknown,1,Wednesday,61.14,Pinch-Point,4.0
Excavator,Mounting/Dismounting,Unknown,Clear/Unknown,1,Wednesday,36.08,Caught-in,1.0
Truck,General Construction,Unknown,Clear/Unknown,1,Thursday,80.19,Caught-in,4.0
Truck,General Construction,Unknown,Snow/Ice,1,Thursday,91.71,Fall,1.0
Forklift,General Construction,Unknown,Clear/Unknown,1,Friday,39.0,Collision,1.0
Dump Truck,Loading/Unloading,Unknown,Clear/Unknown,1,Monday,34.16,Fall,1.0
Dump Truck,Loading/Unloading,Unknown,Clear/Unknown,1,Tuesday,25.68,Contact-with,1.0
Forklift,Loading/Unloading,Unknown,Clear/Unknown,1,Wednesday,37.54,Fall,1.0
Dump Truck,General Construction,Unknown,Clear/Unknown,1,Thursday,73.34,Struck-by,4.0
Crane,Loading/Unloading,Unknown,Clear/Unknown,1,Thursday,38.65,Fall,1.0
Loader,General Construction,Unknown,Clear/Unknown,2,Friday,58.9,Caught-in,3.0
Forklift,General Construction,Unknown,Clear/Unknown,2,Saturday,46.43,Struck-by,1.0
Forklift,General Construction,Unknown,Clear/Unknown,2,Saturday,46.43,Struck-by,1.0
Crane,General Construction,Unknown,Clear/Unknown,2,Monday,43.58,Tip-over,1.0
Truck,Loading/Unloading,Unknown,Clear/Unknown,2,Tuesday,47.52,Struck-by,1.0
Crane,General Construction,Unknown,Clear/Unknown,2,Tuesday,47.16,Fall,2.0
Crane,General Construction,Unknown,Clear/Unknown,2,Wednesday,43.16,Electrocution,1.0
Dump Truck,Loading/Unloading,Afternoon,Clear/Unknown,2,Thursday,34.16,Fall,1.0
Truck,Setup/Positioning,Unknown,Clear/Unknown,2,Thursday,46.31,Struck-by,1.0
Crane,Loading/Unloading,Unknown,Clear/Unknown,2,Thursday,43.83,Struck-by,1.0
Roller,General Construction,Unknown,Snow/Ice,2,Thursday,76.92,Caught-in,1.0
Forklift,General Construction,Unknown,Clear/Unknown,2,Thursday,46.43,Struck-by,1.0
Truck,Loading/Unloading,Unknown,Clear/Unknown,2,Tuesday,50.92,Fall,1.0
Crane,General Construction,Unknown,Clear/Unknown,2,Tuesday,45.57,Struck-by,1.0
Truck,General Construction,Unknown,Clear/Unknown,2,Thursday,55.45,Struck-by,1.0
Crane,Setup/Positioning,Unknown,Clear/Unknown,2,Friday,60.06,Caught-in,3.0
Excavator,Excavation,Unknown,Clear/Unknown,2,Friday,41.05,Struck-by,1.0
Excavator,General Construction,Unknown,Clear/Unknown,2,Saturday,37.29,Caught-in,1.0
Excavator,General Construction,Unknown,Clear/Unknown,2,Saturday,59.29,Caught-in,3.0
Crane,Loading/Unloading,Unknown,Clear/Unknown,2,Monday,43.83,Struck-by,1.0
Forklift,Operating,Unknown,Clear/Unknown,2,Tuesday,41.8,Struck-by,1.0
Forklift,General Construction,Unknown,Clear/Unknown,2,Tuesday,68.43,Struck-by,3.0
Forklift,General Construction,Unknown,Clear/Unknown,2,Wednesday,60.57,Caught-in,3.0
Forklift,General Construction,Unknown,Clear/Unknown,2,Thursday,46.43,Struck-by,1.0
Truck,Loading/Unloading,Unknown,Clear/Unknown,2,Thursday,50.92,Fall,1.0
Forklift,Operating,Unknown,Clear/Unknown,2,Thursday,41.8,Struck-by,1.0
Excavator,Loading/Unloading,Unknown,Clear/Unknown,2,Friday,34.84,Fall,1.0
Truck,Loading/Unloading,Evening,Clear/Unknown,2,Friday,74.06,Fall,1.0
Loader,Loading/Unloading,Unknown,Wind,2,Friday,59.49,Fall,1.0
Truck,Loading/Unloading,Unknown,Clear/Unknown,2,Saturday,50.92,Fall,1.0
Dump Truck,General Construction,Unknown,Clear/Unknown,2,Monday,40.34,Struck-by,1.0
Aerial Lift,General Construction,Unknown,Clear/Unknown,2,Monday,39.66,Struck-by,1.0
Truck,Loading/Unloading,Unknown,Clear/Unknown,2,Tuesday,50.92,Fall,1.0
Forklift,General Construction,Unknown,Clear/Unknown,2,Wednesday,46.43,Struck-by,1.0
Concrete Pump,General Construction,Unknown,Clear/Unknown,2,Wednesday,69.82,Caught-in,4.0
Truck,General Construction,Unknown,Clear/Unknown,2,Thursday,55.45,Struck-by,1.0
Truck,General Construction,Unknown,Snow/Ice,2,Thursday,91.71,Fall,1.0
Truck,General Construction,Unknown,Clear/Unknown,2,Thursday,69.19,Caught-in,3.0
Backhoe,Loading/Unloading,Unknown,Clear/Unknown,3,Friday,38.96,Struck-by,1.0
Crane,General Construction,Unknown,Clear/Unknown,3,Friday,62.14,Caught-in,3.0
Truck,Loading/Unloading,Unknown,Clear/Unknown,3,Friday,50.92,Fall,1.0
Truck,General Construction,Unknown,Clear/Unknown,3,Friday,55.45,Struck-by,1.0
Crane,General Construction,Unknown,Clear/Unknown,3,Monday,36.16,Fall,1.0
Truck,Setup/Positioning,Unknown,Clear/Unknown,3,Monday,68.31,Struck-by,3.0
Crane,Operating,Unknown,Clear/Unknown,3,Monday,59.78,Caught-in,3.0
Excavator,General Construction,Unknown,Clear/Unknown,3,Monday,45.36,Struck-by,1.0
Truck,General Construction,Unknown,Clear/Unknown,3,Tuesday,69.19,Caught-in,3.0
Excavator,General Construction,Unknown,Clear/Unknown,3,Tuesday,34.68,Fall,1.0
Excavator,General Construction,Unknown,Clear/Unknown,3,Wednesday,45.36,Struck-by,1.0
Crane,General Construction,Unknown,Clear/Unknown,3,Wednesday,62.14,Caught-in,3.0
Forklift,Loading/Unloading,Unknown,Clear/Unknown,3,Thursday,37.54,Fall,1.0
Truck,General Construction,Unknown,Clear/Unknown,3,Thursday,55.45,Struck-by,1.0
Excavator,Loading/Unloading,Unknown,Snow/Ice,3,Friday,72.84,Fall,1.0
Truck,General Construction,Unknown,Clear/Unknown,3,Friday,48.99,Electrocution,1.0
Forklift,General Construction,Unknown,Clear/Unknown,3,Friday,46.43,Struck-by,1.0
Excavator,General Construction,Unknown,Clear/Unknown,3,Saturday,45.36,Struck-by,1.0
Forklift,General Construction,Unknown,Clear/Unknown,3,Monday,46.43,Struck-by,1.0
Crane,Loading/Unloading,Unknown,Clear/Unknown,3,Monday,38.65,Fall,1.0
Excavator,Loading/Unloading,Unknown,Clear/Unknown,3,Tuesday,24.56,Other,1.0
Excavator,General Construction,Unknown,Clear/Unknown,3,Wednesday,45.36,Struck-by,1.0
Forklift,Loading/Unloading,Unknown,Clear/Unknown,3,Thursday,42.67,Struck-by,1.0
Loader,General Construction,Unknown,Clear/Unknown,3,Thursday,76.45,Struck-by,4.0
Truck,Loading/Unloading,Unknown,Clear/Unknown,3,Tuesday,50.92,Fall,1.0
Backhoe,General Construction,Unknown,Clear/Unknown,3,Thursday,32.84,Fall,1.0
Backhoe,Excavation,Unknown,Clear/Unknown,3,Thursday,67.83,Caught-in,4.0
Forklift,General Construction,Unknown,Clear/Unknown,3,Friday,46.43,Struck-by,1.0
Crane,General Construction,Unknown,Clear/Unknown,3,Saturday,62.14,Caught-in,3.0
Excavator,General Construction,Unknown,Clear/Unknown,3,Monday,37.29,Caught-in,1.0
Truck,General Construction,Unknown,Rain,3,Monday,80.65,Struck-by,1.0
Excavator,General Construction,Unknown,Clear/Unknown,3,Tuesday,45.36,Struck-by,1.0
Backhoe,General Construction,Unknown,Clear/Unknown,3,Tuesday,39.83,Struck-by,1.0
Excavator,General Construction,Unknown,Clear/Unknown,3,Wednesday,45.36,Struck-by,1.0
Truck,General Construction,Unknown,Clear/Unknown,3,Wednesday,55.45,Struck-by,1.0
Crane,General Construction,Unknown,Clear/Unknown,3,Wednesday,45.57,Struck-by,1.0
Excavator,General Construction,Unknown,Clear/Unknown,3,Wednesday,45.36,Struck-by,1.0
Truck,General Construction,Unknown,Clear/Unknown,3,Thursday,43.86,Fall,1.0
Loader,General Construction,Unknown,Clear/Unknown,3,Thursday,43.45,Struck-by,1.0
Truck,General Construction,Unknown,Clear/Unknown,3,Friday,43.86,Fall,1.0
Forklift,Loading/Unloading,Unknown,Clear/Unknown,4,Monday,42.67,Struck-by,1.0
Truck,Operating,Unknown,Clear/Unknown,4,Monday,48.3,Struck-by,1.0
Excavator,General Construction,Unknown,Clear/Unknown,4,Tuesday,37.29,Caught-in,1.0
Paver,Loading/Unloading,Unknown,Clear/Unknown,4,Thursday,32.42,Fall,1.0
Forklift,General Construction,Unknown,Clear/Unknown,4,Thursday,46.43,Struck-by,1.0
Excavator,Loading/Unloading,Unknown,Clear/Unknown,4,Thursday,40.95,Struck-by,1.0
Truck,Operating,Unknown,Clear/Unknown,4,Monday,48.3,Struck-by,1.0
Loader,General Construction,Unknown,Clear/Unknown,4,Monday,43.45,Struck-by,1.0
Forklift,Loading/Unloading,Unknown,Clear/Unknown,4,Monday,37.54,Fall,1.0
Dump Truck,General Construction,Unknown,Clear/Unknown,4,Monday,40.34,Struck-by,1.0
Concrete Pump,General Construction,Unknown,Clear/Unknown,4,Friday,69.82,Caught-in,4.0
Backhoe,General Construction,Unknown,Clear/Unknown,4,Friday,57.04,Caught-in,3.0
Truck,General Construction,Unknown,Clear/Unknown,4,Friday,43.86,Fall,1.0
Truck,General Construction,Unknown,Clear/Unknown,4,Tuesday,33.33,Contact-with,1.0
Crane,Loading/Unloading,Unknown,Clear/Unknown,4,Tuesday,71.77,Caught-in,4.0
Truck,General Construction,Unknown,Heat,4,Wednesday,71.5,Burns,2.0
Forklift,General Construction,Unknown,Clear/Unknown,4,Thursday,46.43,Struck-by,1.0
Loader,General Construction,Unknown,Clear/Unknown,4,Friday,41.58,Tip-over,1.0
Truck,General Construction,Unknown,Clear/Unknown,4,Tuesday,31.88,Other,1.0
Truck,General Construction,Unknown,Clear/Unknown,4,Wednesday,69.19,Caught-in,3.0
Excavator,General Construction,Unknown,Clear/Unknown,4,Thursday,26.61,Contact-with,1.0
Truck,Loading/Unloading,Unknown,Clear/Unknown,4,Thursday,47.52,Struck-by,1.0
Excavator,General Construction,Unknown,Clear/Unknown,4,Thursday,45.36,Struck-by,1.0
Truck,General Construction,Unknown,Clear/Unknown,4,Thursday,48.58,Tip-over,1.0
Excavator,General Construction,Unknown,Clear/Unknown,4,Friday,24.96,Other,1.0
Truck,Loading/Unloading,Unknown,Clear/Unknown,4,Friday,50.92,Fall,1.0
Forklift,General Construction,Unknown,Clear/Unknown,4,Saturday,71.57,Caught-in,4.0
Truck,Loading/Unloading,Unknown,Clear/Unknown,4,Monday,40.72,Burns,1.0
Crane,General Construction,Unknown,Clear/Unknown,4,Monday,43.16,Electrocution,1.0
Truck,Loading/Unloading,Unknown,Clear/Unknown,4,Tuesday,50.92,Fall,1.0
Excavator,Loading/Unloading,Unknown,Clear/Unknown,4,Tuesday,73.95,Struck-by,4.0
Excavator,Excavation,Unknown,Clear/Unknown,5,Wednesday,41.05,Struck-by,1.0
Forklift,General Construction,Unknown,Clear/Unknown,5,Wednesday,35.62,Fall,1.0
Concrete Pump,Loading/Unloading,Unknown,Clear/Unknown,5,Thursday,45.74,Fall,2.0
Excavator,General Construction,Unknown,Clear/Unknown,5,Thursday,45.36,Struck-by,1.0
Forklift,Loading/Unloading,Unknown,Clear/Unknown,5,Friday,37.54,Fall,1.0
Truck,General Construction,Unknown,Wet Surface,5,Friday,59.81,Fall,1.0
Truck,Loading/Unloading,Unknown,Clear/Unknown,5,Monday,47.52,Struck-by,1.0
Roller,General Construction,Unknown,Clear/Unknown,5,Monday,69.79,Caught-in,4.0
Truck,General Construction,Unknown,Clear/Unknown,5,Tuesday,55.45,Struck-by,1.0
Truck,General Construction,Unknown,Clear/Unknown,5,Tuesday,48.99,Electrocution,1.0
Truck,Loading/Unloading,Unknown,Clear/Unknown,5,Wednesday,50.92,Fall,1.0
Backhoe,General Construction,Unknown,Clear/Unknown,5,Wednesday,39.83,Struck-by,1.0
Excavator,Excavation,Unknown,Clear/Unknown,5,Friday,58.45,Caught-in,3.0
Crane,Loading/Unloading,Unknown,Clear/Unknown,5,Friday,38.65,Fall,1.0
Truck,Loading/Unloading,Unknown,Wind,5,Friday,82.94,Tip-over,1.0
Truck,Excavation,Unknown,Clear/Unknown,5,Saturday,43.8,Collision,1.0
Paver,Maintenance,Unknown,Clear/Unknown,5,Monday,24.66,Contact-with,1.0
Forklift,General Construction,Unknown,Clear/Unknown,5,Monday,29.69,Pinch-Point,1.0
Truck,General Construction,Unknown,Clear/Unknown,5,Monday,55.45,Struck-by,1.0
Truck,General Construction,Unknown,Clear/Unknown,5,Tuesday,43.86,Fall,1.0
Forklift,Loading/Unloading,Unknown,Clear/Unknown,5,Tuesday,37.54,Fall,1.0
Truck,General Construction,Unknown,Clear/Unknown,5,Wednesday,41.43,Burns,1.0
Truck,General Construction,Unknown,Clear/Unknown,5,Thursday,47.19,Caught-in,1.0
Crane,General Construction,Unknown,Clear/Unknown,5,Thursday,43.58,Tip-over,1.0
Truck,Loading/Unloading,Unknown,Clear/Unknown,5,Thursday,50.92,Fall,1.0
Truck,General Construction,Unknown,Clear/Unknown,5,Thursday,48.99,Electrocution,1.0
Dump Truck,Loading/Unloading,Unknown,Clear/Unknown,5,Monday,68.37,Caught-in,4.0
Truck,Loading/Unloading,Unknown,Clear/Unknown,5,Tuesday,50.92,Fall,1.0
Forklift,General Construction,Unknown,Clear/Unknown,5,Tuesday,46.43,Struck-by,1.0
Forklift,General Construction,Unknown,Clear/Unknown,5,Tuesday,35.62,Fall,1.0
Roller,General Construction,Unknown,Clear/Unknown,5,Wednesday,41.97,Tip-over,1.0
Truck,General Construction,Unknown,Clear/Unknown,5,Wednesday,48.58,Tip-over,1.0
Crane,Setup/Positioning,Unknown,Clear/Unknown,5,Wednesday,38.06,Caught-in,1.0
Dump Truck,Loading/Unloading,Unknown,Clear/Unknown,5,Thursday,34.16,Fall,1.0
Forklift,General Construction,Unknown,Clear/Unknown,5,Friday,46.43,Struck-by,1.0
Aerial Lift,General Construction,Unknown,Clear/Unknown,5,Thursday,72.66,Struck-by,4.0
Loader,Loading/Unloading,Unknown,Clear/Unknown,5,Thursday,34.44,Fall,1.0
Truck,Operating,Unknown,Clear/Unknown,5,Friday,48.3,Struck-by,1.0
Aerial Lift,General Construction,Unknown,Clear/Unknown,6,Saturday,23.33,Other,1.0
Truck,Operating,Unknown,Clear/Unknown,6,Monday,40.63,Fall,1.0
Dump Truck,Setup/Positioning,Unknown,Clear/Unknown,6,Tuesday,39.16,Struck-by,1.0
Bulldozer,General Construction,Unknown,Clear/Unknown,6,Tuesday,22.17,Other,1.0
Aerial Lift,General Construction,Unknown,Clear/Unknown,6,Tuesday,39.66,Struck-by,1.0
Truck,General Construction,Unknown,Clear/Unknown,6,Wednesday,55.45,Struck-by,1.0
Truck,Operating,Unknown,Clear/Unknown,6,Wednesday,40.63,Fall,1.0
Roller,General Construction,Unknown,Clear/Unknown,6,Monday,41.97,Tip-over,1.0
Truck,Operating,Unknown,Clear/Unknown,6,Tuesday,70.3,Struck-by,3.0
Truck,Loading/Unloading,Unknown,Clear/Unknown,6,Tuesday,42.96,Caught-in,1.0
Forklift,Loading/Unloading,Unknown,Clear/Unknown,6,Tuesday,42.67,Struck-by,1.0
Backhoe,Excavation,Unknown,Clear/Unknown,6,Wednesday,38.8,Struck-by,1.0
Crane,General Construction,Unknown,Clear/Unknown,6,Thursday,73.14,Caught-in,4.0
Truck,General Construction,Unknown,Clear/Unknown,6,Friday,43.86,Fall,1.0
Crane,General Construction,Unknown,Clear/Unknown,6,Monday,36.16,Fall,1.0
Truck,Loading/Unloading,Unknown,Heat,6,Tuesday,42.11,Other,1.0
Truck,General Construction,Unknown,Clear/Unknown,6,Wednesday,59.58,Tip-over,2.0
Excavator,General Construction,Unknown,Clear/Unknown,6,Thursday,45.36,Struck-by,1.0
Loader,General Construction,Unknown,Clear/Unknown,6,Thursday,42.26,Back-over,1.0
Forklift,General Construction,Unknown,Clear/Unknown,6,Friday,79.43,Struck-by,4.0
Truck,Loading/Unloading,Unknown,Clear/Unknown,6,Friday,32.43,Contact-with,1.0
Truck,Loading/Unloading,Unknown,Clear/Unknown,6,Friday,50.92,Fall,1.0
Dump Truck,Loading/Unloading,Unknown,Clear/Unknown,6,Monday,34.16,Fall,1.0
Truck,Loading/Unloading,Unknown,Clear/Unknown,6,Monday,50.92,Fall,1.0
Truck,General Construction,Unknown,Clear/Unknown,6,Tuesday,55.45,Struck-by,1.0
Forklift,Loading/Unloading,Unknown,Clear/Unknown,6,Tuesday,37.54,Fall,1.0
Loader,General Construction,Unknown,Clear/Unknown,6,Wednesday,43.45,Struck-by,1.0
Truck,Operating,Unknown,Clear/Unknown,6,Wednesday,48.3,Struck-by,1.0
Truck,Loading/Unloading,Unknown,Clear/Unknown,6,Wednesday,50.92,Fall,1.0
Excavator,Loading/Unloading,Unknown,Clear/Unknown,6,Thursday,34.84,Fall,1.0
Truck,General Construction,Unknown,Clear/Unknown,6,Thursday,55.45,Struck-by,1.0
Truck,General Construction,Unknown,Clear/Unknown,6,Friday,55.45,Struck-by,1.0
Excavator,General Construction,Unknown,Clear/Unknown,6,Saturday,45.36,Struck-by,1.0
Dump Truck,Loading/Unloading,Unknown,Clear/Unknown,7,Monday,34.16,Fall,1.0
Crane,Setup/Positioning,Unknown,Clear/Unknown,7,Tuesday,60.06,Caught-in,3.0
Truck,Operating,Unknown,Clear/Unknown,7,Wednesday,57.97,Electrocution,2.0
Crane,Loading/Unloading,Unknown,Clear/Unknown,7,Wednesday,38.77,Caught-in,1.0
Crane,Loading/Unloading,Unknown,Clear/Unknown,7,Thursday,38.65,Fall,1.0
Forklift,Loading/Unloading,Unknown,Clear/Unknown,7,Monday,35.73,Burns,1.0
Truck,Loading/Unloading,Unknown,Clear/Unknown,7,Monday,50.92,Fall,1.0
Crane,General Construction,Unknown,Clear/Unknown,7,Monday,45.57,Struck-by,1.0
Truck,Loading/Unloading,Unknown,Clear/Unknown,7,Tuesday,50.92,Fall,1.0
Loader,General Construction,Unknown,Clear/Unknown,7,Tuesday,43.45,Struck-by,1.0
Truck,General Construction,Unknown,Clear/Unknown,7,Tuesday,55.45,Struck-by,1.0
Truck,Operating,Unknown,Clear/Unknown,7,Wednesday,48.3,Struck-by,1.0
Dump Truck,Operating,Unknown,Rain,7,Wednesday,54.2,Collision,1.0
Concrete Mixer,General Construction,Unknown,Clear/Unknown,7,Wednesday,37.64,Caught-in,1.0
Crane,General Construction,Unknown,Clear/Unknown,7,Wednesday,62.14,Caught-in,3.0
Forklift,General Construction,Unknown,Clear/Unknown,7,Thursday,79.43,Struck-by,4.0
Excavator,Loading/Unloading,Unknown,Clear/Unknown,7,Thursday,40.95,Struck-by,1.0
Truck,General Construction,Unknown,Clear/Unknown,7,Friday,55.45,Struck-by,1.0
Roller,General Construction,Unknown,Clear/Unknown,7,Saturday,24.18,Other,1.0
Forklift,Operating,Unknown,Clear/Unknown,7,Saturday,42.7,Tip-over,1.0
Crane,General Construction,Unknown,Clear/Unknown,7,Saturday,40.14,Caught-in,1.0
Truck,General Construction,Unknown,Clear/Unknown,7,Saturday,55.45,Struck-by,1.0
Truck,General Construction,Unknown,Clear/Unknown,7,Monday,47.19,Caught-in,1.0
Truck,General Construction,Unknown,Clear/Unknown,7,Monday,55.45,Struck-by,1.0
Truck,General Construction,Unknown,Rain,7,Wednesday,46.36,Other,1.0
Paver,General Construction,Unknown,Clear/Unknown,7,Wednesday,32.45,Fall,1.0
Excavator,General Construction,Unknown,Clear/Unknown,7,Thursday,59.29,Caught-in,3.0
Trencher,General Construction,Unknown,Clear/Unknown,7,Friday,36.18,Collision,1.0
Truck,General Construction,Unknown,Clear/Unknown,7,Friday,69.19,Caught-in,3.0
Truck,Operating,Unknown,Clear/Unknown,7,Friday,64.31,Caught-in,3.0
Truck,General Construction,Unknown,Clear/Unknown,7,Saturday,43.86,Fall,1.0
Crane,Setup/Positioning,Unknown,Clear/Unknown,7,Monday,60.06,Caught-in,3.0
Excavator,Loading/Unloading,Unknown,Clear/Unknown,7,Monday,36.36,Caught-in,1.0
Crane,Idling/Parked,Unknown,Clear/Unknown,7,Tuesday,63.57,Struck-by,3.0
Excavator,General Construction,Unknown,Clear/Unknown,7,Tuesday,45.36,Struck-by,1.0
Truck,Operating,Unknown,Clear/Unknown,7,Wednesday,46.97,Electrocution,1.0
Excavator,Excavation,Unknown,Clear/Unknown,7,Wednesday,41.05,Struck-by,1.0
Truck,Operating,Unknown,Clear/Unknown,7,Thursday,48.3,Struck-by,1.0
Dump Truck,General Construction,Unknown,Clear/Unknown,7,Thursday,40.34,Struck-by,1.0
Forklift,Excavation,Unknown,Clear/Unknown,7,Friday,40.77,Struck-by,1.0
Truck,General Construction,Unknown,Clear/Unknown,7,Friday,47.19,Caught-in,1.0
Aerial Lift,Loading/Unloading,Unknown,Clear/Unknown,7,Monday,34.2,Fall,1.0
Crane,Loading/Unloading,Unknown,Clear/Unknown,7,Monday,60.77,Caught-in,3.0
Truck,Loading/Unloading,Unknown,Clear/Unknown,7,Monday,69.52,Struck-by,3.0
Crane,Setup/Positioning,Unknown,Clear/Unknown,7,Monday,38.06,Caught-in,1.0
Roller,General Construction,Unknown,Clear/Unknown,7,Wednesday,40.17,Struck-by,1.0
Loader,General Construction,Unknown,Clear/Unknown,7,Wednesday,58.9,Caught-in,3.0
Truck,General Construction,Unknown,Clear/Unknown,8,Thursday,47.19,Caught-in,1.0
Forklift,General Construction,Unknown,Clear/Unknown,8,Thursday,46.43,Struck-by,1.0
Aerial Lift,General Construction,Unknown,Clear/Unknown,8,Friday,40.79,Electrocution,1.0
Crane,General Construction,Unknown,Clear/Unknown,8,Sunday,40.14,Caught-in,1.0
Truck,Loading/Unloading,Unknown,Heat,8,Monday,42.11,Other,1.0
Truck,Loading/Unloading,Unknown,Clear/Unknown,8,Monday,48.02,Tip-over,1.0
Forklift,Loading/Unloading,Unknown,Clear/Unknown,8,Tuesday,62.25,Pinch-Point,4.0
Bulldozer,General Construction,Unknown,Clear/Unknown,8,Tuesday,22.17,Other,1.0
Pile Driver,General Construction,Unknown,Clear/Unknown,8,Tuesday,55.68,Caught-in,3.0
Excavator,Excavation,Unknown,Clear/Unknown,8,Wednesday,36.45,Caught-in,1.0
Excavator,General Construction,Unknown,Clear/Unknown,8,Wednesday,45.36,Struck-by,1.0
Truck,General Construction,Unknown,Clear/Unknown,8,Wednesday,41.43,Burns,1.0
Truck,General Construction,Unknown,Clear/Unknown,8,Friday,55.45,Struck-by,1.0
Dump Truck,General Construction,Unknown,Clear/Unknown,8,Friday,43.01,Run-over,1.0
Truck,Loading/Unloading,Unknown,Clear/Unknown,8,Monday,50.92,Fall,1.0
Truck,Loading/Unloading,Unknown,Clear/Unknown,8,Wednesday,50.92,Fall,1.0
Truck,General Construction,Unknown,Clear/Unknown,8,Thursday,80.19,Caught-in,4.0
Truck,Operating,Unknown,Clear/Unknown,8,Thursday,79.97,Electrocution,4.0
Truck,General Construction,Unknown,Clear/Unknown,8,Friday,54.86,Fall,2.0
Forklift,Loading/Unloading,Unknown,Clear/Unknown,8,Saturday,37.54,Fall,1.0
Backhoe,Loading/Unloading,Unknown,Clear/Unknown,8,Tuesday,38.96,Struck-by,1.0
Forklift,General Construction,Unknown,Clear/Unknown,8,Tuesday,44.59,Run-over,1.0
Crane,Maintenance,Unknown,Clear/Unknown,8,Friday,41.57,Struck-by,1.0
Truck,General Construction,Unknown,Clear/Unknown,8,Friday,59.58,Tip-over,2.0
Truck,Loading/Unloading,Unknown,Clear/Unknown,8,Monday,50.92,Fall,1.0
Crane,General Construction,Unknown,Clear/Unknown,8,Tuesday,67.57,Struck-by,3.0
Truck,General Construction,Unknown,Muddy,8,Wednesday,100.0,Struck-by,3.0
Truck,General Construction,Unknown,Clear/Unknown,8,Thursday,55.45,Struck-by,1.0
Truck,General Construction,Unknown,Clear/Unknown,8,Thursday,47.19,Caught-in,1.0
Truck,General Construction,Unknown,Clear/Unknown,9,Tuesday,48.58,Tip-over,1.0
Forklift,General Construction,Unknown,Clear/Unknown,9,Tuesday,46.43,Struck-by,1.0
Forklift,General Construction,Unknown,Clear/Unknown,9,Wednesday,46.43,Struck-by,1.0
Excavator,Loading/Unloading,Unknown,Clear/Unknown,9,Monday,40.95,Struck-by,1.0
Crane,Loading/Unloading,Unknown,Clear/Unknown,9,Monday,38.65,Fall,1.0
Forklift,General Construction,Unknown,Clear/Unknown,9,Tuesday,46.43,Struck-by,1.0
Crane,General Construction,Unknown,Clear/Unknown,9,Wednesday,45.57,Struck-by,1.0
Crane,General Construction,Unknown,Rain,9,Wednesday,62.77,Electrocution,1.0
Truck,General Construction,Unknown,Clear/Unknown,9,Thursday,48.99,Electrocution,1.0
Concrete Pump,Setup/Positioning,Unknown,Clear/Unknown,9,Thursday,58.63,Caught-in,3.0
Loader,General Construction,Unknown,Clear/Unknown,9,Thursday,43.45,Struck-by,1.0
Truck,Loading/Unloading,Unknown,Clear/Unknown,9,Thursday,64.96,Caught-in,3.0
Truck,General Construction,Unknown,Clear/Unknown,9,Thursday,55.45,Struck-by,1.0
Truck,General Construction,Unknown,Clear/Unknown,9,Thursday,43.86,Fall,1.0
Truck,General Construction,Unknown,Clear/Unknown,9,Thursday,69.19,Caught-in,3.0
Truck,General Construction,Unknown,Clear/Unknown,9,Friday,33.33,Contact-with,1.0
Crane,General Construction,Unknown,Clear/Unknown,9,Saturday,40.14,Caught-in,1.0
Truck,General Construction,Unknown,Clear/Unknown,9,Saturday,55.45,Struck-by,1.0
Truck,Loading/Unloading,Unknown,Clear/Unknown,9,Monday,50.92,Fall,1.0
Forklift,General Construction,Unknown,Clear/Unknown,9,Monday,35.62,Fall,1.0
Truck,Loading/Unloading,Unknown,Clear/Unknown,9,Tuesday,50.92,Fall,1.0
Crane,Loading/Unloading,Unknown,Clear/Unknown,9,Tuesday,38.65,Fall,1.0
Truck,General Construction,Unknown,Clear/Unknown,9,Tuesday,31.88,Other,1.0
Excavator,General Construction,Unknown,Heat,9,Wednesday,34.04,Other,1.0
Forklift,Loading/Unloading,Unknown,Clear/Unknown,9,Wednesday,42.67,Struck-by,1.0
Forklift,Loading/Unloading,Unknown,Clear/Unknown,9,Thursday,42.67,Struck-by,1.0
Aerial Lift,General Construction,Unknown,Clear/Unknown,9,Thursday,73.79,Electrocution,4.0
Loader,Loading/Unloading,Unknown,Clear/Unknown,9,Friday,40.06,Struck-by,1.0
Truck,General Construction,Unknown,Clear/Unknown,9,Friday,47.19,Caught-in,1.0
Excavator,General Construction,Unknown,Clear/Unknown,9,Friday,45.36,Struck-by,1.0
Truck,General Construction,Unknown,Clear/Unknown,9,Monday,55.45,Struck-by,1.0
Forklift,Loading/Unloading,Unknown,Clear/Unknown,9,Monday,42.7,Tip-over,1.0
Excavator,General Construction,Unknown,Clear/Unknown,9,Monday,34.68,Fall,1.0
Truck,General Construction,Unknown,Clear/Unknown,9,Monday,80.19,Caught-in,4.0
Truck,General Construction,Unknown,Clear/Unknown,9,Tuesday,55.45,Struck-by,1.0
Loader,Operating,Unknown,Clear/Unknown,9,Wednesday,57.78,Caught-in,3.0
Excavator,General Construction,Unknown,Clear/Unknown,9,Wednesday,24.96,Other,1.0
Forklift,Loading/Unloading,Unknown,Clear/Unknown,9,Wednesday,37.54,Fall,1.0
Loader,General Construction,Unknown,Clear/Unknown,9,Thursday,43.45,Struck-by,1.0
Truck,Maintenance,Unknown,Clear/Unknown,9,Thursday,32.46,Contact-with,1.0
Loader,General Construction,Unknown,Clear/Unknown,9,Thursday,34.04,Fall,1.0
Excavator,General Construction,Unknown,Clear/Unknown,9,Friday,45.36,Struck-by,1.0
Forklift,General Construction,Unknown,Clear/Unknown,9,Friday,71.57,Caught-in,4.0
Crane,General Construction,Unknown,Clear/Unknown,9,Saturday,61.15,Contact-with,4.0
Forklift,Loading/Unloading,Unknown,Clear/Unknown,9,Monday,37.54,Fall,1.0
Loader,General Construction,Unknown,Clear/Unknown,9,Monday,36.9,Caught-in,1.0
Forklift,General Construction,Unknown,Clear/Unknown,9,Monday,43.16,Tip-over,1.0
Truck,General Construction,Unknown,Clear/Unknown,9,Monday,47.19,Caught-in,1.0
Truck,General Construction,Unknown,Clear/Unknown,10,Tuesday,47.19,Caught-in,1.0
Crane,General Construction,Unknown,Clear/Unknown,10,Tuesday,67.57,Struck-by,3.0
Dump Truck,General Construction,Unknown,Clear/Unknown,10,Friday,33.48,Fall,1.0
Truck,Loading/Unloading,Unknown,Clear/Unknown,10,Sunday,50.92,Fall,1.0
Aerial Lift,Loading/Unloading,Unknown,Clear/Unknown,10,Monday,34.2,Fall,1.0
Crane,General Construction,Unknown,Clear/Unknown,10,Monday,45.57,Struck-by,1.0
Truck,Loading/Unloading,Unknown,Clear/Unknown,10,Monday,50.92,Fall,1.0
Excavator,General Construction,Unknown,Clear/Unknown,10,Tuesday,45.36,Struck-by,1.0
Dump Truck,General Construction,Unknown,Clear/Unknown,10,Tuesday,62.34,Struck-by,3.0
Truck,General Construction,Unknown,Clear/Unknown,10,Wednesday,31.88,Other,1.0
Truck,General Construction,Unknown,Clear/Unknown,10,Wednesday,43.86,Fall,1.0
Truck,Loading/Unloading,Unknown,Clear/Unknown,10,Wednesday,50.92,Fall,1.0
Forklift,General Construction,Unknown,Clear/Unknown,10,Thursday,46.43,Struck-by,1.0
Crane,General Construction,Unknown,Clear/Unknown,10,Friday,40.14,Caught-in,1.0
Crane,General Construction,Unknown,Clear/Unknown,10,Monday,36.16,Fall,1.0
Truck,Loading/Unloading,Unknown,Clear/Unknown,10,Monday,50.92,Fall,1.0
Forklift,Loading/Unloading,Unknown,Clear/Unknown,10,Monday,37.36,Caught-in,1.0
Truck,General Construction,Unknown,Clear/Unknown,10,Monday,55.45,Struck-by,1.0
Crane,General Construction,Unknown,Clear/Unknown,10,Wednesday,45.57,Struck-by,1.0
Excavator,General Construction,Unknown,Clear/Unknown,10,Thursday,45.36,Struck-by,1.0
Truck,General Construction,Unknown,Clear/Unknown,10,Thursday,55.45,Struck-by,1.0
Excavator,Excavation,Unknown,Muddy,10,Thursday,53.02,Caught-in,1.0
Truck,Loading/Unloading,Unknown,Clear/Unknown,10,Thursday,50.92,Fall,1.0
Truck,General Construction,Unknown,Clear/Unknown,10,Friday,55.45,Struck-by,1.0
Excavator,Maintenance,Unknown,Clear/Unknown,10,Friday,34.21,Fall,1.0
Backhoe,Loading/Unloading,Unknown,Clear/Unknown,10,Monday,38.96,Struck-by,1.0
Backhoe,Loading/Unloading,Unknown,Clear/Unknown,10,Monday,38.96,Struck-by,1.0
Grader,General Construction,Unknown,Clear/Unknown,10,Monday,36.96,Struck-by,1.0
Crane,General Construction,Unknown,Clear/Unknown,10,Tuesday,45.57,Struck-by,1.0
Crane,Setup/Positioning,Unknown,Clear/Unknown,10,Wednesday,42.0,Struck-by,1.0
Loader,Loading/Unloading,Unknown,Clear/Unknown,10,Wednesday,40.06,Struck-by,1.0
Paver,General Construction,Unknown,Clear/Unknown,10,Wednesday,38.2,Struck-by,1.0
Excavator,General Construction,Unknown,Clear/Unknown,10,Thursday,59.29,Caught-in,3.0
Truck,General Construction,Unknown,Clear/Unknown,10,Friday,49.94,Run-over,1.0
Aerial Lift,General Construction,Unknown,Clear/Unknown,10,Monday,40.79,Electrocution,1.0
Truck,General Construction,Unknown,Clear/Unknown,10,Monday,43.86,Fall,1.0
Truck,Loading/Unloading,Unknown,Clear/Unknown,10,Monday,48.02,Tip-over,1.0
Excavator,General Construction,Unknown,Clear/Unknown,10,Wednesday,34.68,Fall,1.0
Truck,Loading/Unloading,Unknown,Clear/Unknown,10,Wednesday,50.92,Fall,1.0
Crane,Loading/Unloading,Unknown,Clear/Unknown,10,Thursday,38.77,Caught-in,1.0
Truck,General Construction,Unknown,Clear/Unknown,11,Friday,34.82,Pinch-Point,1.0
Crane,General Construction,Unknown,Clear/Unknown,11,Monday,30.05,Pinch-Point,1.0
Forklift,General Construction,Unknown,Clear/Unknown,11,Monday,46.43,Struck-by,1.0
Truck,General Construction,Unknown,Clear/Unknown,11,Tuesday,69.19,Caught-in,3.0
Roller,Operating,Unknown,Clear/Unknown,11,Tuesday,39.65,Struck-by,1.0
Crane,Setup/Positioning,Unknown,Clear/Unknown,11,Tuesday,38.06,Caught-in,1.0
Concrete Mixer,General Construction,Unknown,Clear/Unknown,11,Wednesday,59.64,Caught-in,3.0
Excavator,Excavation,Unknown,Clear/Unknown,11,Wednesday,41.05,Struck-by,1.0
Concrete Pump,Maintenance,Unknown,Clear/Unknown,11,Wednesday,58.63,Caught-in,3.0
Crane,Loading/Unloading,Unknown,Clear/Unknown,11,Wednesday,43.83,Struck-by,1.0
Forklift,General Construction,Unknown,Clear/Unknown,11,Thursday,46.43,Struck-by,1.0
Crane,General Construction,Unknown,Rain,11,Thursday,66.29,Struck-by,1.0
Forklift,General Construction,Unknown,Clear/Unknown,11,Thursday,46.43,Struck-by,1.0
Excavator,General Construction,Unknown,Clear/Unknown,11,Friday,37.29,Caught-in,1.0
Aerial Lift,Loading/Unloading,Unknown,Clear/Unknown,11,Friday,38.51,Struck-by,1.0
Truck,Loading/Unloading,Unknown,Clear/Unknown,11,Sunday,50.92,Fall,1.0
Dump Truck,General Construction,Unknown,Clear/Unknown,11,Sunday,40.34,Struck-by,1.0
Loader,Loading/Unloading,Unknown,Clear/Unknown,11,Monday,34.44,Fall,1.0
Truck,General Construction,Unknown,Clear/Unknown,11,Tuesday,55.45,Struck-by,1.0
Truck,Maintenance,Unknown,Clear/Unknown,11,Tuesday,32.46,Contact-with,1.0
Excavator,General Construction,Unknown,Clear/Unknown,11,Tuesday,37.29,Caught-in,1.0
Truck,General Construction,Unknown,Clear/Unknown,11,Wednesday,48.99,Electrocution,1.0
Truck,Loading/Unloading,Unknown,Clear/Unknown,11,Thursday,50.92,Fall,1.0
Excavator,General Construction,Unknown,Clear/Unknown,11,Thursday,37.29,Caught-in,1.0
Crane,Loading/Unloading,Unknown,Clear/Unknown,11,Thursday,43.83,Struck-by,1.0
Excavator,Loading/Unloading,Unknown,Clear/Unknown,11,Monday,58.36,Caught-in,3.0
Aerial Lift,General Construction,Unknown,Clear/Unknown,11,Monday,33.05,Fall,1.0
Crane,Maintenance,Unknown,Clear/Unknown,11,Monday,37.84,Caught-in,1.0
Truck,Loading/Unloading,Unknown,Clear/Unknown,11,Tuesday,50.92,Fall,1.0
Truck,General Construction,Unknown,Clear/Unknown,11,Tuesday,55.45,Struck-by,1.0
Truck,Operating,Unknown,Clear/Unknown,11,Tuesday,48.3,Struck-by,1.0
Truck,Excavation,Unknown,Clear/Unknown,11,Tuesday,45.72,Struck-by,1.0
Truck,Loading/Unloading,Unknown,Clear/Unknown,11,Wednesday,50.92,Fall,1.0
Backhoe,General Construction,Unknown,Clear/Unknown,11,Wednesday,36.72,Collision,1.0
Crane,General Construction,Unknown,Clear/Unknown,11,Thursday,73.14,Caught-in,4.0
Forklift,General Construction,Unknown,Clear/Unknown,11,Friday,68.43,Struck-by,3.0
Truck,General Construction,Unknown,Clear/Unknown,11,Sunday,55.45,Struck-by,1.0
Concrete Mixer,Operating,Unknown,Clear/Unknown,11,Monday,60.64,Contact-with,4.0
Aerial Lift,Loading/Unloading,Unknown,Clear/Unknown,11,Tuesday,34.2,Fall,1.0
Truck,Setup/Positioning,Unknown,Clear/Unknown,11,Tuesday,46.31,Struck-by,1.0
Excavator,General Construction,Unknown,Clear/Unknown,12,Monday,45.36,Struck-by,1.0
Crane,General Construction,Unknown,Clear/Unknown,12,Tuesday,62.14,Caught-in,3.0
Truck,Loading/Unloading,Unknown,Clear/Unknown,12,Wednesday,50.92,Fall,1.0
Excavator,Loading/Unloading,Unknown,Clear/Unknown,12,Wednesday,34.84,Fall,1.0
Truck,General Construction,Unknown,Clear/Unknown,12,Wednesday,47.19,Caught-in,1.0
Excavator,General Construction,Unknown,Clear/Unknown,12,Thursday,45.36,Struck-by,1.0
Loader,General Construction,Unknown,Clear/Unknown,12,Thursday,76.45,Struck-by,4.0
Crane,General Construction,Unknown,Clear/Unknown,12,Friday,45.57,Struck-by,1.0
Truck,General Construction,Unknown,Clear/Unknown,12,Tuesday,55.45,Struck-by,1.0
Loader,General Construction,Unknown,Clear/Unknown,12,Tuesday,59.12,Contact-with,4.0
Backhoe,General Construction,Unknown,Clear/Unknown,12,Tuesday,72.83,Struck-by,4.0
Truck,General Construction,Unknown,Clear/Unknown,12,Tuesday,55.45,Struck-by,1.0
Truck,General Construction,Unknown,Clear/Unknown,12,Wednesday,43.86,Fall,1.0
Crane,General Construction,Unknown,Clear/Unknown,12,Wednesday,73.14,Caught-in,4.0
Crane,Loading/Unloading,Unknown,Clear/Unknown,12,Thursday,38.77,Caught-in,1.0
Aerial Lift,Operating,Unknown,Clear/Unknown,12,Friday,56.57,Caught-in,3.0
Excavator,Loading/Unloading,Unknown,Clear/Unknown,12,Monday,40.95,Struck-by,1.0
Truck,Operating,Unknown,Clear/Unknown,12,Tuesday,48.3,Struck-by,1.0
Loader,General Construction,Unknown,Clear/Unknown,12,Wednesday,58.9,Caught-in,3.0
Truck,Loading/Unloading,Unknown,Clear/Unknown,12,Wednesday,50.92,Fall,1.0
Truck,General Construction,Unknown,Clear/Unknown,12,Wednesday,55.45,Struck-by,1.0
Crane,General Construction,Unknown,Clear/Unknown,12,Thursday,36.16,Fall,1.0
Crane,General Construction,Unknown,Clear/Unknown,12,Thursday,40.14,Caught-in,1.0
Crane,General Construction,Unknown,Clear/Unknown,12,Saturday,73.14,Caught-in,4.0
Truck,General Construction,Unknown,Clear/Unknown,12,Monday,77.45,Struck-by,3.0
Backhoe,Excavation,Unknown,Clear/Unknown,12,Thursday,38.8,Struck-by,1.0
Crane,Idling/Parked,Unknown,Clear/Unknown,12,Friday,41.57,Struck-by,1.0
Excavator,General Construction,Unknown,Clear/Unknown,12,Monday,45.36,Struck-by,1.0
Aerial Lift,General Construction,Unknown,Clear/Unknown,12,Monday,40.79,Electrocution,1.0
Crane,General Construction,Unknown,Clear/Unknown,12,Tuesday,45.57,Struck-by,1.0
Truck,General Construction,Unknown,Clear/Unknown,1,Thursday,69.19,Caught-in,3.0
Forklift,Operating,Unknown,Clear/Unknown,1,Monday,41.8,Struck-by,1.0
Truck,General Construction,Unknown,Clear/Unknown,1,Monday,55.45,Struck-by,1.0
Dump Truck,Operating,Unknown,Clear/Unknown,1,Tuesday,57.31,Caught-in,3.0
Truck,General Construction,Unknown,Clear/Unknown,1,Tuesday,55.45,Struck-by,1.0
Concrete Pump,General Construction,Unknown,Clear/Unknown,1,Tuesday,36.82,Caught-in,1.0
Crane,General Construction,Unknown,Clear/Unknown,1,Thursday,62.14,Caught-in,3.0
Crane,Loading/Unloading,Unknown,Clear/Unknown,1,Friday,43.83,Struck-by,1.0
Excavator,General Construction,Unknown,Snow/Ice,1,Saturday,72.51,Fall,1.0
Excavator,Excavation,Unknown,Clear/Unknown,1,Monday,41.05,Struck-by,1.0
Aerial Lift,General Construction,Unknown,Clear/Unknown,1,Tuesday,40.79,Electrocution,1.0
Truck,Loading/Unloading,Unknown,Clear/Unknown,1,Tuesday,69.52,Struck-by,3.0
Excavator,General Construction,Unknown,Clear/Unknown,1,Thursday,67.36,Struck-by,3.0
Forklift,Loading/Unloading,Unknown,Clear/Unknown,1,Saturday,37.54,Fall,1.0
Excavator,Excavation,Unknown,Clear/Unknown,1,Tuesday,41.05,Struck-by,1.0
Forklift,General Construction,Unknown,Clear/Unknown,1,Tuesday,46.43,Struck-by,1.0
Truck,Operating,Unknown,Clear/Unknown,1,Wednesday,44.08,Collision,1.0
Excavator,Loading/Unloading,Unknown,Clear/Unknown,1,Wednesday,34.84,Fall,1.0
Aerial Lift,General Construction,Unknown,Clear/Unknown,1,Wednesday,23.33,Other,1.0
Forklift,Setup/Positioning,Unknown,Clear/Unknown,1,Wednesday,58.89,Caught-in,3.0
Loader,General Construction,Unknown,Clear/Unknown,1,Wednesday,43.45,Struck-by,1.0
Truck,Operating,Unknown,Clear/Unknown,1,Thursday,64.31,Caught-in,3.0
Loader,General Construction,Unknown,Clear/Unknown,1,Friday,69.9,Caught-in,4.0
Truck,General Construction,Unknown,Clear/Unknown,1,Friday,43.86,Fall,1.0
Crane,General Construction,Unknown,Clear/Unknown,1,Friday,62.14,Caught-in,3.0
Truck,Loading/Unloading,Unknown,Clear/Unknown,1,Saturday,61.92,Fall,2.0
Forklift,General Construction,Unknown,Clear/Unknown,1,Monday,60.57,Caught-in,3.0
Truck,General Construction,Unknown,Clear/Unknown,1,Monday,55.45,Struck-by,1.0
Truck,Loading/Unloading,Unknown,Clear/Unknown,1,Tuesday,50.92,Fall,1.0
Aerial Lift,General Construction,Unknown,Clear/Unknown,1,Wednesday,34.98,Caught-in,1.0
Loader,General Construction,Unknown,Clear/Unknown,1,Wednesday,43.45,Struck-by,1.0
Truck,Loading/Unloading,Unknown,Clear/Unknown,1,Wednesday,50.92,Fall,1.0
Truck,General Construction,Unknown,Clear/Unknown,1,Friday,43.86,Fall,1.0
Forklift,General Construction,Unknown,Clear/Unknown,2,Saturday,71.57,Caught-in,4.0
Truck,General Construction,Unknown,Clear/Unknown,2,Monday,69.19,Caught-in,3.0
Forklift,General Construction,Unknown,Clear/Unknown,2,Monday,46.43,Struck-by,1.0
Roller,General Construction,Unknown,Clear/Unknown,2,Tuesday,40.17,Struck-by,1.0
Truck,General Construction,Unknown,Clear/Unknown,2,Tuesday,77.45,Struck-by,3.0
Dump Truck,General Construction,Unknown,Snow/Ice,2,Friday,50.0,Other,1.0
Aerial Lift,General Construction,Unknown,Clear/Unknown,2,Friday,40.79,Electrocution,1.0
Truck,Loading/Unloading,Unknown,Clear/Unknown,2,Friday,50.92,Fall,1.0
Aerial Lift,General Construction,Unknown,Clear/Unknown,2,Monday,40.79,Electrocution,1.0
Truck,Operating,Unknown,Clear/Unknown,2,Monday,47.71,Tip-over,1.0
Forklift,General Construction,Unknown,Clear/Unknown,2,Tuesday,46.43,Struck-by,1.0
Crane,Operating,Unknown,Clear/Unknown,2,Tuesday,35.98,Fall,1.0
Crane,General Construction,Unknown,Clear/Unknown,2,Wednesday,45.57,Struck-by,1.0
Crane,Loading/Unloading,Unknown,Clear/Unknown,2,Wednesday,71.77,Caught-in,4.0
Truck,General Construction,Unknown,Clear/Unknown,2,Wednesday,77.45,Struck-by,3.0
Truck,Loading/Unloading,Unknown,Clear/Unknown,2,Wednesday,50.92,Fall,1.0
Loader,Maintenance,Unknown,Clear/Unknown,2,Friday,26.06,Contact-with,1.0
Loader,General Construction,Unknown,Clear/Unknown,2,Monday,43.45,Struck-by,1.0
Concrete Mixer,General Construction,Unknown,Clear/Unknown,2,Tuesday,70.64,Caught-in,4.0
Excavator,Operating,Unknown,Clear/Unknown,2,Tuesday,40.61,Struck-by,1.0
Crane,Setup/Positioning,Unknown,Clear/Unknown,2,Thursday,60.06,Caught-in,3.0
Truck,General Construction,Unknown,Clear/Unknown,2,Thursday,80.19,Caught-in,4.0
Aerial Lift,Operating,Unknown,Clear/Unknown,2,Thursday,38.48,Struck-by,1.0
Truck,General Construction,Unknown,Snow/Ice,2,Thursday,91.71,Fall,1.0
Truck,General Construction,Unknown,Muddy,2,Thursday,63.8,Fall,1.0
Forklift,Loading/Unloading,Unknown,Clear/Unknown,2,Friday,37.54,Fall,1.0
Truck,Loading/Unloading,Unknown,Clear/Unknown,2,Friday,50.92,Fall,1.0
Aerial Lift,General Construction,Unknown,Clear/Unknown,2,Saturday,23.33,Other,1.0
Truck,Loading/Unloading,Unknown,Clear/Unknown,2,Monday,50.92,Fall,1.0
Crane,General Construction,Unknown,Clear/Unknown,2,Monday,45.57,Struck-by,1.0
Forklift,General Construction,Unknown,Clear/Unknown,2,Tuesday,38.57,Caught-in,1.0
Excavator,General Construction,Night,Clear/Unknown,2,Tuesday,90.73,Struck-by,1.0
Loader,General Construction,Unknown,Clear/Unknown,2,Wednesday,34.04,Fall,1.0
Truck,Loading/Unloading,Unknown,Clear/Unknown,2,Wednesday,50.92,Fall,1.0
Forklift,Loading/Unloading,Unknown,Clear/Unknown,2,Thursday,37.54,Fall,1.0
Crane,Loading/Unloading,Unknown,Clear/Unknown,2,Friday,38.65,Fall,1.0
Forklift,Loading/Unloading,Unknown,Clear/Unknown,2,Friday,37.54,Fall,1.0
Dump Truck,Loading/Unloading,Unknown,Clear/Unknown,3,Monday,34.16,Fall,1.0
Excavator,General Construction,Unknown,Clear/Unknown,3,Wednesday,45.36,Struck-by,1.0
Aerial Lift,General Construction,Unknown,Clear/Unknown,3,Wednesday,40.79,Electrocution,1.0
Excavator,General Construction,Unknown,Clear/Unknown,3,Wednesday,34.68,Fall,1.0
Loader,General Construction,Unknown,Clear/Unknown,3,Tuesday,58.9,Caught-in,3.0
Loader,General Construction,Unknown,Clear/Unknown,3,Thursday,58.9,Caught-in,3.0
Aerial Lift,Loading/Unloading,Unknown,Clear/Unknown,3,Thursday,40.53,Tip-over,1.0
Truck,Loading/Unloading,Unknown,Clear/Unknown,3,Sunday,50.92,Fall,1.0
Truck,General Construction,Unknown,Clear/Unknown,3,Monday,34.82,Pinch-Point,1.0
Roller,General Construction,Unknown,Clear/Unknown,3,Wednesday,58.79,Caught-in,3.0
Truck,General Construction,Unknown,Heat,3,Thursday,66.24,Tip-over,1.0
Forklift,Operating,Unknown,Clear/Unknown,3,Monday,41.8,Struck-by,1.0
Truck,Setup/Positioning,Unknown,Clear/Unknown,3,Monday,34.17,Pinch-Point,1.0
Roller,General Construction,Unknown,Clear/Unknown,3,Monday,58.79,Caught-in,3.0
Truck,General Construction,Unknown,Clear/Unknown,3,Wednesday,34.82,Pinch-Point,1.0
Truck,Loading/Unloading,Unknown,Clear/Unknown,3,Thursday,47.52,Struck-by,1.0
Loader,General Construction,Unknown,Clear/Unknown,3,Friday,43.45,Struck-by,1.0
Truck,General Construction,Unknown,Clear/Unknown,3,Friday,55.45,Struck-by,1.0
Truck,General Construction,Unknown,Clear/Unknown,4,Wednesday,69.19,Caught-in,3.0
Loader,General Construction,Unknown,Clear/Unknown,4,Wednesday,43.45,Struck-by,1.0
Truck,General Construction,Unknown,Clear/Unknown,4,Thursday,55.45,Struck-by,1.0
Crane,Loading/Unloading,Unknown,Clear/Unknown,4,Thursday,42.72,Electrocution,1.0
Loader,Loading/Unloading,Unknown,Clear/Unknown,4,Thursday,35.75,Caught-in,1.0
Truck,General Construction,Unknown,Clear/Unknown,4,Friday,55.45,Struck-by,1.0
Crane,Loading/Unloading,Unknown,Clear/Unknown,4,Friday,65.83,Struck-by,3.0
Truck,Loading/Unloading,Unknown,Clear/Unknown,4,Friday,50.92,Fall,1.0
Forklift,General Construction,Unknown,Clear/Unknown,4,Monday,43.16,Tip-over,1.0
Truck,General Construction,Unknown,Clear/Unknown,4,Tuesday,31.88,Other,1.0
Concrete Mixer,General Construction,Unknown,Clear/Unknown,4,Tuesday,59.64,Caught-in,3.0
Truck,Loading/Unloading,Unknown,Clear/Unknown,4,Wednesday,50.92,Fall,1.0
Truck,Operating,Unknown,Clear/Unknown,4,Wednesday,42.31,Caught-in,1.0
Truck,Loading/Unloading,Unknown,Wind,4,Thursday,87.95,Fall,1.0
Truck,General Construction,Unknown,Clear/Unknown,4,Thursday,69.19,Caught-in,3.0
Roller,Loading/Unloading,Unknown,Clear/Unknown,4,Tuesday,34.03,Fall,1.0
Crane,Loading/Unloading,Unknown,Clear/Unknown,4,Wednesday,38.65,Fall,1.0
Crane,General Construction,Unknown,Clear/Unknown,4,Thursday,45.57,Struck-by,1.0
Forklift,General Construction,Unknown,Clear/Unknown,4,Friday,60.57,Caught-in,3.0
Excavator,Excavation,Unknown,Muddy,4,Friday,59.7,Struck-by,1.0
Truck,General Construction,Unknown,Clear/Unknown,4,Friday,41.43,Burns,1.0
Crane,General Construction,Unknown,Clear/Unknown,4,Monday,45.57,Struck-by,1.0
Truck,General Construction,Unknown,Clear/Unknown,4,Monday,55.45,Struck-by,1.0
Truck,General Construction,Unknown,Clear/Unknown,4,Monday,80.19,Caught-in,4.0
Forklift,General Construction,Unknown,Clear/Unknown,4,Monday,79.43,Struck-by,4.0
Forklift,Setup/Positioning,Unknown,Clear/Unknown,4,Monday,40.9,Struck-by,1.0
Truck,General Construction,Unknown,Clear/Unknown,4,Tuesday,47.19,Caught-in,1.0
Excavator,Maintenance,Unknown,Clear/Unknown,4,Tuesday,40.02,Struck-by,1.0
Crane,Loading/Unloading,Unknown,Clear/Unknown,4,Tuesday,60.77,Caught-in,3.0
Excavator,General Construction,Unknown,Muddy,4,Thursday,65.99,Struck-by,1.0
Concrete Mixer,General Construction,Unknown,Clear/Unknown,5,Friday,37.64,Caught-in,1.0
Crane,Loading/Unloading,Unknown,Clear/Unknown,5,Saturday,60.77,Caught-in,3.0
Truck,General Construction,Unknown,Clear/Unknown,5,Sunday,43.86,Fall,1.0
Truck,General Construction,Unknown,Clear/Unknown,5,Monday,69.19,Caught-in,3.0
Truck,General Construction,Unknown,Clear/Unknown,5,Monday,34.82,Pinch-Point,1.0
Loader,Operating,Unknown,Clear/Unknown,5,Tuesday,40.44,Struck-by,1.0
Dump Truck,Loading/Unloading,Unknown,Wind,5,Wednesday,59.0,Fall,1.0
Loader,General Construction,Unknown,Clear/Unknown,5,Wednesday,43.45,Struck-by,1.0
Truck,Loading/Unloading,Unknown,Clear/Unknown,5,Wednesday,50.92,Fall,1.0
Aerial Lift,General Construction,Unknown,Clear/Unknown,5,Friday,34.98,Caught-in,1.0
Truck,General Construction,Unknown,Clear/Unknown,5,Friday,69.19,Caught-in,3.0
Loader,General Construction,Unknown,Clear/Unknown,5,Friday,41.58,Tip-over,1.0
Roller,Setup/Positioning,Unknown,Clear/Unknown,5,Monday,57.7,Caught-in,3.0
Truck,Idling/Parked,Unknown,Clear/Unknown,5,Monday,45.78,Struck-by,1.0
Truck,Loading/Unloading,Unknown,Clear/Unknown,5,Monday,47.52,Struck-by,1.0
Truck,Loading/Unloading,Unknown,Clear/Unknown,5,Tuesday,50.92,Fall,1.0
Truck,Operating,Unknown,Clear/Unknown,5,Friday,40.63,Fall,1.0
Forklift,Operating,Unknown,Clear/Unknown,5,Friday,59.05,Caught-in,3.0
Forklift,General Construction,Unknown,Clear/Unknown,5,Saturday,46.43,Struck-by,1.0
Truck,General Construction,Unknown,Clear/Unknown,5,Monday,69.19,Caught-in,3.0
Crane,Setup/Positioning,Unknown,Clear/Unknown,5,Tuesday,42.0,Struck-by,1.0
Truck,Loading/Unloading,Unknown,Clear/Unknown,5,Tuesday,46.91,Electrocution,1.0
Crane,Loading/Unloading,Unknown,Clear/Unknown,5,Wednesday,38.65,Fall,1.0
Truck,Loading/Unloading,Unknown,Clear/Unknown,5,Thursday,50.92,Fall,1.0
Truck,Loading/Unloading,Unknown,Clear/Unknown,5,Thursday,50.92,Fall,1.0
Excavator,General Construction,Unknown,Clear/Unknown,5,Friday,45.36,Struck-by,1.0
Forklift,Loading/Unloading,Unknown,Clear/Unknown,5,Friday,37.54,Fall,1.0
Bulldozer,General Construction,Unknown,Clear/Unknown,5,Sunday,55.41,Caught-in,3.0
Excavator,Loading/Unloading,Unknown,Clear/Unknown,5,Tuesday,34.84,Fall,1.0
Crane,General Construction,Unknown,Clear/Unknown,6,Monday,62.14,Caught-in,3.0
Excavator,General Construction,Unknown,Clear/Unknown,6,Wednesday,45.36,Struck-by,1.0
Backhoe,General Construction,Unknown,Heat,6,Thursday,31.82,Other,1.0
Concrete Mixer,General Construction,Unknown,Clear/Unknown,6,Thursday,59.64,Caught-in,3.0
Truck,Loading/Unloading,Unknown,Clear/Unknown,6,Friday,50.92,Fall,1.0
Crane,Loading/Unloading,Unknown,Clear/Unknown,6,Monday,38.65,Fall,1.0
Truck,General Construction,Unknown,Clear/Unknown,6,Monday,55.45,Struck-by,1.0
Roller,General Construction,Unknown,Clear/Unknown,6,Monday,62.17,Struck-by,3.0
Truck,General Construction,Unknown,Clear/Unknown,6,Monday,31.88,Other,1.0
Forklift,Loading/Unloading,Unknown,Clear/Unknown,6,Tuesday,64.67,Struck-by,3.0
Truck,General Construction,Unknown,Clear/Unknown,6,Tuesday,48.99,Electrocution,1.0
Truck,General Construction,Unknown,Clear/Unknown,6,Tuesday,31.88,Other,1.0
Truck,Loading/Unloading,Unknown,Clear/Unknown,6,Tuesday,50.92,Fall,1.0
Forklift,Loading/Unloading,Unknown,Clear/Unknown,6,Thursday,37.36,Caught-in,1.0
Truck,General Construction,Unknown,Clear/Unknown,6,Friday,55.45,Struck-by,1.0
Loader,General Construction,Unknown,Clear/Unknown,6,Friday,43.45,Struck-by,1.0
Truck,General Construction,Unknown,Clear/Unknown,6,Saturday,55.45,Struck-by,1.0
Roller,General Construction,Unknown,Clear/Unknown,6,Monday,41.97,Tip-over,1.0
Truck,General Construction,Unknown,Clear/Unknown,6,Monday,55.45,Struck-by,1.0
Dump Truck,Maintenance,Unknown,Clear/Unknown,6,Tuesday,39.22,Struck-by,1.0
Loader,General Construction,Unknown,Clear/Unknown,6,Tuesday,43.45,Struck-by,1.0
Truck,Loading/Unloading,Unknown,Clear/Unknown,6,Wednesday,50.92,Fall,1.0
Crane,Loading/Unloading,Unknown,Clear/Unknown,6,Wednesday,38.65,Fall,1.0
Loader,General Construction,Unknown,Clear/Unknown,6,Wednesday,58.9,Caught-in,3.0
Crane,Loading/Unloading,Unknown,Clear/Unknown,6,Thursday,38.65,Fall,1.0
Truck,Loading/Unloading,Unknown,Clear/Unknown,6,Thursday,42.96,Caught-in,1.0
Truck,General Construction,Unknown,Clear/Unknown,6,Friday,43.86,Fall,1.0
Truck,General Construction,Unknown,Clear/Unknown,6,Friday,49.94,Run-over,1.0
Forklift,General Construction,Unknown,Clear/Unknown,6,Monday,46.43,Struck-by,1.0
Loader,General Construction,Unknown,Clear/Unknown,6,Tuesday,36.9,Caught-in,1.0
Forklift,General Construction,Unknown,Clear/Unknown,6,Tuesday,46.43,Struck-by,1.0
Forklift,Operating,Unknown,Clear/Unknown,6,Tuesday,41.8,Struck-by,1.0
Roller,General Construction,Unknown,Clear/Unknown,6,Wednesday,36.79,Caught-in,1.0
Excavator,General Construction,Unknown,Clear/Unknown,6,Wednesday,67.36,Struck-by,3.0
Truck,Loading/Unloading,Unknown,Clear/Unknown,6,Wednesday,50.92,Fall,1.0
Roller,General Construction,Unknown,Clear/Unknown,6,Wednesday,62.17,Struck-by,3.0
Truck,General Construction,Unknown,Clear/Unknown,6,Thursday,80.19,Caught-in,4.0
Truck,General Construction,Unknown,Clear/Unknown,6,Friday,31.88,Other,1.0
Excavator,Excavation,Unknown,Clear/Unknown,6,Friday,34.28,Fall,1.0
Forklift,Loading/Unloading,Unknown,Clear/Unknown,6,Friday,37.54,Fall,1.0
Forklift,General Construction,Unknown,Clear/Unknown,6,Friday,79.43,Struck-by,4.0
Truck,Loading/Unloading,Unknown,Clear/Unknown,6,Friday,59.02,Tip-over,2.0
Roller,General Construction,Unknown,Clear/Unknown,6,Friday,58.79,Caught-in,3.0
Forklift,General Construction,Unknown,Clear/Unknown,6,Friday,35.62,Fall,1.0
Truck,Operating,Unknown,Clear/Unknown,6,Friday,44.08,Collision,1.0
Truck,General Construction,Unknown,Clear/Unknown,6,Friday,31.88,Other,1.0
Excavator,Operating,Unknown,Clear/Unknown,6,Monday,41.11,Electrocution,1.0
Truck,General Construction,Unknown,Clear/Unknown,6,Monday,69.19,Caught-in,3.0
Forklift,Loading/Unloading,Unknown,Clear/Unknown,6,Monday,42.67,Struck-by,1.0
Dump Truck,General Construction,Unknown,Clear/Unknown,6,Tuesday,62.34,Struck-by,3.0
Truck,General Construction,Unknown,Clear/Unknown,6,Tuesday,41.43,Burns,1.0
Truck,Idling/Parked,Unknown,Clear/Unknown,6,Tuesday,50.95,Fall,2.0
Backhoe,General Construction,Unknown,Clear/Unknown,6,Tuesday,39.83,Struck-by,1.0
Crane,Loading/Unloading,Unknown,Clear/Unknown,7,Thursday,38.65,Fall,1.0
Truck,General Construction,Unknown,Clear/Unknown,7,Thursday,33.33,Contact-with,1.0
Truck,General Construction,Unknown,Clear/Unknown,7,Thursday,33.33,Contact-with,1.0
Crane,General Construction,Unknown,Clear/Unknown,7,Thursday,45.57,Struck-by,1.0
Excavator,General Construction,Unknown,Clear/Unknown,7,Monday,59.29,Caught-in,3.0
Excavator,General Construction,Unknown,Clear/Unknown,7,Monday,45.36,Struck-by,1.0
Aerial Lift,General Construction,Unknown,Clear/Unknown,7,Tuesday,25.07,Contact-with,1.0
Forklift,Loading/Unloading,Unknown,Clear/Unknown,7,Wednesday,42.67,Struck-by,1.0
Crane,Loading/Unloading,Unknown,Heat,7,Thursday,52.87,Caught-in,1.0
Truck,Loading/Unloading,Unknown,Clear/Unknown,7,Friday,50.92,Fall,1.0
Roller,General Construction,Unknown,Clear/Unknown,7,Tuesday,40.17,Struck-by,1.0
Crane,Loading/Unloading,Unknown,Clear/Unknown,7,Tuesday,43.83,Struck-by,1.0
Truck,Maintenance,Unknown,Clear/Unknown,7,Wednesday,40.13,Fall,1.0
Truck,General Construction,Unknown,Clear/Unknown,7,Wednesday,43.86,Fall,1.0
Truck,Loading/Unloading,Unknown,Clear/Unknown,7,Wednesday,50.92,Fall,1.0
Truck,General Construction,Unknown,Clear/Unknown,7,Wednesday,41.43,Burns,1.0
Roller,General Construction,Unknown,Clear/Unknown,7,Wednesday,40.17,Struck-by,1.0
Truck,Operating,Unknown,Clear/Unknown,7,Wednesday,40.63,Fall,1.0
Crane,Operating,Unknown,Clear/Unknown,7,Thursday,41.97,Struck-by,1.0
Forklift,General Construction,Unknown,Clear/Unknown,7,Friday,35.62,Fall,1.0
Excavator,Loading/Unloading,Unknown,Clear/Unknown,7,Sunday,69.36,Caught-in,4.0
Concrete Mixer,General Construction,Unknown,Heat,7,Monday,35.15,Other,1.0
Aerial Lift,General Construction,Unknown,Clear/Unknown,7,Monday,39.66,Struck-by,1.0
Truck,General Construction,Unknown,Clear/Unknown,7,Monday,47.19,Caught-in,1.0
Truck,General Construction,Unknown,Clear/Unknown,7,Tuesday,48.99,Electrocution,1.0
Dump Truck,Loading/Unloading,Unknown,Clear/Unknown,7,Tuesday,61.34,Struck-by,3.0
Dump Truck,General Construction,Unknown,Clear/Unknown,7,Tuesday,51.44,Electrocution,2.0
Crane,Loading/Unloading,Unknown,Clear/Unknown,7,Wednesday,38.65,Fall,1.0
Excavator,Maintenance,Unknown,Clear/Unknown,7,Wednesday,73.02,Struck-by,4.0
Excavator,Operating,Unknown,Clear/Unknown,7,Thursday,34.21,Fall,1.0
Truck,General Construction,Unknown,Clear/Unknown,7,Friday,47.19,Caught-in,1.0
Forklift,General Construction,Unknown,Clear/Unknown,7,Monday,35.62,Fall,1.0
Roller,Loading/Unloading,Unknown,Clear/Unknown,7,Monday,34.03,Fall,1.0
Truck,Setup/Positioning,Unknown,Clear/Unknown,7,Tuesday,46.31,Struck-by,1.0
Truck,General Construction,Unknown,Clear/Unknown,7,Wednesday,34.82,Pinch-Point,1.0
Truck,Loading/Unloading,Unknown,Clear/Unknown,7,Wednesday,50.92,Fall,1.0
Crane,Operating,Unknown,Clear/Unknown,7,Thursday,41.97,Struck-by,1.0
Excavator,Loading/Unloading,Unknown,Clear/Unknown,7,Thursday,34.84,Fall,1.0
Truck,General Construction,Unknown,Clear/Unknown,7,Thursday,77.45,Struck-by,3.0
Forklift,Excavation,Unknown,Clear/Unknown,8,Saturday,40.77,Struck-by,1.0
Crane,General Construction,Unknown,Clear/Unknown,8,Monday,45.57,Struck-by,1.0
Truck,General Construction,Unknown,Clear/Unknown,8,Tuesday,76.86,Fall,4.0
Crane,General Construction,Unknown,Clear/Unknown,8,Tuesday,45.57,Struck-by,1.0
Forklift,General Construction,Unknown,Clear/Unknown,8,Wednesday,60.57,Caught-in,3.0
Aerial Lift,General Construction,Unknown,Clear/Unknown,8,Wednesday,40.47,Tip-over,1.0
Excavator,General Construction,Unknown,Clear/Unknown,8,Wednesday,45.36,Struck-by,1.0
Loader,Loading/Unloading,Unknown,Clear/Unknown,8,Wednesday,34.44,Fall,1.0
Truck,General Construction,Unknown,Clear/Unknown,8,Thursday,55.45,Struck-by,1.0
Truck,General Construction,Unknown,Clear/Unknown,8,Thursday,31.88,Other,1.0
Truck,General Construction,Unknown,Clear/Unknown,8,Thursday,77.45,Struck-by,3.0
Loader,General Construction,Unknown,Clear/Unknown,8,Friday,24.35,Other,1.0
Truck,General Construction,Unknown,Clear/Unknown,8,Friday,48.99,Electrocution,1.0
Excavator,Operating,Unknown,Clear/Unknown,8,Friday,41.11,Electrocution,1.0
Excavator,General Construction,Unknown,Clear/Unknown,8,Saturday,45.36,Struck-by,1.0
Roller,Maintenance,Unknown,Clear/Unknown,8,Saturday,35.76,Caught-in,1.0
Truck,Setup/Positioning,Unknown,Clear/Unknown,8,Monday,46.88,Electrocution,1.0
Crane,General Construction,Unknown,Clear/Unknown,8,Wednesday,62.14,Caught-in,3.0
Forklift,General Construction,Unknown,Clear/Unknown,8,Thursday,79.43,Struck-by,4.0
Grader,Loading/Unloading,Unknown,Clear/Unknown,8,Friday,36.84,Struck-by,1.0
Crane,Loading/Unloading,Unknown,Clear/Unknown,8,Friday,38.65,Fall,1.0
Roller,Loading/Unloading,Unknown,Clear/Unknown,8,Friday,34.03,Fall,1.0
Excavator,General Construction,Unknown,Clear/Unknown,8,Monday,45.36,Struck-by,1.0
Truck,General Construction,Unknown,Clear/Unknown,8,Monday,80.19,Caught-in,4.0
Crane,General Construction,Unknown,Clear/Unknown,8,Monday,45.57,Struck-by,1.0
Truck,General Construction,Unknown,Rain,8,Tuesday,71.26,Electrocution,1.0
Truck,General Construction,Unknown,Clear/Unknown,8,Tuesday,41.43,Burns,1.0
Truck,General Construction,Unknown,Clear/Unknown,8,Tuesday,55.45,Struck-by,1.0
Truck,Setup/Positioning,Unknown,Clear/Unknown,8,Thursday,46.31,Struck-by,1.0
Truck,Setup/Positioning,Unknown,Clear/Unknown,8,Thursday,57.31,Struck-by,2.0
Paver,General Construction,Unknown,Clear/Unknown,8,Thursday,48.61,Pinch-Point,3.0
Truck,Loading/Unloading,Unknown,Clear/Unknown,8,Saturday,50.92,Fall,1.0
Forklift,General Construction,Unknown,Clear/Unknown,8,Monday,46.43,Struck-by,1.0
Loader,General Construction,Unknown,Clear/Unknown,8,Monday,37.77,Collision,1.0
Forklift,Loading/Unloading,Unknown,Clear/Unknown,8,Monday,64.67,Struck-by,3.0
Truck,Loading/Unloading,Unknown,Clear/Unknown,8,Tuesday,47.52,Struck-by,1.0
Forklift,Loading/Unloading,Unknown,Clear/Unknown,8,Tuesday,42.67,Struck-by,1.0
Dump Truck,General Construction,Unknown,Clear/Unknown,8,Tuesday,40.34,Struck-by,1.0
Truck,Loading/Unloading,Unknown,Clear/Unknown,8,Friday,50.92,Fall,1.0
Truck,General Construction,Unknown,Clear/Unknown,8,Saturday,31.88,Other,1.0
Excavator,Loading/Unloading,Unknown,Clear/Unknown,8,Monday,40.95,Struck-by,1.0
Truck,Loading/Unloading,Unknown,Clear/Unknown,8,Monday,69.52,Struck-by,3.0
Crane,Loading/Unloading,Unknown,Clear/Unknown,8,Monday,43.83,Struck-by,1.0
Excavator,General Construction,Unknown,Clear/Unknown,8,Monday,45.36,Struck-by,1.0
Truck,General Construction,Unknown,Rain,9,Tuesday,100.0,Struck-by,4.0
Crane,General Construction,Unknown,Clear/Unknown,9,Thursday,52.05,Pinch-Point,3.0
Truck,General Construction,Unknown,Rain,9,Friday,100.0,Struck-by,3.0
Excavator,General Construction,Unknown,Clear/Unknown,9,Sunday,34.68,Fall,1.0
Crane,General Construction,Unknown,Clear/Unknown,9,Tuesday,45.57,Struck-by,1.0
Crane,Operating,Unknown,Clear/Unknown,9,Tuesday,41.97,Struck-by,1.0
Excavator,Excavation,Unknown,Clear/Unknown,9,Tuesday,36.45,Caught-in,1.0
Truck,General Construction,Unknown,Clear/Unknown,9,Tuesday,31.88,Other,1.0
Truck,Loading/Unloading,Unknown,Clear/Unknown,9,Wednesday,50.92,Fall,1.0
Crane,General Construction,Unknown,Clear/Unknown,9,Thursday,67.57,Struck-by,3.0
Truck,General Construction,Unknown,Clear/Unknown,9,Thursday,77.45,Struck-by,3.0
Excavator,General Construction,Unknown,Clear/Unknown,9,Friday,41.18,Electrocution,1.0
Truck,Operating,Unknown,Clear/Unknown,9,Friday,48.3,Struck-by,1.0
Crane,Loading/Unloading,Unknown,Clear/Unknown,9,Friday,43.83,Struck-by,1.0
Excavator,General Construction,Unknown,Clear/Unknown,9,Friday,37.29,Caught-in,1.0
Truck,Loading/Unloading,Unknown,Clear/Unknown,9,Monday,64.96,Caught-in,3.0
Truck,Loading/Unloading,Unknown,Clear/Unknown,9,Monday,50.92,Fall,1.0
Truck,Loading/Unloading,Unknown,Clear/Unknown,9,Monday,50.92,Fall,1.0
Aerial Lift,Loading/Unloading,Unknown,Clear/Unknown,9,Monday,34.2,Fall,1.0
Truck,Loading/Unloading,Unknown,Clear/Unknown,9,Tuesday,75.96,Caught-in,4.0
Truck,General Construction,Unknown,Clear/Unknown,9,Wednesday,33.33,Contact-with,1.0
Truck,Mounting/Dismounting,Unknown,Clear/Unknown,9,Thursday,56.75,Struck-by,2.0
Forklift,Loading/Unloading,Unknown,Clear/Unknown,9,Thursday,37.54,Fall,1.0
Loader,General Construction,Unknown,Clear/Unknown,9,Thursday,43.45,Struck-by,1.0
Truck,Operating,Unknown,Clear/Unknown,9,Thursday,48.3,Struck-by,1.0
Truck,General Construction,Unknown,Clear/Unknown,9,Thursday,43.86,Fall,1.0
Truck,General Construction,Unknown,Clear/Unknown,9,Thursday,55.45,Struck-by,1.0
Aerial Lift,General Construction,Unknown,Clear/Unknown,9,Thursday,23.33,Other,1.0
Bulldozer,Operating,Unknown,Clear/Unknown,9,Monday,37.26,Struck-by,1.0
Loader,Loading/Unloading,Unknown,Clear/Unknown,9,Tuesday,34.44,Fall,1.0
Forklift,Loading/Unloading,Unknown,Clear/Unknown,9,Tuesday,37.54,Fall,1.0
Crane,General Construction,Unknown,Clear/Unknown,9,Tuesday,45.57,Struck-by,1.0
Excavator,General Construction,Unknown,Clear/Unknown,9,Tuesday,45.36,Struck-by,1.0
Forklift,Loading/Unloading,Unknown,Clear/Unknown,9,Wednesday,37.54,Fall,1.0
Excavator,Loading/Unloading,Unknown,Clear/Unknown,9,Wednesday,58.36,Caught-in,3.0
Dump Truck,General Construction,Unknown,Clear/Unknown,9,Wednesday,41.27,Tip-over,1.0
Truck,General Construction,Unknown,Clear/Unknown,9,Wednesday,31.88,Other,1.0
Crane,General Construction,Unknown,Clear/Unknown,9,Thursday,47.16,Fall,2.0
Truck,General Construction,Unknown,Clear/Unknown,9,Thursday,55.45,Struck-by,1.0
Crane,Loading/Unloading,Unknown,Clear/Unknown,9,Thursday,43.83,Struck-by,1.0
Forklift,General Construction,Unknown,Clear/Unknown,9,Monday,38.57,Caught-in,1.0
Backhoe,General Construction,Unknown,Clear/Unknown,9,Monday,40.6,Tip-over,1.0
Forklift,Loading/Unloading,Unknown,Clear/Unknown,9,Tuesday,42.67,Struck-by,1.0
Forklift,Loading/Unloading,Unknown,Clear/Unknown,9,Tuesday,42.67,Struck-by,1.0
Truck,General Construction,Unknown,Clear/Unknown,9,Wednesday,47.19,Caught-in,1.0
Truck,Loading/Unloading,Unknown,Clear/Unknown,10,Thursday,42.96,Caught-in,1.0
Backhoe,Loading/Unloading,Unknown,Clear/Unknown,10,Friday,38.96,Struck-by,1.0
Grader,General Construction,Unknown,Clear/Unknown,10,Friday,36.96,Struck-by,1.0
Truck,Loading/Unloading,Unknown,Clear/Unknown,10,Friday,42.96,Caught-in,1.0
Crane,Loading/Unloading,Unknown,Clear/Unknown,10,Friday,38.65,Fall,1.0
Truck,Loading/Unloading,Unknown,Clear/Unknown,10,Friday,50.92,Fall,1.0
Crane,Loading/Unloading,Unknown,Clear/Unknown,10,Monday,43.83,Struck-by,1.0
Loader,General Construction,Unknown,Clear/Unknown,10,Tuesday,43.45,Struck-by,1.0
Crane,Loading/Unloading,Unknown,Clear/Unknown,10,Tuesday,38.65,Fall,1.0
Truck,Operating,Unknown,Rain,10,Tuesday,70.26,Struck-by,1.0
Truck,General Construction,Unknown,Clear/Unknown,10,Thursday,43.86,Fall,1.0
Truck,Loading/Unloading,Unknown,Snow/Ice,10,Thursday,100.0,Fall,1.0
Crane,Loading/Unloading,Unknown,Clear/Unknown,10,Thursday,60.77,Caught-in,3.0
Truck,Loading/Unloading,Unknown,Clear/Unknown,10,Thursday,50.92,Fall,1.0
Truck,General Construction,Unknown,Clear/Unknown,10,Friday,34.82,Pinch-Point,1.0
Dump Truck,Loading/Unloading,Unknown,Clear/Unknown,10,Friday,34.16,Fall,1.0
Dump Truck,Operating,Unknown,Clear/Unknown,10,Friday,37.26,Collision,1.0
Truck,Operating,Unknown,Clear/Unknown,10,Saturday,64.31,Caught-in,3.0
Backhoe,General Construction,Unknown,Clear/Unknown,10,Monday,23.34,Other,1.0
Truck,Maintenance,Unknown,Clear/Unknown,10,Monday,32.46,Contact-with,1.0
Truck,Setup/Positioning,Unknown,Clear/Unknown,10,Monday,46.31,Struck-by,1.0
Excavator,General Construction,Unknown,Clear/Unknown,10,Wednesday,67.36,Struck-by,3.0
Loader,General Construction,Unknown,Clear/Unknown,10,Wednesday,43.45,Struck-by,1.0
Aerial Lift,General Construction,Unknown,Clear/Unknown,10,Wednesday,56.98,Caught-in,3.0
Truck,Loading/Unloading,Unknown,Clear/Unknown,10,Wednesday,50.92,Fall,1.0
Excavator,General Construction,Unknown,Clear/Unknown,10,Friday,45.36,Struck-by,1.0
Loader,General Construction,Unknown,Clear/Unknown,10,Saturday,43.45,Struck-by,1.0
Truck,General Construction,Unknown,Wet Surface,10,Monday,66.24,Tip-over,1.0
Forklift,General Construction,Unknown,Clear/Unknown,10,Tuesday,68.43,Struck-by,3.0
Truck,General Construction,Unknown,Clear/Unknown,10,Tuesday,55.45,Struck-by,1.0
Loader,Operating,Unknown,Clear/Unknown,10,Wednesday,40.44,Struck-by,1.0
Truck,Loading/Unloading,Unknown,Clear/Unknown,10,Thursday,47.52,Struck-by,1.0
Truck,Loading/Unloading,Unknown,Clear/Unknown,10,Friday,30.88,Other,1.0
Excavator,General Construction,Unknown,Clear/Unknown,10,Friday,42.1,Tip-over,1.0
Truck,General Construction,Unknown,Clear/Unknown,10,Friday,44.11,Collision,1.0
Crane,Loading/Unloading,Unknown,Clear/Unknown,10,Saturday,38.77,Caught-in,1.0
Crane,Loading/Unloading,Unknown,Clear/Unknown,10,Monday,38.65,Fall,1.0
Truck,Operating,Unknown,Clear/Unknown,10,Monday,81.3,Struck-by,4.0
Truck,General Construction,Unknown,Clear/Unknown,10,Tuesday,55.45,Struck-by,1.0
Truck,General Construction,Unknown,Clear/Unknown,10,Wednesday,31.88,Other,1.0
Loader,General Construction,Unknown,Clear/Unknown,10,Wednesday,76.45,Struck-by,4.0
Forklift,Loading/Unloading,Unknown,Clear/Unknown,10,Thursday,42.67,Struck-by,1.0
Truck,General Construction,Unknown,Clear/Unknown,10,Friday,55.45,Struck-by,1.0
Roller,General Construction,Unknown,Clear/Unknown,11,Monday,73.17,Struck-by,4.0
Aerial Lift,Loading/Unloading,Unknown,Clear/Unknown,11,Monday,34.2,Fall,1.0
Paver,General Construction,Unknown,Clear/Unknown,11,Monday,40.83,Back-over,1.0
Roller,Loading/Unloading,Unknown,Clear/Unknown,11,Tuesday,41.48,Tip-over,1.0
Loader,General Construction,Unknown,Clear/Unknown,11,Wednesday,58.9,Caught-in,3.0
Truck,General Construction,Unknown,Clear/Unknown,11,Friday,47.19,Caught-in,1.0
Truck,General Construction,Unknown,Clear/Unknown,11,Friday,48.99,Electrocution,1.0
Truck,General Construction,Unknown,Clear/Unknown,11,Monday,55.45,Struck-by,1.0
Aerial Lift,Loading/Unloading,Unknown,Clear/Unknown,11,Monday,34.2,Fall,1.0
Crane,General Construction,Unknown,Clear/Unknown,11,Monday,73.14,Caught-in,4.0
Truck,General Construction,Unknown,Clear/Unknown,11,Tuesday,43.86,Fall,1.0
Truck,General Construction,Unknown,Clear/Unknown,11,Tuesday,47.19,Caught-in,1.0
Truck,General Construction,Unknown,Clear/Unknown,11,Thursday,33.33,Contact-with,1.0
Truck,Loading/Unloading,Unknown,Clear/Unknown,11,Friday,47.52,Struck-by,1.0
Crane,Loading/Unloading,Unknown,Clear/Unknown,11,Friday,43.83,Struck-by,1.0
Crane,General Construction,Unknown,Clear/Unknown,11,Monday,40.14,Caught-in,1.0
Truck,General Construction,Unknown,Clear/Unknown,11,Friday,43.86,Fall,1.0
Excavator,Loading/Unloading,Unknown,Clear/Unknown,11,Friday,40.95,Struck-by,1.0
Truck,Operating,Unknown,Clear/Unknown,11,Saturday,44.08,Collision,1.0
Excavator,General Construction,Unknown,Clear/Unknown,11,Sunday,24.96,Other,1.0
Forklift,Loading/Unloading,Unknown,Clear/Unknown,11,Monday,37.54,Fall,1.0
Loader,General Construction,Unknown,Clear/Unknown,11,Monday,65.45,Struck-by,3.0
Truck,General Construction,Unknown,Clear/Unknown,11,Tuesday,55.45,Struck-by,1.0
Crane,General Construction,Unknown,Muddy,11,Tuesday,98.29,Struck-by,3.0
Truck,Loading/Unloading,Unknown,Clear/Unknown,11,Wednesday,50.92,Fall,1.0
Truck,General Construction,Unknown,Clear/Unknown,11,Wednesday,31.88,Other,1.0
Excavator,General Construction,Unknown,Clear/Unknown,11,Monday,78.36,Struck-by,4.0
Truck,Loading/Unloading,Unknown,Clear/Unknown,11,Monday,50.92,Fall,1.0
Dump Truck,Loading/Unloading,Unknown,Clear/Unknown,11,Monday,34.16,Fall,1.0
Truck,General Construction,Unknown,Clear/Unknown,11,Monday,55.45,Struck-by,1.0
Truck,General Construction,Unknown,Clear/Unknown,12,Thursday,43.86,Fall,1.0
Forklift,General Construction,Unknown,Clear/Unknown,12,Friday,43.16,Tip-over,1.0
Truck,General Construction,Unknown,Clear/Unknown,12,Friday,33.33,Contact-with,1.0
Loader,General Construction,Unknown,Clear/Unknown,12,Monday,43.45,Struck-by,1.0
Crane,General Construction,Unknown,Clear/Unknown,12,Tuesday,62.14,Caught-in,3.0
Aerial Lift,General Construction,Unknown,Clear/Unknown,12,Tuesday,40.79,Electrocution,1.0
Crane,General Construction,Unknown,Clear/Unknown,12,Tuesday,40.14,Caught-in,1.0
Truck,General Construction,Unknown,Clear/Unknown,12,Wednesday,43.86,Fall,1.0
Truck,Loading/Unloading,Unknown,Clear/Unknown,12,Wednesday,50.92,Fall,1.0
Crane,Loading/Unloading,Unknown,Clear/Unknown,12,Monday,38.65,Fall,1.0
Forklift,General Construction,Unknown,Clear/Unknown,12,Tuesday,43.47,Back-over,1.0
Forklift,General Construction,Unknown,Clear/Unknown,12,Wednesday,46.43,Struck-by,1.0
Truck,General Construction,Unknown,Clear/Unknown,12,Wednesday,55.45,Struck-by,1.0
Forklift,Loading/Unloading,Unknown,Clear/Unknown,12,Thursday,37.54,Fall,1.0
Loader,Loading/Unloading,Unknown,Clear/Unknown,12,Thursday,40.06,Struck-by,1.0
Truck,Loading/Unloading,Unknown,Clear/Unknown,12,Friday,50.92,Fall,1.0
Excavator,General Construction,Unknown,Clear/Unknown,12,Saturday,34.68,Fall,1.0
Crane,Loading/Unloading,Unknown,Clear/Unknown,12,Tuesday,43.83,Struck-by,1.0
Excavator,General Construction,Unknown,Muddy,12,Tuesday,65.99,Struck-by,1.0
Forklift,General Construction,Unknown,Clear/Unknown,12,Tuesday,29.69,Pinch-Point,1.0
Forklift,General Construction,Unknown,Clear/Unknown,12,Wednesday,46.43,Struck-by,1.0
Truck,Loading/Unloading,Unknown,Clear/Unknown,12,Tuesday,50.92,Fall,1.0
Crane,General Construction,Unknown,Clear/Unknown,12,Tuesday,67.57,Struck-by,3.0
Truck,General Construction,Unknown,Clear/Unknown,12,Tuesday,48.99,Electrocution,1.0
Truck,Loading/Unloading,Unknown,Clear/Unknown,12,Wednesday,50.92,Fall,1.0
Truck,General Construction,Unknown,Clear/Unknown,1,Monday,69.19,Caught-in,3.0
Loader,General Construction,Unknown,Clear/Unknown,1,Tuesday,58.9,Caught-in,3.0
Truck,Loading/Unloading,Unknown,Clear/Unknown,1,Wednesday,47.52,Struck-by,1.0
Truck,Loading/Unloading,Unknown,Clear/Unknown,1,Wednesday,50.92,Fall,1.0
Crane,Loading/Unloading,Unknown,Clear/Unknown,1,Wednesday,38.65,Fall,1.0
Truck,Operating,Unknown,Clear/Unknown,1,Thursday,40.63,Fall,1.0
Truck,General Construction,Unknown,Clear/Unknown,1,Friday,48.99,Electrocution,1.0
Forklift,General Construction,Unknown,Clear/Unknown,1,Monday,46.43,Struck-by,1.0
Truck,Loading/Unloading,Unknown,Clear/Unknown,1,Tuesday,50.92,Fall,1.0
Crane,Loading/Unloading,Unknown,Clear/Unknown,1,Wednesday,49.65,Fall,2.0
Crane,General Construction,Unknown,Clear/Unknown,1,Wednesday,40.14,Caught-in,1.0
Forklift,General Construction,Unknown,Clear/Unknown,1,Wednesday,46.43,Struck-by,1.0
Backhoe,General Construction,Unknown,Clear/Unknown,1,Wednesday,39.83,Struck-by,1.0
Loader,Maintenance,Unknown,Clear/Unknown,1,Thursday,39.6,Struck-by,1.0
Truck,General Construction,Unknown,Clear/Unknown,1,Thursday,55.45,Struck-by,1.0
Excavator,General Construction,Unknown,Clear/Unknown,1,Thursday,45.36,Struck-by,1.0
Loader,Loading/Unloading,Unknown,Clear/Unknown,1,Friday,40.06,Struck-by,1.0
Truck,Loading/Unloading,Unknown,Clear/Unknown,1,Friday,50.92,Fall,1.0
Truck,General Construction,Unknown,Clear/Unknown,1,Sunday,31.88,Other,1.0
Forklift,Loading/Unloading,Unknown,Clear/Unknown,1,Monday,37.36,Caught-in,1.0
Loader,Operating,Unknown,Clear/Unknown,1,Monday,40.44,Struck-by,1.0
Loader,Loading/Unloading,Unknown,Clear/Unknown,1,Thursday,40.06,Struck-by,1.0
Loader,General Construction,Unknown,Clear/Unknown,1,Friday,43.45,Struck-by,1.0
Forklift,Operating,Unknown,Clear/Unknown,1,Monday,42.7,Tip-over,1.0
Loader,General Construction,Unknown,Clear/Unknown,1,Monday,42.26,Back-over,1.0
Excavator,General Construction,Unknown,Clear/Unknown,1,Monday,45.36,Struck-by,1.0
Truck,General Construction,Unknown,Clear/Unknown,1,Tuesday,69.19,Caught-in,3.0
Truck,Operating,Unknown,Clear/Unknown,1,Wednesday,48.3,Struck-by,1.0
Aerial Lift,Loading/Unloading,Unknown,Clear/Unknown,1,Thursday,45.2,Fall,2.0
Crane,Loading/Unloading,Unknown,Clear/Unknown,1,Thursday,38.77,Caught-in,1.0
Forklift,Loading/Unloading,Unknown,Clear/Unknown,1,Friday,42.67,Struck-by,1.0
Truck,Loading/Unloading,Unknown,Clear/Unknown,1,Friday,64.96,Caught-in,3.0
Forklift,General Construction,Unknown,Clear/Unknown,1,Friday,46.43,Struck-by,1.0
Truck,Operating,Unknown,Clear/Unknown,1,Friday,59.3,Struck-by,2.0
Truck,General Construction,Unknown,Clear/Unknown,2,Monday,49.94,Run-over,1.0
Forklift,Loading/Unloading,Unknown,Clear/Unknown,2,Monday,42.67,Struck-by,1.0
Crane,Loading/Unloading,Unknown,Clear/Unknown,2,Monday,38.65,Fall,1.0
Truck,General Construction,Unknown,Snow/Ice,2,Tuesday,100.0,Fall,3.0
Truck,General Construction,Unknown,Clear/Unknown,2,Wednesday,55.45,Struck-by,1.0
Truck,General Construction,Unknown,Clear/Unknown,2,Wednesday,34.82,Pinch-Point,1.0
Truck,General Construction,Unknown,Snow/Ice,2,Thursday,91.71,Fall,1.0
Truck,General Construction,Unknown,Clear/Unknown,2,Sunday,77.45,Struck-by,3.0
Forklift,General Construction,Unknown,Clear/Unknown,2,Monday,43.16,Tip-over,1.0
Truck,General Construction,Unknown,Clear/Unknown,2,Tuesday,55.45,Struck-by,1.0
Truck,Loading/Unloading,Unknown,Muddy,2,Tuesday,44.92,Other,1.0
Truck,Loading/Unloading,Unknown,Clear/Unknown,2,Tuesday,50.92,Fall,1.0
Truck,General Construction,Unknown,Clear/Unknown,2,Wednesday,55.45,Struck-by,1.0
Truck,Maintenance,Unknown,Snow/Ice,2,Thursday,83.92,Fall,1.0
Excavator,General Construction,Unknown,Clear/Unknown,2,Friday,37.29,Caught-in,1.0
Forklift,General Construction,Unknown,Clear/Unknown,2,Friday,46.43,Struck-by,1.0
Truck,Loading/Unloading,Unknown,Clear/Unknown,2,Monday,50.92,Fall,1.0
Excavator,General Construction,Unknown,Clear/Unknown,2,Thursday,34.68,Fall,1.0
Excavator,General Construction,Unknown,Clear/Unknown,2,Friday,42.1,Tip-over,1.0
Aerial Lift,General Construction,Unknown,Clear/Unknown,2,Saturday,67.98,Caught-in,4.0
Loader,Operating,Unknown,Clear/Unknown,2,Monday,40.44,Struck-by,1.0
Forklift,Operating,Unknown,Clear/Unknown,2,Monday,41.8,Struck-by,1.0
Truck,General Construction,Unknown,Snow/Ice,2,Monday,91.71,Fall,1.0
Truck,General Construction,Unknown,Clear/Unknown,2,Monday,69.19,Caught-in,3.0
Crane,General Construction,Unknown,Wind,2,Tuesday,100.0,Caught-in,3.0
Truck,Loading/Unloading,Unknown,Clear/Unknown,2,Tuesday,50.92,Fall,1.0
Forklift,Loading/Unloading,Unknown,Clear/Unknown,2,Wednesday,59.36,Caught-in,3.0
Truck,Operating,Unknown,Clear/Unknown,2,Wednesday,48.3,Struck-by,1.0
Forklift,General Construction,Unknown,Clear/Unknown,2,Wednesday,46.43,Struck-by,1.0
Roller,General Construction,Unknown,Clear/Unknown,2,Wednesday,58.79,Caught-in,3.0
Crane,Loading/Unloading,Unknown,Clear/Unknown,2,Saturday,71.77,Caught-in,4.0
Forklift,General Construction,Unknown,Clear/Unknown,3,Monday,38.57,Caught-in,1.0
Loader,General Construction,Unknown,Clear/Unknown,3,Wednesday,43.45,Struck-by,1.0
Crane,General Construction,Unknown,Clear/Unknown,3,Monday,62.14,Caught-in,3.0
Truck,General Construction,Unknown,Clear/Unknown,3,Monday,69.19,Caught-in,3.0
Loader,Maintenance,Unknown,Clear/Unknown,3,Tuesday,39.6,Struck-by,1.0
Excavator,General Construction,Unknown,Clear/Unknown,3,Wednesday,45.36,Struck-by,1.0
Truck,General Construction,Unknown,Clear/Unknown,3,Friday,33.33,Contact-with,1.0
Loader,General Construction,Unknown,Clear/Unknown,3,Friday,37.77,Collision,1.0
Crane,Loading/Unloading,Unknown,Clear/Unknown,3,Friday,43.83,Struck-by,1.0
Forklift,General Construction,Unknown,Clear/Unknown,3,Monday,43.16,Tip-over,1.0
Excavator,General Construction,Unknown,Clear/Unknown,3,Tuesday,45.36,Struck-by,1.0
Excavator,General Construction,Unknown,Clear/Unknown,3,Tuesday,45.36,Struck-by,1.0
Crane,General Construction,Unknown,Clear/Unknown,3,Wednesday,73.14,Caught-in,4.0
Truck,Operating,Unknown,Clear/Unknown,3,Wednesday,44.08,Collision,1.0
Truck,General Construction,Unknown,Muddy,3,Friday,68.63,Caught-in,1.0
Truck,Loading/Unloading,Unknown,Clear/Unknown,3,Sunday,50.92,Fall,1.0
Truck,Loading/Unloading,Unknown,Clear/Unknown,3,Monday,50.92,Fall,1.0
Truck,Loading/Unloading,Unknown,Clear/Unknown,3,Tuesday,50.92,Fall,1.0
Forklift,General Construction,Unknown,Clear/Unknown,3,Tuesday,46.43,Struck-by,1.0
Forklift,General Construction,Unknown,Clear/Unknown,3,Tuesday,68.43,Struck-by,3.0
Truck,Loading/Unloading,Unknown,Clear/Unknown,3,Wednesday,75.96,Caught-in,4.0
Backhoe,General Construction,Unknown,Clear/Unknown,3,Wednesday,39.83,Struck-by,1.0
Forklift,Operating,Unknown,Clear/Unknown,3,Wednesday,41.8,Struck-by,1.0
Truck,Operating,Unknown,Clear/Unknown,3,Thursday,48.3,Struck-by,1.0
Truck,Loading/Unloading,Unknown,Clear/Unknown,3,Friday,50.92,Fall,1.0
Backhoe,General Construction,Unknown,Clear/Unknown,3,Saturday,61.83,Struck-by,3.0
Crane,General Construction,Unknown,Wind,3,Saturday,45.57,Other,1.0
Truck,General Construction,Unknown,Clear/Unknown,3,Saturday,77.45,Struck-by,3.0
Truck,General Construction,Unknown,Clear/Unknown,3,Saturday,33.33,Contact-with,1.0
Forklift,General Construction,Unknown,Clear/Unknown,3,Monday,41.99,Electrocution,1.0
Forklift,Loading/Unloading,Unknown,Clear/Unknown,3,Tuesday,37.54,Fall,1.0
Dump Truck,General Construction,Unknown,Clear/Unknown,3,Tuesday,40.44,Electrocution,1.0
Crane,General Construction,Unknown,Clear/Unknown,4,Thursday,36.16,Fall,1.0
Backhoe,General Construction,Unknown,Clear/Unknown,4,Thursday,61.83,Struck-by,3.0
Truck,General Construction,Unknown,Clear/Unknown,4,Saturday,55.45,Struck-by,1.0
Truck,General Construction,Unknown,Clear/Unknown,4,Thursday,55.45,Struck-by,1.0
Forklift,General Construction,Unknown,Clear/Unknown,4,Thursday,46.43,Struck-by,1.0
Truck,Loading/Unloading,Unknown,Clear/Unknown,4,Monday,50.92,Fall,1.0
Truck,Loading/Unloading,Unknown,Clear/Unknown,4,Thursday,50.92,Fall,1.0
Loader,Operating,Unknown,Clear/Unknown,4,Friday,33.85,Fall,1.0
Excavator,General Construction,Unknown,Clear/Unknown,4,Friday,45.36,Struck-by,1.0
Loader,Maintenance,Unknown,Clear/Unknown,4,Friday,66.76,Fall,4.0
Truck,Loading/Unloading,Unknown,Clear/Unknown,4,Friday,50.92,Fall,1.0
Crane,Loading/Unloading,Unknown,Clear/Unknown,4,Friday,43.83,Struck-by,1.0
Truck,Loading/Unloading,Unknown,Clear/Unknown,4,Monday,50.92,Fall,1.0
Forklift,General Construction,Unknown,Clear/Unknown,4,Monday,46.43,Struck-by,1.0
Excavator,Excavation,Unknown,Clear/Unknown,4,Tuesday,41.05,Struck-by,1.0
Dump Truck,General Construction,Unknown,Clear/Unknown,4,Wednesday,40.34,Struck-by,1.0
Crane,Loading/Unloading,Unknown,Clear/Unknown,4,Thursday,38.65,Fall,1.0
Truck,Loading/Unloading,Unknown,Clear/Unknown,4,Friday,50.92,Fall,1.0
Forklift,General Construction,Unknown,Clear/Unknown,4,Friday,46.43,Struck-by,1.0
Excavator,Excavation,Unknown,Clear/Unknown,4,Tuesday,41.05,Struck-by,1.0
Truck,General Construction,Unknown,Clear/Unknown,4,Tuesday,55.45,Struck-by,1.0
Loader,General Construction,Unknown,Clear/Unknown,4,Tuesday,65.45,Struck-by,3.0
Excavator,General Construction,Unknown,Clear/Unknown,4,Tuesday,45.36,Struck-by,1.0
Aerial Lift,General Construction,Unknown,Clear/Unknown,4,Tuesday,34.98,Caught-in,1.0
Truck,Loading/Unloading,Unknown,Clear/Unknown,4,Wednesday,64.96,Caught-in,3.0
Truck,General Construction,Unknown,Clear/Unknown,4,Wednesday,55.45,Struck-by,1.0
Backhoe,General Construction,Unknown,Clear/Unknown,4,Thursday,40.6,Tip-over,1.0
Roller,General Construction,Unknown,Clear/Unknown,4,Friday,41.97,Tip-over,1.0
Crane,General Construction,Unknown,Clear/Unknown,4,Friday,45.57,Struck-by,1.0
Crane,General Construction,Unknown,Clear/Unknown,5,Saturday,43.16,Electrocution,1.0
Truck,General Construction,Unknown,Clear/Unknown,5,Friday,55.45,Struck-by,1.0
Loader,General Construction,Unknown,Clear/Unknown,5,Monday,43.45,Struck-by,1.0
Excavator,Excavation,Unknown,Rain,5,Monday,59.7,Struck-by,1.0
Dump Truck,Loading/Unloading,Unknown,Clear/Unknown,5,Monday,40.31,Electrocution,1.0
Trencher,Loading/Unloading,Unknown,Clear/Unknown,5,Tuesday,32.33,Fall,1.0
Dump Truck,General Construction,Unknown,Clear/Unknown,5,Wednesday,40.34,Struck-by,1.0
Crane,Loading/Unloading,Unknown,Clear/Unknown,5,Thursday,43.83,Struck-by,1.0
Truck,General Construction,Unknown,Clear/Unknown,5,Thursday,48.58,Tip-over,1.0
Forklift,General Construction,Unknown,Clear/Unknown,5,Sunday,38.57,Caught-in,1.0
Backhoe,General Construction,Unknown,Clear/Unknown,5,Tuesday,39.83,Struck-by,1.0
Truck,Loading/Unloading,Unknown,Clear/Unknown,5,Tuesday,50.92,Fall,1.0
Forklift,Loading/Unloading,Unknown,Clear/Unknown,5,Thursday,42.67,Struck-by,1.0
Truck,General Construction,Unknown,Clear/Unknown,5,Thursday,31.88,Other,1.0
Truck,Loading/Unloading,Unknown,Clear/Unknown,5,Thursday,30.88,Other,1.0
Truck,Loading/Unloading,Unknown,Clear/Unknown,5,Sunday,50.92,Fall,1.0
Crane,Loading/Unloading,Unknown,Clear/Unknown,5,Tuesday,43.83,Struck-by,1.0
Excavator,General Construction,Unknown,Clear/Unknown,5,Tuesday,45.36,Struck-by,1.0
Loader,General Construction,Unknown,Clear/Unknown,5,Tuesday,43.45,Struck-by,1.0
Dump Truck,General Construction,Unknown,Clear/Unknown,5,Wednesday,25.68,Contact-with,1.0
Truck,General Construction,Unknown,Clear/Unknown,5,Wednesday,48.99,Electrocution,1.0
Truck,Maintenance,Unknown,Clear/Unknown,5,Wednesday,63.93,Caught-in,3.0
Crane,General Construction,Unknown,Clear/Unknown,5,Thursday,45.57,Struck-by,1.0
Truck,Loading/Unloading,Unknown,Clear/Unknown,5,Thursday,50.92,Fall,1.0
Excavator,General Construction,Unknown,Clear/Unknown,6,Wednesday,24.96,Other,1.0
Truck,Loading/Unloading,Unknown,Clear/Unknown,6,Friday,50.92,Fall,1.0
Crane,General Construction,Unknown,Clear/Unknown,6,Friday,45.57,Struck-by,1.0
Aerial Lift,General Construction,Unknown,Clear/Unknown,6,Friday,33.05,Fall,1.0
Concrete Mixer,General Construction,Unknown,Clear/Unknown,6,Wednesday,70.64,Caught-in,4.0
Crane,General Construction,Unknown,Clear/Unknown,6,Thursday,45.57,Struck-by,1.0
Truck,Loading/Unloading,Unknown,Clear/Unknown,6,Monday,69.52,Struck-by,3.0
Forklift,Loading/Unloading,Unknown,Clear/Unknown,6,Monday,37.54,Fall,1.0
Crane,Loading/Unloading,Unknown,Clear/Unknown,6,Tuesday,43.83,Struck-by,1.0
Grader,General Construction,Unknown,Clear/Unknown,6,Wednesday,21.44,Other,1.0
Crane,Loading/Unloading,Unknown,Clear/Unknown,6,Thursday,43.83,Struck-by,1.0
Excavator,General Construction,Unknown,Clear/Unknown,6,Wednesday,45.36,Struck-by,1.0
Forklift,Loading/Unloading,Unknown,Muddy,6,Wednesday,54.61,Fall,1.0
Excavator,Operating,Unknown,Clear/Unknown,6,Wednesday,40.61,Struck-by,1.0
Truck,General Construction,Unknown,Clear/Unknown,6,Wednesday,43.86,Fall,1.0
Roller,General Construction,Unknown,Clear/Unknown,6,Thursday,58.79,Caught-in,3.0
Truck,Loading/Unloading,Unknown,Clear/Unknown,6,Thursday,50.92,Fall,1.0
Crane,Loading/Unloading,Unknown,Clear/Unknown,6,Friday,43.83,Struck-by,1.0
Forklift,General Construction,Unknown,Clear/Unknown,6,Wednesday,39.0,Collision,1.0
Truck,Loading/Unloading,Unknown,Clear/Unknown,6,Wednesday,47.52,Struck-by,1.0
Truck,Loading/Unloading,Unknown,Clear/Unknown,6,Wednesday,50.92,Fall,1.0
Truck,General Construction,Unknown,Clear/Unknown,6,Wednesday,31.88,Other,1.0
Truck,General Construction,Unknown,Clear/Unknown,6,Wednesday,69.19,Caught-in,3.0
Crane,General Construction,Unknown,Clear/Unknown,7,Thursday,43.16,Electrocution,1.0
Truck,Loading/Unloading,Unknown,Clear/Unknown,7,Thursday,50.92,Fall,1.0
Truck,General Construction,Unknown,Clear/Unknown,7,Saturday,43.86,Fall,1.0
Truck,General Construction,Unknown,Clear/Unknown,7,Tuesday,48.99,Electrocution,1.0
Loader,General Construction,Unknown,Clear/Unknown,7,Tuesday,43.45,Struck-by,1.0
Excavator,Excavation,Unknown,Clear/Unknown,7,Wednesday,74.05,Struck-by,4.0
Excavator,Loading/Unloading,Unknown,Clear/Unknown,7,Thursday,40.95,Struck-by,1.0
Loader,General Construction,Unknown,Muddy,7,Friday,85.67,Caught-in,3.0
Forklift,General Construction,Unknown,Clear/Unknown,7,Friday,65.47,Back-over,3.0
Truck,General Construction,Unknown,Clear/Unknown,7,Friday,48.58,Tip-over,1.0
Truck,General Construction,Unknown,Clear/Unknown,7,Friday,55.45,Struck-by,1.0
Excavator,General Construction,Unknown,Clear/Unknown,7,Monday,45.36,Struck-by,1.0
Forklift,Loading/Unloading,Unknown,Clear/Unknown,7,Tuesday,42.67,Struck-by,1.0
Forklift,Operating,Unknown,Clear/Unknown,7,Tuesday,63.8,Struck-by,3.0
Crane,Operating,Unknown,Clear/Unknown,7,Wednesday,41.97,Struck-by,1.0
Truck,Loading/Unloading,Unknown,Clear/Unknown,7,Wednesday,50.92,Fall,1.0
Loader,General Construction,Unknown,Clear/Unknown,7,Friday,43.45,Struck-by,1.0
Truck,Loading/Unloading,Unknown,Clear/Unknown,7,Friday,30.88,Other,1.0
Excavator,General Construction,Unknown,Clear/Unknown,7,Tuesday,48.61,Contact-with,3.0
Truck,General Construction,Unknown,Clear/Unknown,7,Wednesday,55.45,Struck-by,1.0
Roller,Maintenance,Unknown,Clear/Unknown,7,Monday,24.15,Other,1.0
Aerial Lift,General Construction,Unknown,Clear/Unknown,7,Tuesday,67.98,Caught-in,4.0
Paver,General Construction,Unknown,Heat,7,Tuesday,31.13,Other,1.0
Truck,Loading/Unloading,Unknown,Clear/Unknown,7,Wednesday,30.88,Other,1.0
Truck,Setup/Positioning,Unknown,Muddy,7,Wednesday,46.9,Contact-with,1.0
Pile Driver,Loading/Unloading,Unknown,Clear/Unknown,7,Thursday,37.5,Struck-by,1.0
Aerial Lift,General Construction,Unknown,Clear/Unknown,7,Friday,39.66,Struck-by,1.0
Loader,General Construction,Unknown,Clear/Unknown,8,Tuesday,26.12,Contact-with,1.0
Bulldozer,General Construction,Unknown,Clear/Unknown,8,Wednesday,22.17,Other,1.0
Truck,Operating,Unknown,Clear/Unknown,8,Thursday,51.63,Fall,2.0
Backhoe,Excavation,Unknown,Clear/Unknown,8,Friday,38.8,Struck-by,1.0
Aerial Lift,General Construction,Unknown,Clear/Unknown,8,Saturday,39.66,Struck-by,1.0
Truck,General Construction,Unknown,Clear/Unknown,8,Saturday,80.19,Caught-in,4.0
Dump Truck,General Construction,Unknown,Clear/Unknown,8,Sunday,40.34,Struck-by,1.0
Truck,General Construction,Unknown,Clear/Unknown,8,Monday,49.94,Run-over,1.0
Crane,General Construction,Unknown,Clear/Unknown,8,Monday,62.14,Caught-in,3.0
Excavator,General Construction,Unknown,Clear/Unknown,8,Monday,34.68,Fall,1.0
Bulldozer,General Construction,Unknown,Clear/Unknown,8,Tuesday,39.21,Tip-over,1.0
Forklift,General Construction,Unknown,Clear/Unknown,8,Tuesday,46.43,Struck-by,1.0
Truck,General Construction,Unknown,Clear/Unknown,8,Friday,55.45,Struck-by,1.0
Truck,Loading/Unloading,Unknown,Clear/Unknown,8,Saturday,50.92,Fall,1.0
Forklift,Loading/Unloading,Unknown,Clear/Unknown,8,Saturday,37.54,Fall,1.0
Backhoe,General Construction,Unknown,Clear/Unknown,8,Monday,39.83,Struck-by,1.0
Truck,Loading/Unloading,Unknown,Clear/Unknown,8,Thursday,50.92,Fall,1.0
Forklift,General Construction,Unknown,Clear/Unknown,8,Monday,46.43,Struck-by,1.0
Loader,General Construction,Unknown,Clear/Unknown,8,Wednesday,43.45,Struck-by,1.0
Truck,Loading/Unloading,Unknown,Clear/Unknown,8,Thursday,50.92,Fall,1.0
Truck,General Construction,Unknown,Clear/Unknown,8,Thursday,55.45,Struck-by,1.0
Truck,Loading/Unloading,Unknown,Clear/Unknown,8,Thursday,32.43,Contact-with,1.0
Loader,General Construction,Unknown,Clear/Unknown,8,Friday,43.45,Struck-by,1.0
Truck,Loading/Unloading,Unknown,Clear/Unknown,8,Friday,50.92,Fall,1.0
Crane,Operating,Unknown,Clear/Unknown,8,Saturday,37.78,Caught-in,1.0
Excavator,General Construction,Unknown,Clear/Unknown,8,Tuesday,45.36,Struck-by,1.0
Forklift,General Construction,Unknown,Clear/Unknown,8,Tuesday,46.43,Struck-by,1.0
Truck,General Construction,Unknown,Clear/Unknown,8,Tuesday,81.99,Electrocution,4.0
Forklift,Loading/Unloading,Unknown,Clear/Unknown,9,Thursday,42.67,Struck-by,1.0
Crane,General Construction,Unknown,Clear/Unknown,9,Friday,67.57,Struck-by,3.0
Forklift,General Construction,Unknown,Clear/Unknown,9,Tuesday,46.43,Struck-by,1.0
Loader,General Construction,Unknown,Clear/Unknown,9,Wednesday,65.45,Struck-by,3.0
Truck,General Construction,Unknown,Clear/Unknown,9,Thursday,88.45,Struck-by,4.0
Excavator,General Construction,Unknown,Clear/Unknown,9,Thursday,45.36,Struck-by,1.0
Aerial Lift,Loading/Unloading,Unknown,Clear/Unknown,9,Friday,34.2,Fall,1.0
Forklift,Loading/Unloading,Unknown,Clear/Unknown,9,Monday,37.54,Fall,1.0
Excavator,Excavation,Unknown,Clear/Unknown,9,Monday,41.05,Struck-by,1.0
Truck,General Construction,Unknown,Clear/Unknown,9,Tuesday,31.88,Other,1.0
Truck,Loading/Unloading,Unknown,Clear/Unknown,9,Wednesday,50.92,Fall,1.0
Truck,Operating,Unknown,Clear/Unknown,9,Wednesday,32.43,Contact-with,1.0
Crane,Loading/Unloading,Unknown,Clear/Unknown,9,Thursday,38.77,Caught-in,1.0
Roller,General Construction,Unknown,Clear/Unknown,9,Thursday,58.79,Caught-in,3.0
Truck,Maintenance,Unknown,Clear/Unknown,9,Friday,45.85,Struck-by,1.0
Paver,General Construction,Unknown,Clear/Unknown,9,Friday,32.45,Fall,1.0
Truck,General Construction,Unknown,Clear/Unknown,9,Sunday,48.99,Electrocution,1.0
Crane,General Construction,Unknown,Clear/Unknown,9,Monday,45.57,Struck-by,1.0
Forklift,Loading/Unloading,Unknown,Clear/Unknown,9,Monday,37.54,Fall,1.0
Truck,General Construction,Unknown,Clear/Unknown,9,Monday,33.33,Contact-with,1.0
Truck,General Construction,Unknown,Clear/Unknown,9,Wednesday,43.86,Fall,1.0
Forklift,General Construction,Unknown,Wet Surface,9,Wednesday,40.48,Pinch-Point,1.0
Excavator,General Construction,Unknown,Clear/Unknown,9,Friday,45.36,Struck-by,1.0
Backhoe,General Construction,Unknown,Clear/Unknown,9,Friday,39.83,Struck-by,1.0
Roller,General Construction,Unknown,Clear/Unknown,9,Saturday,65.43,Run-over,3.0
Truck,Loading/Unloading,Unknown,Clear/Unknown,9,Saturday,50.92,Fall,1.0
Dump Truck,General Construction,Unknown,Clear/Unknown,9,Saturday,73.34,Struck-by,4.0
Crane,Loading/Unloading,Unknown,Clear/Unknown,9,Monday,43.83,Struck-by,1.0
Concrete Pump,General Construction,Unknown,Clear/Unknown,9,Monday,58.82,Caught-in,3.0
Truck,General Construction,Unknown,Clear/Unknown,9,Tuesday,55.45,Struck-by,1.0
Truck,Loading/Unloading,Unknown,Clear/Unknown,9,Tuesday,50.92,Fall,1.0
Forklift,Loading/Unloading,Unknown,Clear/Unknown,9,Tuesday,37.54,Fall,1.0
Truck,Operating,Unknown,Clear/Unknown,9,Tuesday,44.08,Collision,1.0
Truck,Loading/Unloading,Unknown,Clear/Unknown,9,Wednesday,50.92,Fall,1.0
Forklift,General Construction,Unknown,Clear/Unknown,9,Wednesday,25.71,Other,1.0
Excavator,Loading/Unloading,Unknown,Clear/Unknown,9,Thursday,42.62,Back-over,1.0
Forklift,Mounting/Dismounting,Unknown,Clear/Unknown,9,Thursday,40.77,Struck-by,1.0
Loader,General Construction,Unknown,Clear/Unknown,9,Thursday,43.45,Struck-by,1.0
Truck,General Construction,Unknown,Clear/Unknown,10,Friday,43.86,Fall,1.0
Forklift,General Construction,Unknown,Clear/Unknown,10,Friday,71.57,Caught-in,4.0
Truck,Loading/Unloading,Unknown,Clear/Unknown,10,Saturday,50.92,Fall,1.0
Crane,Setup/Positioning,Unknown,Clear/Unknown,10,Sunday,60.06,Caught-in,3.0
Crane,Setup/Positioning,Unknown,Clear/Unknown,10,Monday,75.0,Struck-by,4.0
Truck,General Construction,Unknown,Clear/Unknown,10,Friday,55.45,Struck-by,1.0
Forklift,General Construction,Unknown,Clear/Unknown,10,Monday,38.57,Caught-in,1.0
Truck,Loading/Unloading,Unknown,Clear/Unknown,10,Tuesday,50.92,Fall,1.0
Crane,General Construction,Unknown,Clear/Unknown,10,Tuesday,45.57,Struck-by,1.0
Loader,General Construction,Unknown,Clear/Unknown,10,Wednesday,37.77,Collision,1.0
Truck,General Construction,Unknown,Clear/Unknown,10,Wednesday,55.45,Struck-by,1.0
Aerial Lift,Loading/Unloading,Unknown,Clear/Unknown,10,Thursday,34.2,Fall,1.0
Loader,Operating,Unknown,Clear/Unknown,10,Friday,73.44,Struck-by,4.0
Dump Truck,General Construction,Unknown,Clear/Unknown,10,Friday,23.91,Other,1.0
Forklift,General Construction,Unknown,Clear/Unknown,10,Friday,60.57,Caught-in,3.0
Truck,Loading/Unloading,Unknown,Clear/Unknown,10,Monday,48.02,Tip-over,1.0
Truck,Loading/Unloading,Unknown,Clear/Unknown,10,Monday,50.92,Fall,1.0
Truck,Loading/Unloading,Unknown,Clear/Unknown,10,Thursday,50.92,Fall,1.0
Truck,General Construction,Unknown,Clear/Unknown,10,Thursday,43.86,Fall,1.0
Forklift,General Construction,Unknown,Clear/Unknown,10,Friday,68.43,Struck-by,3.0
Crane,General Construction,Unknown,Clear/Unknown,10,Friday,73.14,Caught-in,4.0
Crane,Setup/Positioning,Unknown,Clear/Unknown,10,Saturday,64.0,Struck-by,3.0
Loader,General Construction,Unknown,Clear/Unknown,10,Monday,61.14,Pinch-Point,4.0
Crane,General Construction,Unknown,Clear/Unknown,10,Monday,45.57,Struck-by,1.0
Trencher,General Construction,Unknown,Clear/Unknown,10,Tuesday,67.25,Caught-in,4.0
Bulldozer,General Construction,Unknown,Clear/Unknown,10,Tuesday,37.6,Struck-by,1.0
Aerial Lift,Loading/Unloading,Unknown,Clear/Unknown,10,Wednesday,34.2,Fall,1.0
Crane,Loading/Unloading,Unknown,Clear/Unknown,10,Wednesday,71.77,Caught-in,4.0
Truck,General Construction,Unknown,Clear/Unknown,10,Wednesday,55.45,Struck-by,1.0
Truck,Loading/Unloading,Unknown,Clear/Unknown,10,Thursday,47.52,Struck-by,1.0
Excavator,Excavation,Unknown,Clear/Unknown,10,Friday,34.28,Fall,1.0
Trencher,General Construction,Unknown,Clear/Unknown,11,Monday,32.33,Fall,1.0
Truck,General Construction,Unknown,Clear/Unknown,11,Monday,48.63,Back-over,1.0
Crane,Loading/Unloading,Unknown,Clear/Unknown,11,Tuesday,43.83,Struck-by,1.0
Truck,Operating,Unknown,Clear/Unknown,11,Tuesday,51.63,Fall,2.0
Excavator,General Construction,Unknown,Clear/Unknown,11,Wednesday,59.29,Caught-in,3.0
Truck,General Construction,Unknown,Clear/Unknown,11,Wednesday,80.19,Caught-in,4.0
Excavator,General Construction,Unknown,Clear/Unknown,11,Wednesday,37.29,Caught-in,1.0
Truck,Loading/Unloading,Unknown,Clear/Unknown,11,Wednesday,48.02,Tip-over,1.0
Crane,General Construction,Unknown,Clear/Unknown,11,Wednesday,40.14,Caught-in,1.0
Crane,Operating,Unknown,Clear/Unknown,11,Thursday,35.98,Fall,1.0
Truck,Operating,Unknown,Clear/Unknown,11,Thursday,70.3,Struck-by,3.0
Truck,General Construction,Unknown,Clear/Unknown,11,Friday,43.86,Fall,1.0
Truck,General Construction,Unknown,Clear/Unknown,11,Friday,55.45,Struck-by,1.0
Crane,Loading/Unloading,Unknown,Clear/Unknown,11,Saturday,43.83,Struck-by,1.0
Excavator,Loading/Unloading,Unknown,Clear/Unknown,11,Monday,40.95,Struck-by,1.0
Truck,Loading/Unloading,Unknown,Clear/Unknown,11,Tuesday,50.92,Fall,1.0
Truck,Loading/Unloading,Unknown,Clear/Unknown,11,Tuesday,50.92,Fall,1.0
Truck,Loading/Unloading,Unknown,Clear/Unknown,11,Wednesday,32.43,Contact-with,1.0
Truck,General Construction,Unknown,Clear/Unknown,11,Thursday,47.19,Caught-in,1.0
Truck,General Construction,Unknown,Clear/Unknown,11,Friday,43.86,Fall,1.0
Forklift,General Construction,Unknown,Clear/Unknown,11,Friday,39.0,Collision,1.0
Truck,Operating,Unknown,Clear/Unknown,11,Monday,48.3,Struck-by,1.0
Crane,General Construction,Unknown,Clear/Unknown,11,Monday,36.16,Fall,1.0
Truck,Loading/Unloading,Unknown,Clear/Unknown,11,Tuesday,80.52,Struck-by,4.0
Excavator,Operating,Unknown,Clear/Unknown,11,Tuesday,40.61,Struck-by,1.0
Aerial Lift,General Construction,Unknown,Clear/Unknown,11,Tuesday,40.79,Electrocution,1.0
Loader,Loading/Unloading,Unknown,Clear/Unknown,11,Thursday,24.26,Other,1.0
Truck,Loading/Unloading,Unknown,Clear/Unknown,11,Tuesday,50.92,Fall,1.0
Aerial Lift,General Construction,Unknown,Clear/Unknown,11,Sunday,33.05,Fall,1.0
Truck,General Construction,Unknown,Clear/Unknown,11,Monday,77.45,Struck-by,3.0
Bulldozer,Loading/Unloading,Unknown,Clear/Unknown,11,Tuesday,41.07,Run-over,1.0
Forklift,General Construction,Unknown,Clear/Unknown,12,Wednesday,46.43,Struck-by,1.0
Forklift,General Construction,Unknown,Clear/Unknown,12,Wednesday,25.71,Other,1.0
Dump Truck,General Construction,Unknown,Clear/Unknown,12,Wednesday,57.71,Caught-in,3.0
Forklift,Operating,Unknown,Clear/Unknown,12,Wednesday,49.85,Collision,2.0
Crane,General Construction,Unknown,Clear/Unknown,12,Thursday,45.57,Struck-by,1.0
Forklift,General Construction,Unknown,Clear/Unknown,12,Saturday,60.57,Caught-in,3.0
Truck,Operating,Unknown,Clear/Unknown,12,Saturday,32.43,Contact-with,1.0
Crane,Setup/Positioning,Unknown,Clear/Unknown,12,Tuesday,64.0,Struck-by,3.0
Roller,Maintenance,Unknown,Clear/Unknown,12,Tuesday,26.08,Contact-with,1.0
Aerial Lift,General Construction,Morning,Clear/Unknown,12,Tuesday,56.06,Struck-by,3.0
Crane,Loading/Unloading,Unknown,Clear/Unknown,12,Tuesday,38.65,Fall,1.0
Truck,General Construction,Unknown,Clear/Unknown,12,Wednesday,88.45,Struck-by,4.0
Truck,General Construction,Unknown,Clear/Unknown,12,Thursday,34.82,Pinch-Point,1.0
Loader,Loading/Unloading,Unknown,Clear/Unknown,12,Thursday,40.06,Struck-by,1.0
Crane,General Construction,Unknown,Clear/Unknown,12,Friday,36.16,Fall,1.0
Truck,Loading/Unloading,Unknown,Clear/Unknown,12,Friday,50.92,Fall,1.0
Forklift,Loading/Unloading,Unknown,Clear/Unknown,12,Monday,37.54,Fall,1.0
Crane,General Construction,Unknown,Clear/Unknown,12,Wednesday,62.14,Caught-in,3.0
Bulldozer,General Construction,Unknown,Clear/Unknown,12,Friday,66.41,Caught-in,4.0
Aerial Lift,General Construction,Unknown,Clear/Unknown,12,Friday,61.66,Struck-by,3.0
Truck,General Construction,Unknown,Clear/Unknown,12,Tuesday,55.45,Struck-by,1.0
Truck,Loading/Unloading,Unknown,Snow/Ice,12,Wednesday,100.0,Fall,1.0
Forklift,General Construction,Unknown,Clear/Unknown,12,Thursday,46.43,Struck-by,1.0
Crane,Loading/Unloading,Unknown,Clear/Unknown,12,Tuesday,38.77,Caught-in,1.0
Truck,General Construction,Unknown,Clear/Unknown,12,Wednesday,59.99,Electrocution,2.0
Truck,General Construction,Unknown,Clear/Unknown,12,Wednesday,55.45,Struck-by,1.0
Excavator,Maintenance,Unknown,Clear/Unknown,1,Tuesday,34.21,Fall,1.0
Truck,Loading/Unloading,Unknown,Clear/Unknown,1,Tuesday,42.96,Caught-in,1.0
Truck,General Construction,Unknown,Rain,1,Wednesday,48.49,Contact-with,1.0
Excavator,Excavation,Unknown,Clear/Unknown,1,Wednesday,74.05,Struck-by,4.0
Forklift,General Construction,Unknown,Clear/Unknown,1,Wednesday,46.43,Struck-by,1.0
Truck,Loading/Unloading,Unknown,Clear/Unknown,1,Thursday,30.88,Other,1.0
Truck,General Construction,Unknown,Clear/Unknown,1,Thursday,55.45,Struck-by,1.0
Forklift,General Construction,Unknown,Clear/Unknown,1,Friday,51.69,Pinch-Point,3.0
Truck,General Construction,Unknown,Clear/Unknown,1,Friday,55.45,Struck-by,1.0
Truck,General Construction,Unknown,Clear/Unknown,1,Friday,48.99,Electrocution,1.0
Forklift,General Construction,Unknown,Clear/Unknown,1,Friday,46.43,Struck-by,1.0
Crane,Loading/Unloading,Unknown,Clear/Unknown,1,Monday,49.65,Fall,2.0
Forklift,General Construction,Unknown,Clear/Unknown,1,Tuesday,35.62,Fall,1.0
Loader,Loading/Unloading,Unknown,Clear/Unknown,1,Tuesday,24.26,Other,1.0
Crane,General Construction,Unknown,Clear/Unknown,1,Wednesday,67.57,Struck-by,3.0
Truck,Loading/Unloading,Unknown,Clear/Unknown,1,Wednesday,50.92,Fall,1.0
Excavator,General Construction,Unknown,Clear/Unknown,1,Friday,45.36,Struck-by,1.0
Truck,Loading/Unloading,Unknown,Clear/Unknown,1,Friday,50.92,Fall,1.0
Truck,General Construction,Unknown,Clear/Unknown,1,Friday,66.33,Contact-with,4.0
Bulldozer,General Construction,Unknown,Snow/Ice,1,Saturday,65.95,Fall,1.0
Excavator,General Construction,Unknown,Clear/Unknown,1,Monday,42.1,Tip-over,1.0
Loader,Loading/Unloading,Unknown,Clear/Unknown,1,Monday,24.26,Other,1.0
Truck,General Construction,Unknown,Clear/Unknown,1,Monday,48.99,Electrocution,1.0
Crane,General Construction,Unknown,Clear/Unknown,1,Monday,45.57,Struck-by,1.0
Truck,General Construction,Unknown,Clear/Unknown,2,Wednesday,70.99,Electrocution,3.0
Truck,Loading/Unloading,Unknown,Snow/Ice,2,Saturday,100.0,Fall,1.0
Crane,General Construction,Unknown,Clear/Unknown,2,Monday,45.57,Struck-by,1.0
Crane,Loading/Unloading,Unknown,Clear/Unknown,2,Tuesday,38.65,Fall,1.0
Truck,Loading/Unloading,Unknown,Clear/Unknown,2,Wednesday,50.92,Fall,1.0
Loader,General Construction,Unknown,Clear/Unknown,2,Wednesday,43.45,Struck-by,1.0
Truck,General Construction,Unknown,Clear/Unknown,2,Saturday,55.45,Struck-by,1.0
Loader,Loading/Unloading,Unknown,Clear/Unknown,2,Saturday,40.06,Struck-by,1.0
Truck,General Construction,Unknown,Clear/Unknown,2,Monday,55.45,Struck-by,1.0
Crane,Loading/Unloading,Unknown,Clear/Unknown,2,Tuesday,43.83,Struck-by,1.0
Bulldozer,General Construction,Unknown,Clear/Unknown,2,Wednesday,37.6,Struck-by,1.0
Crane,General Construction,Unknown,Clear/Unknown,2,Wednesday,45.57,Struck-by,1.0
Dump Truck,General Construction,Unknown,Clear/Unknown,2,Wednesday,62.34,Struck-by,3.0
Truck,Excavation,Unknown,Clear/Unknown,2,Thursday,47.65,Tip-over,1.0
Truck,Loading/Unloading,Unknown,Clear/Unknown,2,Friday,50.92,Fall,1.0
Truck,Loading/Unloading,Unknown,Clear/Unknown,2,Friday,50.92,Fall,1.0
Truck,General Construction,Unknown,Clear/Unknown,2,Wednesday,43.86,Fall,1.0
Dump Truck,General Construction,Unknown,Clear/Unknown,2,Friday,57.71,Caught-in,3.0
Truck,General Construction,Unknown,Snow/Ice,2,Monday,98.66,Caught-in,1.0
Excavator,Setup/Positioning,Unknown,Clear/Unknown,3,Tuesday,58.14,Caught-in,3.0
Forklift,General Construction,Unknown,Clear/Unknown,3,Wednesday,46.43,Struck-by,1.0
Truck,General Construction,Unknown,Clear/Unknown,3,Wednesday,80.19,Caught-in,4.0
Truck,General Construction,Unknown,Clear/Unknown,3,Thursday,55.45,Struck-by,1.0
Bulldozer,General Construction,Unknown,Clear/Unknown,3,Friday,22.17,Other,1.0
Truck,Loading/Unloading,Unknown,Clear/Unknown,3,Friday,50.92,Fall,1.0
Crane,Loading/Unloading,Unknown,Clear/Unknown,3,Monday,43.83,Struck-by,1.0
Forklift,Loading/Unloading,Unknown,Clear/Unknown,3,Tuesday,25.37,Other,1.0
Forklift,General Construction,Unknown,Clear/Unknown,3,Wednesday,25.71,Other,1.0
Crane,General Construction,Unknown,Clear/Unknown,3,Thursday,62.14,Caught-in,3.0
Loader,General Construction,Unknown,Clear/Unknown,3,Thursday,69.9,Caught-in,4.0
Forklift,General Construction,Unknown,Clear/Unknown,3,Friday,60.57,Caught-in,3.0
Crane,General Construction,Unknown,Clear/Unknown,3,Saturday,78.57,Struck-by,4.0
Truck,General Construction,Unknown,Clear/Unknown,3,Monday,48.63,Back-over,1.0
Forklift,Loading/Unloading,Unknown,Clear/Unknown,3,Tuesday,42.67,Struck-by,1.0
Truck,Loading/Unloading,Unknown,Clear/Unknown,3,Tuesday,50.92,Fall,1.0
Excavator,Loading/Unloading,Unknown,Clear/Unknown,3,Tuesday,40.95,Struck-by,1.0
Loader,General Construction,Unknown,Clear/Unknown,3,Wednesday,43.45,Struck-by,1.0
Forklift,General Construction,Unknown,Clear/Unknown,3,Wednesday,46.43,Struck-by,1.0
Excavator,General Construction,Unknown,Clear/Unknown,3,Thursday,45.36,Struck-by,1.0
Forklift,General Construction,Unknown,Clear/Unknown,3,Friday,46.43,Struck-by,1.0
Forklift,General Construction,Unknown,Clear/Unknown,3,Monday,35.62,Fall,1.0
Truck,General Construction,Unknown,Clear/Unknown,3,Tuesday,55.45,Struck-by,1.0
Truck,General Construction,Unknown,Clear/Unknown,3,Tuesday,48.63,Back-over,1.0
Truck,Loading/Unloading,Unknown,Clear/Unknown,3,Tuesday,50.92,Fall,1.0
Crane,Loading/Unloading,Unknown,Clear/Unknown,3,Wednesday,60.77,Caught-in,3.0
Forklift,General Construction,Unknown,Clear/Unknown,3,Wednesday,51.69,Pinch-Point,3.0
Dump Truck,Operating,Unknown,Clear/Unknown,3,Friday,39.38,Struck-by,1.0
Aerial Lift,General Construction,Unknown,Clear/Unknown,3,Sunday,40.79,Electrocution,1.0
Crane,Loading/Unloading,Unknown,Clear/Unknown,3,Monday,43.83,Struck-by,1.0
Truck,Loading/Unloading,Unknown,Clear/Unknown,3,Tuesday,47.52,Struck-by,1.0
Truck,Loading/Unloading,Unknown,Clear/Unknown,3,Wednesday,50.92,Fall,1.0
Forklift,General Construction,Unknown,Clear/Unknown,3,Thursday,29.69,Pinch-Point,1.0
Truck,Loading/Unloading,Unknown,Clear/Unknown,3,Thursday,50.92,Fall,1.0
Crane,Loading/Unloading,Unknown,Clear/Unknown,3,Thursday,38.65,Fall,1.0
Excavator,General Construction,Unknown,Clear/Unknown,3,Thursday,45.36,Struck-by,1.0
Truck,Loading/Unloading,Unknown,Clear/Unknown,4,Friday,50.92,Fall,1.0
Truck,Loading/Unloading,Unknown,Clear/Unknown,4,Saturday,30.88,Other,1.0
Truck,Loading/Unloading,Unknown,Clear/Unknown,4,Saturday,50.92,Fall,1.0
Crane,Operating,Unknown,Clear/Unknown,4,Tuesday,41.97,Struck-by,1.0
Truck,General Construction,Unknown,Clear/Unknown,4,Wednesday,55.45,Struck-by,1.0
Roller,General Construction,Unknown,Clear/Unknown,4,Wednesday,41.97,Tip-over,1.0
Forklift,General Construction,Unknown,Clear/Unknown,4,Thursday,38.57,Caught-in,1.0
Roller,General Construction,Unknown,Clear/Unknown,4,Friday,37.66,Collision,1.0
Truck,General Construction,Unknown,Clear/Unknown,4,Saturday,49.94,Run-over,1.0
Excavator,General Construction,Unknown,Clear/Unknown,4,Wednesday,70.29,Caught-in,4.0
Paver,General Construction,Unknown,Clear/Unknown,4,Wednesday,32.45,Fall,1.0
Truck,General Construction,Unknown,Clear/Unknown,4,Thursday,55.45,Struck-by,1.0
Truck,General Construction,Unknown,Clear/Unknown,4,Friday,41.43,Burns,1.0
Truck,General Construction,Unknown,Clear/Unknown,4,Monday,48.99,Electrocution,1.0
Loader,General Construction,Unknown,Clear/Unknown,4,Tuesday,58.9,Caught-in,3.0
Crane,Loading/Unloading,Unknown,Clear/Unknown,4,Wednesday,38.65,Fall,1.0
Bulldozer,Operating,Unknown,Clear/Unknown,4,Wednesday,37.26,Struck-by,1.0
Truck,Operating,Unknown,Clear/Unknown,4,Thursday,32.43,Contact-with,1.0
Loader,General Construction,Unknown,Clear/Unknown,4,Friday,43.45,Struck-by,1.0
Truck,Loading/Unloading,Unknown,Clear/Unknown,4,Friday,47.52,Struck-by,1.0
Bulldozer,Operating,Unknown,Clear/Unknown,4,Saturday,33.37,Caught-in,1.0
Truck,General Construction,Unknown,Clear/Unknown,4,Saturday,69.19,Caught-in,3.0
Truck,Setup/Positioning,Unknown,Clear/Unknown,5,Monday,64.0,Caught-in,3.0
Excavator,Operating,Unknown,Clear/Unknown,5,Monday,40.61,Struck-by,1.0
Truck,General Construction,Unknown,Clear/Unknown,5,Tuesday,77.45,Struck-by,3.0
Truck,Loading/Unloading,Unknown,Clear/Unknown,5,Friday,50.92,Fall,1.0
Truck,Loading/Unloading,Unknown,Clear/Unknown,5,Friday,50.92,Fall,1.0
Truck,General Construction,Unknown,Clear/Unknown,5,Friday,33.33,Contact-with,1.0
Loader,General Construction,Unknown,Clear/Unknown,5,Monday,43.45,Struck-by,1.0
Truck,Loading/Unloading,Unknown,Clear/Unknown,5,Monday,50.92,Fall,1.0
Forklift,Loading/Unloading,Unknown,Clear/Unknown,5,Monday,42.67,Struck-by,1.0
Roller,General Construction,Unknown,Clear/Unknown,5,Monday,36.79,Caught-in,1.0
Truck,Operating,Unknown,Clear/Unknown,5,Monday,40.63,Fall,1.0
Truck,General Construction,Unknown,Clear/Unknown,5,Tuesday,33.33,Contact-with,1.0
Crane,Setup/Positioning,Unknown,Clear/Unknown,5,Tuesday,64.0,Struck-by,3.0
Truck,Loading/Unloading,Unknown,Clear/Unknown,5,Wednesday,50.92,Fall,1.0
Truck,General Construction,Unknown,Clear/Unknown,5,Wednesday,48.58,Tip-over,1.0
Loader,General Construction,Unknown,Clear/Unknown,5,Wednesday,43.45,Struck-by,1.0
Truck,Loading/Unloading,Unknown,Clear/Unknown,5,Thursday,50.92,Fall,1.0
Truck,General Construction,Unknown,Clear/Unknown,5,Thursday,43.86,Fall,1.0
Truck,General Construction,Unknown,Clear/Unknown,5,Thursday,48.99,Electrocution,1.0
Truck,General Construction,Unknown,Clear/Unknown,5,Friday,55.45,Struck-by,1.0
Truck,Loading/Unloading,Unknown,Clear/Unknown,5,Friday,50.92,Fall,1.0
Backhoe,Loading/Unloading,Unknown,Clear/Unknown,5,Friday,32.96,Fall,1.0
Truck,General Construction,Unknown,Clear/Unknown,5,Friday,48.63,Back-over,1.0
Crane,Operating,Unknown,Clear/Unknown,5,Monday,35.98,Fall,1.0
Roller,Operating,Unknown,Clear/Unknown,5,Monday,57.76,Caught-in,3.0
Truck,Loading/Unloading,Unknown,Clear/Unknown,5,Monday,50.92,Fall,1.0
Dump Truck,Loading/Unloading,Unknown,Clear/Unknown,5,Tuesday,34.16,Fall,1.0
Forklift,Loading/Unloading,Unknown,Clear/Unknown,5,Wednesday,37.54,Fall,1.0
Truck,Loading/Unloading,Unknown,Clear/Unknown,5,Wednesday,30.88,Other,1.0
Crane,General Construction,Unknown,Clear/Unknown,5,Thursday,45.57,Struck-by,1.0
Truck,General Construction,Unknown,Clear/Unknown,5,Tuesday,43.86,Fall,1.0
Truck,Operating,Unknown,Clear/Unknown,5,Wednesday,48.3,Struck-by,1.0
Truck,General Construction,Unknown,Clear/Unknown,5,Thursday,55.45,Struck-by,1.0
Truck,General Construction,Unknown,Clear/Unknown,6,Wednesday,55.45,Struck-by,1.0
Loader,General Construction,Unknown,Clear/Unknown,6,Thursday,43.45,Struck-by,1.0
Truck,General Construction,Unknown,Clear/Unknown,6,Friday,47.19,Caught-in,1.0
Truck,General Construction,Unknown,Clear/Unknown,6,Friday,55.45,Struck-by,1.0
Forklift,General Construction,Unknown,Clear/Unknown,6,Friday,46.43,Struck-by,1.0
Aerial Lift,General Construction,Unknown,Clear/Unknown,6,Monday,39.66,Struck-by,1.0
Roller,Operating,Unknown,Clear/Unknown,6,Monday,41.48,Tip-over,1.0
Truck,Loading/Unloading,Unknown,Clear/Unknown,6,Wednesday,50.92,Fall,1.0
Dump Truck,General Construction,Unknown,Clear/Unknown,6,Friday,40.34,Struck-by,1.0
Truck,General Construction,Unknown,Clear/Unknown,6,Saturday,41.43,Burns,1.0
Crane,General Construction,Unknown,Clear/Unknown,6,Monday,40.14,Caught-in,1.0
Truck,General Construction,Unknown,Clear/Unknown,6,Tuesday,55.45,Struck-by,1.0
Loader,Loading/Unloading,Unknown,Clear/Unknown,6,Tuesday,42.23,Back-over,1.0
Truck,General Construction,Evening,Heat,6,Tuesday,57.96,Other,1.0
Excavator,General Construction,Unknown,Clear/Unknown,6,Wednesday,26.61,Contact-with,1.0
Truck,Operating,Unknown,Clear/Unknown,6,Thursday,40.63,Fall,1.0
Loader,General Construction,Unknown,Clear/Unknown,6,Thursday,43.45,Struck-by,1.0
Backhoe,General Construction,Unknown,Clear/Unknown,6,Thursday,35.04,Caught-in,1.0
Crane,Loading/Unloading,Unknown,Clear/Unknown,6,Friday,43.83,Struck-by,1.0
Excavator,General Construction,Morning,Heat,6,Friday,31.77,Other,1.0
Loader,General Construction,Unknown,Clear/Unknown,6,Saturday,43.45,Struck-by,1.0
Truck,General Construction,Unknown,Clear/Unknown,6,Monday,31.88,Other,1.0
Truck,General Construction,Unknown,Clear/Unknown,6,Tuesday,69.19,Caught-in,3.0
Truck,Loading/Unloading,Unknown,Clear/Unknown,6,Tuesday,50.92,Fall,1.0
Dump Truck,General Construction,Unknown,Clear/Unknown,6,Tuesday,40.34,Struck-by,1.0
Truck,General Construction,Unknown,Clear/Unknown,6,Wednesday,55.45,Struck-by,1.0
Crane,General Construction,Unknown,Clear/Unknown,6,Wednesday,45.57,Struck-by,1.0
Aerial Lift,General Construction,Unknown,Clear/Unknown,6,Wednesday,23.33,Other,1.0
Forklift,Loading/Unloading,Unknown,Clear/Unknown,6,Thursday,42.67,Struck-by,1.0
Loader,Maintenance,Unknown,Clear/Unknown,6,Thursday,35.72,Caught-in,1.0
Crane,Loading/Unloading,Unknown,Clear/Unknown,6,Thursday,49.65,Fall,2.0
Forklift,Loading/Unloading,Unknown,Clear/Unknown,6,Thursday,37.54,Fall,1.0
Crane,General Construction,Unknown,Clear/Unknown,6,Friday,78.57,Struck-by,4.0
Forklift,Setup/Positioning,Unknown,Clear/Unknown,6,Saturday,40.9,Struck-by,1.0
Truck,Loading/Unloading,Unknown,Clear/Unknown,6,Monday,50.92,Fall,1.0
Truck,Loading/Unloading,Unknown,Clear/Unknown,6,Tuesday,50.92,Fall,1.0
Aerial Lift,General Construction,Unknown,Clear/Unknown,6,Wednesday,40.79,Electrocution,1.0
Truck,Setup/Positioning,Unknown,Clear/Unknown,6,Thursday,75.0,Caught-in,4.0
Truck,Loading/Unloading,Unknown,Clear/Unknown,6,Thursday,50.92,Fall,1.0
Roller,General Construction,Unknown,Clear/Unknown,6,Thursday,36.79,Caught-in,1.0
Aerial Lift,General Construction,Unknown,Clear/Unknown,7,Wednesday,33.05,Fall,1.0
Truck,General Construction,Unknown,Clear/Unknown,7,Wednesday,64.88,Other,4.0
Loader,General Construction,Unknown,Clear/Unknown,7,Thursday,65.45,Struck-by,3.0
Truck,General Construction,Unknown,Clear/Unknown,7,Thursday,55.45,Struck-by,1.0
Excavator,Loading/Unloading,Unknown,Clear/Unknown,7,Thursday,40.95,Struck-by,1.0
Dump Truck,General Construction,Unknown,Clear/Unknown,7,Tuesday,49.61,Pinch-Point,3.0
Truck,Loading/Unloading,Unknown,Clear/Unknown,7,Tuesday,50.92,Fall,1.0
Truck,General Construction,Unknown,Clear/Unknown,7,Tuesday,80.19,Caught-in,4.0
Truck,General Construction,Unknown,Clear/Unknown,7,Wednesday,80.19,Caught-in,4.0
Truck,General Construction,Unknown,Clear/Unknown,7,Wednesday,48.99,Electrocution,1.0
Dump Truck,General Construction,Unknown,Clear/Unknown,7,Friday,41.85,Back-over,1.0
Truck,General Construction,Unknown,Clear/Unknown,7,Tuesday,47.19,Caught-in,1.0
Truck,Loading/Unloading,Unknown,Muddy,7,Tuesday,47.18,Contact-with,1.0
Forklift,General Construction,Unknown,Clear/Unknown,7,Tuesday,49.33,Contact-with,3.0
Excavator,General Construction,Unknown,Clear/Unknown,7,Tuesday,45.36,Struck-by,1.0
Truck,General Construction,Unknown,Clear/Unknown,7,Tuesday,77.45,Struck-by,3.0
Excavator,General Construction,Unknown,Clear/Unknown,7,Wednesday,45.36,Struck-by,1.0
Truck,General Construction,Unknown,Clear/Unknown,7,Wednesday,48.99,Electrocution,1.0
Loader,Setup/Positioning,Unknown,Clear/Unknown,7,Wednesday,39.57,Struck-by,1.0
Truck,Loading/Unloading,Unknown,Clear/Unknown,7,Friday,50.92,Fall,1.0
Bulldozer,General Construction,Unknown,Clear/Unknown,7,Saturday,39.21,Tip-over,1.0
Dump Truck,Loading/Unloading,Unknown,Clear/Unknown,7,Saturday,34.16,Fall,1.0
Loader,General Construction,Unknown,Clear/Unknown,7,Wednesday,43.45,Struck-by,1.0
Excavator,General Construction,Unknown,Clear/Unknown,7,Wednesday,37.29,Caught-in,1.0
Truck,General Construction,Unknown,Clear/Unknown,7,Wednesday,55.45,Struck-by,1.0
Excavator,General Construction,Unknown,Clear/Unknown,7,Wednesday,45.36,Struck-by,1.0
Truck,Loading/Unloading,Unknown,Clear/Unknown,7,Thursday,50.92,Fall,1.0
Truck,General Construction,Unknown,Clear/Unknown,7,Thursday,55.45,Struck-by,1.0
Concrete Pump,Loading/Unloading,Unknown,Clear/Unknown,7,Thursday,34.74,Fall,1.0
Loader,Loading/Unloading,Unknown,Clear/Unknown,7,Friday,40.06,Struck-by,1.0
Crane,Loading/Unloading,Unknown,Clear/Unknown,7,Friday,38.65,Fall,1.0
Excavator,Excavation,Unknown,Clear/Unknown,7,Friday,58.45,Caught-in,3.0
Truck,General Construction,Unknown,Clear/Unknown,8,Monday,55.45,Struck-by,1.0
Forklift,Operating,Unknown,Clear/Unknown,8,Tuesday,41.8,Struck-by,1.0
Truck,Loading/Unloading,Unknown,Clear/Unknown,8,Tuesday,50.92,Fall,1.0
Crane,General Construction,Unknown,Clear/Unknown,8,Tuesday,40.14,Caught-in,1.0
Crane,General Construction,Unknown,Clear/Unknown,8,Wednesday,73.14,Caught-in,4.0
Truck,General Construction,Unknown,Clear/Unknown,8,Wednesday,55.45,Struck-by,1.0
Truck,Operating,Unknown,Clear/Unknown,8,Wednesday,30.51,Other,1.0
Truck,Loading/Unloading,Unknown,Clear/Unknown,8,Thursday,50.92,Fall,1.0
Excavator,General Construction,Unknown,Clear/Unknown,8,Thursday,78.36,Struck-by,4.0
Truck,General Construction,Unknown,Clear/Unknown,8,Monday,43.86,Fall,1.0
Truck,General Construction,Unknown,Clear/Unknown,8,Monday,60.94,Run-over,2.0
Excavator,General Construction,Unknown,Clear/Unknown,8,Tuesday,45.36,Struck-by,1.0
Truck,General Construction,Unknown,Rain,8,Tuesday,63.8,Fall,1.0
Truck,Loading/Unloading,Unknown,Clear/Unknown,8,Wednesday,42.96,Caught-in,1.0
Backhoe,Setup/Positioning,Unknown,Clear/Unknown,8,Wednesday,27.06,Pinch-Point,1.0
Bulldozer,General Construction,Unknown,Clear/Unknown,8,Wednesday,39.21,Tip-over,1.0
Excavator,Loading/Unloading,Unknown,Clear/Unknown,8,Thursday,40.95,Struck-by,1.0
Crane,General Construction,Unknown,Clear/Unknown,8,Saturday,40.14,Caught-in,1.0
Truck,Loading/Unloading,Unknown,Heat,8,Monday,63.97,Electrocution,1.0
Loader,Operating,Unknown,Clear/Unknown,8,Monday,40.44,Struck-by,1.0
Crane,General Construction,Unknown,Heat,8,Tuesday,35.98,Other,1.0
Truck,Loading/Unloading,Unknown,Clear/Unknown,8,Wednesday,50.92,Fall,1.0
Dump Truck,General Construction,Unknown,Clear/Unknown,8,Wednesday,41.27,Tip-over,1.0
Truck,General Construction,Unknown,Clear/Unknown,8,Thursday,88.45,Struck-by,4.0
Truck,Loading/Unloading,Unknown,Clear/Unknown,8,Thursday,80.52,Struck-by,4.0
Forklift,General Construction,Unknown,Wind,8,Saturday,80.19,Struck-by,1.0
Truck,General Construction,Unknown,Clear/Unknown,8,Tuesday,44.11,Collision,1.0
Backhoe,General Construction,Unknown,Clear/Unknown,8,Tuesday,39.83,Struck-by,1.0
Pile Driver,General Construction,Unknown,Clear/Unknown,8,Tuesday,33.68,Caught-in,1.0
Truck,General Construction,Unknown,Clear/Unknown,8,Wednesday,47.19,Caught-in,1.0
Truck,General Construction,Unknown,Muddy,8,Friday,80.65,Struck-by,1.0
Truck,General Construction,Unknown,Clear/Unknown,8,Sunday,55.45,Struck-by,1.0
Excavator,General Construction,Unknown,Clear/Unknown,8,Monday,45.36,Struck-by,1.0
Truck,General Construction,Unknown,Muddy,8,Tuesday,63.8,Fall,1.0
Dump Truck,General Construction,Unknown,Clear/Unknown,8,Tuesday,40.34,Struck-by,1.0
Truck,Operating,Unknown,Clear/Unknown,8,Wednesday,30.51,Other,1.0
Excavator,General Construction,Unknown,Clear/Unknown,8,Wednesday,26.61,Contact-with,1.0
Concrete Mixer,General Construction,Unknown,Clear/Unknown,8,Wednesday,37.64,Caught-in,1.0
Forklift,Loading/Unloading,Unknown,Clear/Unknown,8,Wednesday,37.54,Fall,1.0
Roller,General Construction,Unknown,Clear/Unknown,9,Thursday,28.06,Pinch-Point,1.0
Truck,Loading/Unloading,Unknown,Clear/Unknown,9,Tuesday,50.92,Fall,1.0
Forklift,General Construction,Unknown,Clear/Unknown,9,Tuesday,79.43,Struck-by,4.0
Roller,General Construction,Unknown,Clear/Unknown,9,Thursday,43.43,Run-over,1.0
Truck,General Construction,Unknown,Clear/Unknown,9,Thursday,31.88,Other,1.0
Forklift,Loading/Unloading,Unknown,Clear/Unknown,9,Thursday,75.67,Struck-by,4.0
Truck,General Construction,Unknown,Clear/Unknown,9,Saturday,55.45,Struck-by,1.0
Loader,General Construction,Unknown,Clear/Unknown,9,Monday,43.45,Struck-by,1.0
Truck,General Construction,Unknown,Clear/Unknown,9,Monday,31.88,Other,1.0
Loader,Excavation,Unknown,Clear/Unknown,9,Tuesday,35.72,Caught-in,1.0
Forklift,General Construction,Unknown,Clear/Unknown,9,Wednesday,46.43,Struck-by,1.0
Truck,Operating,Unknown,Clear/Unknown,9,Wednesday,40.63,Fall,1.0
Truck,General Construction,Unknown,Clear/Unknown,9,Thursday,88.45,Struck-by,4.0
Truck,General Construction,Unknown,Clear/Unknown,9,Monday,48.99,Electrocution,1.0
Truck,General Construction,Unknown,Clear/Unknown,9,Tuesday,55.45,Struck-by,1.0
Crane,General Construction,Unknown,Clear/Unknown,9,Tuesday,61.15,Contact-with,4.0
Crane,General Construction,Unknown,Clear/Unknown,9,Tuesday,62.14,Caught-in,3.0
Truck,General Construction,Unknown,Clear/Unknown,9,Tuesday,43.86,Fall,1.0
Aerial Lift,General Construction,Unknown,Clear/Unknown,9,Tuesday,39.66,Struck-by,1.0
Truck,Operating,Unknown,Clear/Unknown,9,Wednesday,48.3,Struck-by,1.0
Truck,Loading/Unloading,Unknown,Clear/Unknown,9,Wednesday,50.92,Fall,1.0
Truck,Loading/Unloading,Unknown,Clear/Unknown,9,Wednesday,50.92,Fall,1.0
Forklift,Loading/Unloading,Unknown,Clear/Unknown,9,Wednesday,42.67,Struck-by,1.0
Loader,Loading/Unloading,Unknown,Clear/Unknown,9,Thursday,27.99,Pinch-Point,1.0
Truck,General Construction,Unknown,Clear/Unknown,9,Friday,41.43,Burns,1.0
Forklift,General Construction,Unknown,Clear/Unknown,9,Monday,46.43,Struck-by,1.0
Excavator,General Construction,Unknown,Clear/Unknown,9,Wednesday,45.36,Struck-by,1.0
Truck,General Construction,Unknown,Clear/Unknown,9,Wednesday,55.45,Struck-by,1.0
Forklift,General Construction,Unknown,Clear/Unknown,9,Thursday,39.0,Collision,1.0
Loader,General Construction,Unknown,Clear/Unknown,9,Thursday,37.77,Collision,1.0
Truck,General Construction,Unknown,Clear/Unknown,9,Friday,48.63,Back-over,1.0
Truck,General Construction,Unknown,Clear/Unknown,9,Friday,33.33,Contact-with,1.0
Loader,General Construction,Unknown,Clear/Unknown,10,Monday,40.69,Electrocution,1.0
Forklift,General Construction,Unknown,Clear/Unknown,10,Tuesday,38.57,Caught-in,1.0
Crane,General Construction,Unknown,Clear/Unknown,10,Wednesday,45.57,Struck-by,1.0
Aerial Lift,General Construction,Unknown,Clear/Unknown,10,Friday,39.66,Struck-by,1.0
Forklift,General Construction,Unknown,Clear/Unknown,10,Friday,46.43,Struck-by,1.0
Forklift,General Construction,Unknown,Clear/Unknown,10,Monday,46.43,Struck-by,1.0
Truck,Maintenance,Unknown,Clear/Unknown,10,Monday,40.81,Burns,1.0
Truck,General Construction,Unknown,Clear/Unknown,10,Tuesday,47.19,Caught-in,1.0
Forklift,Loading/Unloading,Unknown,Clear/Unknown,10,Tuesday,42.67,Struck-by,1.0
Truck,Loading/Unloading,Unknown,Clear/Unknown,10,Tuesday,50.92,Fall,1.0
Forklift,General Construction,Unknown,Clear/Unknown,10,Tuesday,43.16,Tip-over,1.0
Truck,Loading/Unloading,Unknown,Clear/Unknown,10,Wednesday,47.52,Struck-by,1.0
Loader,Loading/Unloading,Unknown,Clear/Unknown,10,Wednesday,40.06,Struck-by,1.0
Truck,Loading/Unloading,Unknown,Clear/Unknown,10,Wednesday,32.43,Contact-with,1.0
Truck,General Construction,Unknown,Clear/Unknown,10,Friday,77.45,Struck-by,3.0
Aerial Lift,General Construction,Unknown,Clear/Unknown,10,Saturday,39.66,Struck-by,1.0
Truck,Loading/Unloading,Unknown,Clear/Unknown,10,Tuesday,50.92,Fall,1.0
Truck,Loading/Unloading,Unknown,Clear/Unknown,10,Wednesday,30.88,Other,1.0
Truck,Loading/Unloading,Unknown,Clear/Unknown,10,Thursday,50.92,Fall,1.0
Roller,General Construction,Unknown,Clear/Unknown,10,Thursday,73.17,Struck-by,4.0
Truck,Operating,Unknown,Clear/Unknown,10,Thursday,48.3,Struck-by,1.0
Forklift,Loading/Unloading,Unknown,Clear/Unknown,10,Friday,42.67,Struck-by,1.0
Excavator,Loading/Unloading,Unknown,Clear/Unknown,10,Monday,36.36,Caught-in,1.0
Truck,General Construction,Unknown,Clear/Unknown,10,Monday,31.88,Other,1.0
Forklift,Loading/Unloading,Unknown,Clear/Unknown,10,Monday,37.54,Fall,1.0
Truck,General Construction,Unknown,Clear/Unknown,10,Monday,55.45,Struck-by,1.0
Forklift,General Construction,Unknown,Clear/Unknown,10,Monday,35.62,Fall,1.0
Forklift,General Construction,Unknown,Clear/Unknown,10,Monday,46.43,Struck-by,1.0
Truck,General Construction,Unknown,Clear/Unknown,10,Tuesday,43.86,Fall,1.0
Dump Truck,Operating,Unknown,Clear/Unknown,10,Tuesday,33.45,Fall,1.0
Excavator,General Construction,Unknown,Clear/Unknown,10,Friday,45.36,Struck-by,1.0
Loader,General Construction,Unknown,Clear/Unknown,10,Monday,69.9,Caught-in,4.0
Aerial Lift,Loading/Unloading,Unknown,Clear/Unknown,10,Monday,34.2,Fall,1.0
Forklift,General Construction,Unknown,Clear/Unknown,10,Monday,46.43,Struck-by,1.0
Truck,General Construction,Unknown,Clear/Unknown,10,Monday,55.45,Struck-by,1.0
Truck,General Construction,Unknown,Clear/Unknown,10,Monday,55.45,Struck-by,1.0
Truck,Loading/Unloading,Unknown,Clear/Unknown,11,Tuesday,48.02,Tip-over,1.0
Loader,General Construction,Unknown,Clear/Unknown,11,Tuesday,24.35,Other,1.0
Truck,General Construction,Unknown,Clear/Unknown,11,Wednesday,55.45,Struck-by,1.0
Truck,General Construction,Unknown,Clear/Unknown,11,Wednesday,43.86,Fall,1.0
Truck,General Construction,Unknown,Clear/Unknown,11,Wednesday,69.19,Caught-in,3.0
Truck,Operating,Unknown,Clear/Unknown,11,Thursday,75.31,Caught-in,4.0
Excavator,Loading/Unloading,Unknown,Wind,11,Thursday,70.74,Struck-by,1.0
Truck,General Construction,Unknown,Wind,11,Friday,84.62,Electrocution,1.0
Truck,Setup/Positioning,Unknown,Clear/Unknown,11,Sunday,43.8,Collision,1.0
Loader,General Construction,Unknown,Snow/Ice,11,Sunday,77.15,Caught-in,1.0
Backhoe,Loading/Unloading,Unknown,Clear/Unknown,11,Monday,32.96,Fall,1.0
Forklift,Loading/Unloading,Unknown,Clear/Unknown,11,Monday,37.54,Fall,1.0
Crane,General Construction,Unknown,Clear/Unknown,11,Monday,40.14,Caught-in,1.0
Excavator,General Construction,Unknown,Clear/Unknown,11,Tuesday,45.36,Struck-by,1.0
Truck,Loading/Unloading,Unknown,Clear/Unknown,11,Tuesday,47.52,Struck-by,1.0
Roller,General Construction,Unknown,Clear/Unknown,11,Wednesday,34.55,Burns,1.0
Truck,General Construction,Unknown,Clear/Unknown,11,Wednesday,43.86,Fall,1.0
Truck,General Construction,Unknown,Clear/Unknown,11,Wednesday,31.88,Other,1.0
Truck,General Construction,Unknown,Clear/Unknown,11,Monday,88.45,Struck-by,4.0
Forklift,Loading/Unloading,Unknown,Clear/Unknown,11,Monday,37.54,Fall,1.0
Truck,General Construction,Unknown,Clear/Unknown,11,Wednesday,81.99,Electrocution,4.0
Truck,General Construction,Unknown,Clear/Unknown,11,Wednesday,69.19,Caught-in,3.0
Loader,General Construction,Unknown,Clear/Unknown,11,Wednesday,37.77,Collision,1.0
Roller,General Construction,Unknown,Clear/Unknown,11,Friday,58.79,Caught-in,3.0
Forklift,General Construction,Unknown,Clear/Unknown,11,Friday,79.43,Struck-by,4.0
Crane,Loading/Unloading,Unknown,Clear/Unknown,11,Friday,38.65,Fall,1.0
Truck,General Construction,Unknown,Clear/Unknown,11,Monday,43.86,Fall,1.0
Aerial Lift,Loading/Unloading,Unknown,Clear/Unknown,11,Monday,34.2,Fall,1.0
Forklift,General Construction,Unknown,Clear/Unknown,11,Tuesday,46.43,Struck-by,1.0
Crane,General Construction,Unknown,Clear/Unknown,11,Tuesday,73.14,Caught-in,4.0
Crane,Operating,Unknown,Clear/Unknown,11,Wednesday,35.98,Fall,1.0
Truck,Loading/Unloading,Unknown,Clear/Unknown,11,Tuesday,50.92,Fall,1.0
Truck,Loading/Unloading,Unknown,Clear/Unknown,11,Wednesday,30.88,Other,1.0
Excavator,General Construction,Unknown,Clear/Unknown,12,Friday,45.36,Struck-by,1.0
Dump Truck,Mounting/Dismounting,Unknown,Clear/Unknown,12,Friday,27.61,Pinch-Point,1.0
Truck,General Construction,Unknown,Clear/Unknown,12,Friday,43.86,Fall,1.0
Forklift,Loading/Unloading,Unknown,Clear/Unknown,12,Tuesday,42.67,Struck-by,1.0
Loader,General Construction,Unknown,Clear/Unknown,12,Tuesday,43.45,Struck-by,1.0
Forklift,General Construction,Unknown,Clear/Unknown,12,Tuesday,43.16,Tip-over,1.0
Truck,Loading/Unloading,Unknown,Clear/Unknown,12,Tuesday,48.02,Tip-over,1.0
Truck,General Construction,Unknown,Clear/Unknown,12,Tuesday,77.45,Struck-by,3.0
Truck,Loading/Unloading,Unknown,Clear/Unknown,12,Wednesday,50.92,Fall,1.0
Truck,General Construction,Unknown,Clear/Unknown,12,Thursday,47.19,Caught-in,1.0
Forklift,General Construction,Unknown,Clear/Unknown,12,Monday,43.16,Tip-over,1.0
Roller,General Construction,Evening,Clear/Unknown,12,Tuesday,90.43,Struck-by,3.0
Aerial Lift,Loading/Unloading,Unknown,Clear/Unknown,12,Wednesday,34.2,Fall,1.0
Truck,Loading/Unloading,Unknown,Clear/Unknown,12,Wednesday,50.92,Fall,1.0
Excavator,Loading/Unloading,Unknown,Clear/Unknown,12,Wednesday,24.56,Other,1.0
Truck,General Construction,Unknown,Clear/Unknown,12,Thursday,47.19,Caught-in,1.0
Truck,Loading/Unloading,Unknown,Clear/Unknown,12,Friday,47.52,Struck-by,1.0
Forklift,General Construction,Unknown,Clear/Unknown,12,Saturday,46.43,Struck-by,1.0
Forklift,Operating,Unknown,Clear/Unknown,12,Sunday,41.8,Struck-by,1.0
Truck,General Construction,Unknown,Clear/Unknown,12,Tuesday,43.86,Fall,1.0
Forklift,General Construction,Unknown,Clear/Unknown,12,Wednesday,35.62,Fall,1.0
Backhoe,General Construction,Unknown,Clear/Unknown,12,Friday,27.16,Pinch-Point,1.0
Forklift,Operating,Unknown,Clear/Unknown,1,Monday,41.8,Struck-by,1.0
Forklift,General Construction,Unknown,Clear/Unknown,1,Friday,35.62,Fall,1.0
Crane,Loading/Unloading,Unknown,Clear/Unknown,1,Sunday,50.06,Contact-with,3.0
Truck,Loading/Unloading,Unknown,Clear/Unknown,1,Tuesday,50.92,Fall,1.0
Excavator,General Construction,Unknown,Clear/Unknown,1,Tuesday,45.36,Struck-by,1.0
Concrete Mixer,General Construction,Unknown,Clear/Unknown,1,Wednesday,70.64,Caught-in,4.0
Forklift,Loading/Unloading,Unknown,Clear/Unknown,1,Wednesday,42.67,Struck-by,1.0
Forklift,Loading/Unloading,Unknown,Clear/Unknown,1,Friday,42.67,Struck-by,1.0
Dump Truck,General Construction,Unknown,Clear/Unknown,1,Friday,40.34,Struck-by,1.0
Truck,General Construction,Unknown,Clear/Unknown,1,Wednesday,54.86,Fall,2.0
Forklift,General Construction,Unknown,Clear/Unknown,1,Wednesday,46.43,Struck-by,1.0
Truck,Maintenance,Unknown,Clear/Unknown,1,Wednesday,63.93,Caught-in,3.0
Loader,General Construction,Unknown,Clear/Unknown,1,Wednesday,76.45,Struck-by,4.0
Truck,General Construction,Unknown,Clear/Unknown,1,Friday,55.45,Struck-by,1.0
Truck,General Construction,Unknown,Clear/Unknown,1,Sunday,33.33,Contact-with,1.0
Forklift,General Construction,Unknown,Clear/Unknown,1,Monday,46.43,Struck-by,1.0
Roller,General Construction,Unknown,Clear/Unknown,1,Monday,58.79,Caught-in,3.0
Forklift,Operating,Unknown,Clear/Unknown,1,Monday,41.8,Struck-by,1.0
Forklift,Loading/Unloading,Unknown,Clear/Unknown,1,Tuesday,42.67,Struck-by,1.0
Truck,Loading/Unloading,Unknown,Clear/Unknown,1,Wednesday,42.96,Caught-in,1.0
Truck,Loading/Unloading,Unknown,Clear/Unknown,1,Thursday,50.92,Fall,1.0
Truck,General Construction,Unknown,Clear/Unknown,1,Thursday,43.86,Fall,1.0
Truck,Operating,Unknown,Clear/Unknown,1,Thursday,48.3,Struck-by,1.0
Crane,Loading/Unloading,Unknown,Clear/Unknown,1,Thursday,71.77,Caught-in,4.0
Forklift,General Construction,Unknown,Clear/Unknown,1,Friday,60.57,Caught-in,3.0
Truck,General Construction,Unknown,Clear/Unknown,1,Monday,47.19,Caught-in,1.0
Aerial Lift,General Construction,Unknown,Clear/Unknown,1,Monday,39.66,Struck-by,1.0
Truck,General Construction,Unknown,Snow/Ice,1,Monday,91.71,Fall,1.0
Forklift,General Construction,Unknown,Clear/Unknown,1,Monday,38.57,Caught-in,1.0
Crane,Loading/Unloading,Unknown,Clear/Unknown,1,Tuesday,43.83,Struck-by,1.0
Truck,General Construction,Unknown,Clear/Unknown,1,Tuesday,49.94,Run-over,1.0
Loader,Operating,Unknown,Clear/Unknown,2,Thursday,40.44,Struck-by,1.0
Truck,General Construction,Unknown,Clear/Unknown,2,Friday,55.45,Struck-by,1.0
Forklift,Loading/Unloading,Unknown,Clear/Unknown,2,Friday,37.54,Fall,1.0
Truck,Loading/Unloading,Unknown,Clear/Unknown,2,Friday,50.92,Fall,1.0
Loader,General Construction,Unknown,Snow/Ice,2,Saturday,71.17,Fall,1.0
Forklift,General Construction,Unknown,Clear/Unknown,2,Monday,71.57,Caught-in,4.0
Truck,General Construction,Unknown,Clear/Unknown,2,Tuesday,43.86,Fall,1.0
Forklift,Loading/Unloading,Unknown,Clear/Unknown,2,Wednesday,42.67,Struck-by,1.0
Excavator,Loading/Unloading,Unknown,Clear/Unknown,2,Friday,36.36,Caught-in,1.0
Bulldozer,General Construction,Unknown,Wind,2,Saturday,100.0,Struck-by,3.0
Crane,General Construction,Unknown,Clear/Unknown,2,Tuesday,40.14,Caught-in,1.0
Forklift,General Construction,Unknown,Clear/Unknown,2,Tuesday,46.43,Struck-by,1.0
Crane,Loading/Unloading,Unknown,Clear/Unknown,2,Thursday,71.77,Caught-in,4.0
Excavator,General Construction,Unknown,Clear/Unknown,2,Thursday,45.36,Struck-by,1.0
Crane,General Construction,Unknown,Clear/Unknown,2,Thursday,45.57,Struck-by,1.0
Crane,General Construction,Unknown,Clear/Unknown,2,Friday,45.57,Struck-by,1.0
Forklift,General Construction,Unknown,Clear/Unknown,2,Saturday,35.62,Fall,1.0
Excavator,General Construction,Unknown,Clear/Unknown,2,Monday,59.29,Caught-in,3.0
Excavator,General Construction,Unknown,Clear/Unknown,2,Monday,78.36,Struck-by,4.0
Truck,Loading/Unloading,Unknown,Clear/Unknown,2,Wednesday,47.52,Struck-by,1.0
Truck,Loading/Unloading,Unknown,Clear/Unknown,2,Friday,50.92,Fall,1.0
Truck,Loading/Unloading,Unknown,Snow/Ice,2,Friday,100.0,Fall,1.0
Truck,Loading/Unloading,Unknown,Clear/Unknown,2,Sunday,30.88,Other,1.0
Excavator,Loading/Unloading,Unknown,Clear/Unknown,2,Monday,40.95,Struck-by,1.0
Truck,General Construction,Unknown,Clear/Unknown,2,Tuesday,56.82,Pinch-Point,3.0
Truck,General Construction,Unknown,Snow/Ice,3,Wednesday,91.71,Fall,1.0
Excavator,Loading/Unloading,Unknown,Clear/Unknown,3,Wednesday,36.36,Caught-in,1.0
Forklift,Loading/Unloading,Unknown,Clear/Unknown,3,Friday,37.36,Caught-in,1.0
Forklift,General Construction,Unknown,Clear/Unknown,3,Friday,35.62,Fall,1.0
Bulldozer,Loading/Unloading,Unknown,Clear/Unknown,3,Saturday,31.57,Fall,1.0
Truck,General Construction,Unknown,Clear/Unknown,3,Saturday,31.88,Other,1.0
Forklift,Loading/Unloading,Unknown,Clear/Unknown,3,Monday,37.54,Fall,1.0
Forklift,Setup/Positioning,Unknown,Clear/Unknown,3,Tuesday,27.26,Contact-with,1.0
Excavator,General Construction,Unknown,Clear/Unknown,3,Thursday,45.36,Struck-by,1.0
Crane,Loading/Unloading,Unknown,Clear/Unknown,3,Thursday,38.65,Fall,1.0
Aerial Lift,Loading/Unloading,Unknown,Clear/Unknown,3,Friday,60.51,Struck-by,3.0
Crane,General Construction,Unknown,Clear/Unknown,3,Friday,73.14,Caught-in,4.0
Truck,Loading/Unloading,Unknown,Clear/Unknown,3,Monday,50.92,Fall,1.0
Crane,Setup/Positioning,Unknown,Clear/Unknown,3,Monday,42.0,Struck-by,1.0
Truck,Setup/Positioning,Unknown,Clear/Unknown,3,Tuesday,46.31,Struck-by,1.0
Truck,Loading/Unloading,Unknown,Clear/Unknown,3,Tuesday,47.52,Struck-by,1.0
Truck,Operating,Unknown,Clear/Unknown,3,Wednesday,48.3,Struck-by,1.0
Aerial Lift,General Construction,Unknown,Clear/Unknown,3,Thursday,39.66,Struck-by,1.0
Dump Truck,Loading/Unloading,Unknown,Clear/Unknown,3,Wednesday,34.16,Fall,1.0
Truck,Operating,Unknown,Clear/Unknown,3,Thursday,40.63,Fall,1.0
Truck,Operating,Unknown,Clear/Unknown,3,Thursday,48.3,Struck-by,1.0
Aerial Lift,General Construction,Unknown,Clear/Unknown,3,Friday,25.07,Contact-with,1.0
Truck,Loading/Unloading,Unknown,Clear/Unknown,3,Friday,50.92,Fall,1.0
Backhoe,Loading/Unloading,Unknown,Clear/Unknown,3,Monday,38.96,Struck-by,1.0
Truck,General Construction,Unknown,Clear/Unknown,3,Monday,43.86,Fall,1.0
Truck,General Construction,Unknown,Clear/Unknown,3,Monday,77.45,Struck-by,3.0
Concrete Pump,General Construction,Unknown,Clear/Unknown,3,Monday,25.08,Other,1.0
Truck,General Construction,Unknown,Clear/Unknown,3,Tuesday,43.86,Fall,1.0
Bulldozer,General Construction,Unknown,Clear/Unknown,3,Tuesday,22.17,Other,1.0
Excavator,Loading/Unloading,Unknown,Clear/Unknown,3,Tuesday,40.95,Struck-by,1.0
Forklift,General Construction,Unknown,Clear/Unknown,3,Wednesday,79.43,Struck-by,4.0
Dump Truck,General Construction,Unknown,Clear/Unknown,3,Thursday,57.71,Caught-in,3.0
Crane,General Construction,Unknown,Clear/Unknown,3,Friday,67.57,Struck-by,3.0
Crane,Loading/Unloading,Unknown,Clear/Unknown,3,Friday,38.65,Fall,1.0
Truck,General Construction,Unknown,Clear/Unknown,4,Monday,43.86,Fall,1.0
Loader,Loading/Unloading,Unknown,Clear/Unknown,4,Tuesday,34.44,Fall,1.0
Truck,General Construction,Unknown,Clear/Unknown,4,Wednesday,55.45,Struck-by,1.0
Forklift,Operating,Unknown,Clear/Unknown,4,Wednesday,41.8,Struck-by,1.0
Crane,Loading/Unloading,Unknown,Clear/Unknown,4,Thursday,38.65,Fall,1.0
Forklift,Loading/Unloading,Unknown,Wind,4,Thursday,73.7,Struck-by,1.0
Forklift,General Construction,Unknown,Clear/Unknown,4,Thursday,43.16,Tip-over,1.0
Excavator,General Construction,Unknown,Clear/Unknown,4,Friday,45.36,Struck-by,1.0
Loader,Operating,Unknown,Clear/Unknown,4,Friday,43.39,Run-over,1.0
Truck,General Construction,Unknown,Clear/Unknown,4,Tuesday,47.19,Caught-in,1.0
Concrete Pump,General Construction,Unknown,Clear/Unknown,4,Wednesday,40.58,Struck-by,1.0
Forklift,General Construction,Unknown,Clear/Unknown,4,Wednesday,71.57,Caught-in,4.0
Crane,General Construction,Unknown,Clear/Unknown,4,Friday,36.16,Fall,1.0
Excavator,Operating,Unknown,Clear/Unknown,4,Friday,40.61,Struck-by,1.0
Truck,General Construction,Unknown,Clear/Unknown,4,Friday,43.86,Fall,1.0
Forklift,General Construction,Unknown,Clear/Unknown,4,Friday,35.62,Fall,1.0
Forklift,Operating,Unknown,Clear/Unknown,4,Monday,35.12,Fall,1.0
Crane,Loading/Unloading,Unknown,Clear/Unknown,4,Monday,38.65,Fall,1.0
Truck,Loading/Unloading,Unknown,Clear/Unknown,4,Monday,50.92,Fall,1.0
Backhoe,General Construction,Unknown,Clear/Unknown,4,Monday,27.16,Pinch-Point,1.0
Aerial Lift,General Construction,Unknown,Clear/Unknown,4,Wednesday,34.98,Caught-in,1.0
Roller,Loading/Unloading,Unknown,Clear/Unknown,4,Wednesday,37.63,Collision,1.0
Crane,Loading/Unloading,Unknown,Clear/Unknown,4,Thursday,38.65,Fall,1.0
Truck,Loading/Unloading,Unknown,Clear/Unknown,4,Friday,47.52,Struck-by,1.0
Truck,Operating,Unknown,Clear/Unknown,4,Friday,42.31,Caught-in,1.0
Truck,General Construction,Unknown,Clear/Unknown,4,Saturday,48.99,Electrocution,1.0
Truck,General Construction,Unknown,Clear/Unknown,4,Sunday,69.19,Caught-in,3.0
Forklift,Loading/Unloading,Unknown,Clear/Unknown,4,Monday,37.54,Fall,1.0
Truck,General Construction,Unknown,Clear/Unknown,4,Monday,48.63,Back-over,1.0
Forklift,General Construction,Unknown,Clear/Unknown,4,Tuesday,46.43,Struck-by,1.0
Excavator,General Construction,Unknown,Clear/Unknown,4,Tuesday,45.36,Struck-by,1.0
Aerial Lift,General Construction,Unknown,Clear/Unknown,4,Tuesday,51.79,Electrocution,2.0
Roller,General Construction,Unknown,Clear/Unknown,4,Wednesday,58.79,Caught-in,3.0
Forklift,Loading/Unloading,Unknown,Clear/Unknown,4,Wednesday,75.7,Tip-over,4.0
Crane,Maintenance,Unknown,Clear/Unknown,4,Thursday,35.76,Fall,1.0
Dump Truck,Loading/Unloading,Unknown,Snow/Ice,4,Friday,71.43,Fall,1.0
Excavator,Excavation,Unknown,Clear/Unknown,4,Friday,41.05,Struck-by,1.0
Excavator,Loading/Unloading,Unknown,Clear/Unknown,4,Friday,40.95,Struck-by,1.0
Truck,Loading/Unloading,Unknown,Clear/Unknown,5,Monday,64.96,Caught-in,3.0
Roller,General Construction,Unknown,Clear/Unknown,5,Tuesday,33.87,Fall,1.0
Truck,General Construction,Unknown,Clear/Unknown,5,Thursday,43.86,Fall,1.0
Excavator,Excavation,Unknown,Clear/Unknown,5,Thursday,41.05,Struck-by,1.0
Truck,Setup/Positioning,Unknown,Clear/Unknown,5,Thursday,46.31,Struck-by,1.0
Crane,General Construction,Unknown,Clear/Unknown,5,Sunday,43.16,Electrocution,1.0
Bulldozer,General Construction,Unknown,Clear/Unknown,5,Monday,22.17,Other,1.0
Backhoe,General Construction,Unknown,Clear/Unknown,5,Monday,39.83,Struck-by,1.0
Crane,General Construction,Unknown,Clear/Unknown,5,Monday,40.14,Caught-in,1.0
Paver,General Construction,Unknown,Clear/Unknown,5,Monday,39.32,Electrocution,1.0
Excavator,Operating,Unknown,Clear/Unknown,5,Tuesday,40.61,Struck-by,1.0
Roller,General Construction,Unknown,Clear/Unknown,5,Wednesday,62.17,Struck-by,3.0
Excavator,General Construction,Unknown,Clear/Unknown,5,Wednesday,45.36,Struck-by,1.0
Crane,General Construction,Unknown,Clear/Unknown,5,Thursday,62.14,Caught-in,3.0
Truck,General Construction,Unknown,Clear/Unknown,5,Monday,55.45,Struck-by,1.0
Forklift,General Construction,Unknown,Clear/Unknown,5,Monday,60.57,Caught-in,3.0
Roller,General Construction,Unknown,Clear/Unknown,5,Monday,40.17,Struck-by,1.0
Crane,General Construction,Unknown,Clear/Unknown,5,Monday,73.14,Caught-in,4.0
Truck,General Construction,Unknown,Clear/Unknown,5,Monday,47.19,Caught-in,1.0
Truck,General Construction,Unknown,Clear/Unknown,5,Tuesday,44.11,Collision,1.0
Truck,General Construction,Unknown,Clear/Unknown,5,Tuesday,43.86,Fall,1.0
Crane,General Construction,Unknown,Clear/Unknown,5,Tuesday,45.57,Struck-by,1.0
Backhoe,General Construction,Unknown,Clear/Unknown,5,Wednesday,39.83,Struck-by,1.0
Truck,General Construction,Unknown,Clear/Unknown,5,Friday,33.33,Contact-with,1.0
Excavator,General Construction,Unknown,Clear/Unknown,5,Friday,45.36,Struck-by,1.0
Forklift,Operating,Unknown,Clear/Unknown,5,Monday,41.8,Struck-by,1.0
Dump Truck,General Construction,Unknown,Clear/Unknown,5,Monday,62.34,Struck-by,3.0
Aerial Lift,Demolition,Unknown,Clear/Unknown,5,Monday,32.65,Fall,1.0
Forklift,Loading/Unloading,Unknown,Clear/Unknown,5,Wednesday,59.36,Caught-in,3.0
Excavator,General Construction,Unknown,Clear/Unknown,5,Wednesday,45.36,Struck-by,1.0
Crane,General Construction,Unknown,Clear/Unknown,5,Thursday,73.14,Caught-in,4.0
Truck,General Construction,Unknown,Clear/Unknown,5,Thursday,55.45,Struck-by,1.0
Truck,Operating,Unknown,Clear/Unknown,5,Tuesday,48.3,Struck-by,1.0
Excavator,Loading/Unloading,Unknown,Clear/Unknown,5,Wednesday,36.36,Caught-in,1.0
Truck,General Construction,Unknown,Clear/Unknown,5,Wednesday,47.19,Caught-in,1.0
Excavator,General Construction,Unknown,Clear/Unknown,5,Wednesday,37.29,Caught-in,1.0
Loader,Operating,Evening,Clear/Unknown,6,Thursday,54.84,Collision,1.0
Truck,Loading/Unloading,Unknown,Clear/Unknown,6,Friday,50.92,Fall,1.0
Forklift,General Construction,Unknown,Clear/Unknown,6,Saturday,46.43,Struck-by,1.0
Excavator,General Construction,Unknown,Clear/Unknown,6,Monday,45.36,Struck-by,1.0
Forklift,General Construction,Unknown,Clear/Unknown,6,Tuesday,27.33,Contact-with,1.0
Truck,General Construction,Unknown,Clear/Unknown,6,Tuesday,88.45,Struck-by,4.0
Truck,General Construction,Unknown,Clear/Unknown,6,Wednesday,66.45,Struck-by,2.0
Forklift,General Construction,Unknown,Clear/Unknown,6,Wednesday,60.57,Caught-in,3.0
Excavator,General Construction,Unknown,Clear/Unknown,6,Wednesday,45.36,Struck-by,1.0
Crane,General Construction,Unknown,Clear/Unknown,6,Thursday,26.38,Other,1.0
Truck,General Construction,Unknown,Clear/Unknown,6,Friday,33.33,Contact-with,1.0
Truck,Operating,Unknown,Clear/Unknown,6,Monday,48.3,Struck-by,1.0
Loader,Operating,Unknown,Clear/Unknown,6,Tuesday,40.44,Struck-by,1.0
Truck,General Construction,Unknown,Clear/Unknown,6,Tuesday,47.19,Caught-in,1.0
Excavator,General Construction,Unknown,Rain,6,Tuesday,65.99,Struck-by,1.0
Forklift,General Construction,Unknown,Clear/Unknown,6,Wednesday,46.43,Struck-by,1.0
Aerial Lift,Loading/Unloading,Unknown,Clear/Unknown,6,Friday,23.05,Other,1.0
Forklift,Operating,Unknown,Clear/Unknown,6,Saturday,41.8,Struck-by,1.0
Loader,General Construction,Unknown,Clear/Unknown,6,Monday,65.45,Struck-by,3.0
Truck,Maintenance,Unknown,Clear/Unknown,6,Monday,32.46,Contact-with,1.0
Truck,General Construction,Unknown,Clear/Unknown,6,Tuesday,47.19,Caught-in,1.0
Truck,Loading/Unloading,Unknown,Clear/Unknown,6,Tuesday,50.92,Fall,1.0
Forklift,General Construction,Unknown,Clear/Unknown,6,Wednesday,46.43,Struck-by,1.0
Forklift,Loading/Unloading,Unknown,Clear/Unknown,6,Wednesday,37.54,Fall,1.0
Truck,Loading/Unloading,Unknown,Clear/Unknown,6,Sunday,47.52,Struck-by,1.0
Aerial Lift,General Construction,Unknown,Clear/Unknown,6,Monday,40.79,Electrocution,1.0
Crane,Loading/Unloading,Unknown,Clear/Unknown,6,Tuesday,71.77,Caught-in,4.0
Crane,Maintenance,Unknown,Clear/Unknown,6,Tuesday,41.57,Struck-by,1.0
Aerial Lift,General Construction,Unknown,Clear/Unknown,6,Tuesday,61.66,Struck-by,3.0
Forklift,Loading/Unloading,Unknown,Clear/Unknown,6,Wednesday,59.36,Caught-in,3.0
Crane,Loading/Unloading,Unknown,Clear/Unknown,6,Wednesday,43.83,Struck-by,1.0
Truck,General Construction,Unknown,Clear/Unknown,6,Thursday,55.45,Struck-by,1.0
Truck,Maintenance,Unknown,Clear/Unknown,6,Friday,67.85,Struck-by,3.0
Truck,General Construction,Unknown,Clear/Unknown,6,Friday,43.86,Fall,1.0
Truck,Loading/Unloading,Unknown,Clear/Unknown,7,Monday,50.92,Fall,1.0
Forklift,General Construction,Unknown,Clear/Unknown,7,Monday,46.43,Struck-by,1.0
Forklift,General Construction,Unknown,Wet Surface,7,Monday,52.59,Caught-in,1.0
Truck,Operating,Unknown,Clear/Unknown,7,Thursday,75.31,Caught-in,4.0
Truck,General Construction,Unknown,Clear/Unknown,7,Saturday,55.45,Struck-by,1.0
Crane,Setup/Positioning,Unknown,Clear/Unknown,7,Saturday,71.06,Caught-in,4.0
Forklift,General Construction,Unknown,Clear/Unknown,7,Monday,39.0,Collision,1.0
Forklift,General Construction,Unknown,Clear/Unknown,7,Monday,60.57,Caught-in,3.0
Truck,Loading/Unloading,Unknown,Clear/Unknown,7,Monday,50.92,Fall,1.0
Crane,Setup/Positioning,Unknown,Clear/Unknown,7,Tuesday,42.0,Struck-by,1.0
Excavator,Loading/Unloading,Unknown,Clear/Unknown,7,Friday,40.95,Struck-by,1.0
Truck,Operating,Unknown,Clear/Unknown,7,Saturday,48.3,Struck-by,1.0
Truck,Loading/Unloading,Unknown,Clear/Unknown,7,Monday,80.52,Struck-by,4.0
Truck,Loading/Unloading,Unknown,Clear/Unknown,7,Monday,50.92,Fall,1.0
Truck,Loading/Unloading,Unknown,Clear/Unknown,7,Tuesday,50.92,Fall,1.0
Loader,Loading/Unloading,Unknown,Clear/Unknown,7,Tuesday,37.64,Collision,1.0
Truck,Operating,Unknown,Clear/Unknown,7,Thursday,48.3,Struck-by,1.0
Forklift,Loading/Unloading,Unknown,Clear/Unknown,7,Thursday,37.54,Fall,1.0
Truck,Operating,Unknown,Clear/Unknown,7,Monday,40.63,Fall,1.0
Excavator,General Construction,Unknown,Clear/Unknown,7,Monday,45.36,Struck-by,1.0
Truck,General Construction,Unknown,Clear/Unknown,7,Tuesday,43.86,Fall,1.0
Aerial Lift,General Construction,Unknown,Clear/Unknown,7,Tuesday,40.79,Electrocution,1.0
Crane,General Construction,Unknown,Clear/Unknown,7,Tuesday,45.57,Struck-by,1.0
Roller,General Construction,Unknown,Clear/Unknown,7,Wednesday,58.79,Caught-in,3.0
Loader,General Construction,Unknown,Clear/Unknown,7,Wednesday,43.45,Struck-by,1.0
Excavator,General Construction,Unknown,Clear/Unknown,7,Thursday,78.36,Struck-by,4.0
Truck,General Construction,Unknown,Clear/Unknown,7,Friday,55.45,Struck-by,1.0
Truck,Loading/Unloading,Unknown,Clear/Unknown,8,Tuesday,47.52,Struck-by,1.0
Truck,General Construction,Unknown,Clear/Unknown,8,Tuesday,43.86,Fall,1.0
Excavator,Maintenance,Unknown,Clear/Unknown,8,Wednesday,40.02,Struck-by,1.0
Forklift,General Construction,Unknown,Heat,8,Wednesday,35.06,Other,1.0
Roller,General Construction,Unknown,Clear/Unknown,8,Thursday,58.79,Caught-in,3.0
Excavator,Loading/Unloading,Unknown,Clear/Unknown,8,Thursday,34.84,Fall,1.0
Truck,Loading/Unloading,Unknown,Clear/Unknown,8,Friday,50.92,Fall,1.0
Truck,Loading/Unloading,Unknown,Clear/Unknown,8,Friday,50.92,Fall,1.0
Excavator,Setup/Positioning,Unknown,Clear/Unknown,8,Monday,69.14,Caught-in,4.0
Truck,Operating,Unknown,Clear/Unknown,8,Monday,40.63,Fall,1.0
Truck,Loading/Unloading,Unknown,Clear/Unknown,8,Wednesday,50.92,Fall,1.0
Truck,General Construction,Unknown,Clear/Unknown,8,Wednesday,43.86,Fall,1.0
Truck,Operating,Unknown,Clear/Unknown,8,Wednesday,48.42,Back-over,1.0
Excavator,Excavation,Unknown,Clear/Unknown,8,Thursday,41.05,Struck-by,1.0
Truck,General Construction,Unknown,Heat,8,Friday,59.81,Fall,1.0
Dump Truck,General Construction,Unknown,Clear/Unknown,8,Friday,73.34,Struck-by,4.0
Truck,General Construction,Unknown,Clear/Unknown,8,Saturday,69.19,Caught-in,3.0
Excavator,General Construction,Unknown,Clear/Unknown,8,Monday,45.36,Struck-by,1.0
Truck,General Construction,Unknown,Clear/Unknown,8,Wednesday,48.99,Electrocution,1.0
Truck,General Construction,Unknown,Clear/Unknown,8,Wednesday,33.33,Contact-with,1.0
Forklift,General Construction,Unknown,Clear/Unknown,8,Thursday,79.43,Struck-by,4.0
Excavator,General Construction,Unknown,Clear/Unknown,8,Friday,67.36,Struck-by,3.0
Truck,Operating,Unknown,Clear/Unknown,8,Friday,48.3,Struck-by,1.0
Truck,Operating,Unknown,Clear/Unknown,8,Saturday,40.63,Fall,1.0
Truck,Operating,Unknown,Clear/Unknown,8,Monday,48.3,Struck-by,1.0
Truck,General Construction,Unknown,Clear/Unknown,8,Monday,55.45,Struck-by,1.0
Roller,General Construction,Unknown,Clear/Unknown,8,Tuesday,41.97,Tip-over,1.0
Forklift,Operating,Unknown,Clear/Unknown,8,Tuesday,37.05,Caught-in,1.0
Crane,Loading/Unloading,Unknown,Clear/Unknown,8,Wednesday,38.65,Fall,1.0
Truck,Operating,Unknown,Clear/Unknown,8,Thursday,48.3,Struck-by,1.0
Truck,Loading/Unloading,Unknown,Clear/Unknown,8,Thursday,47.52,Struck-by,1.0
Truck,General Construction,Unknown,Clear/Unknown,8,Thursday,55.45,Struck-by,1.0
Bulldozer,General Construction,Unknown,Clear/Unknown,8,Thursday,37.6,Struck-by,1.0
Trencher,General Construction,Unknown,Wind,8,Thursday,39.21,Other,1.0
Truck,Operating,Unknown,Clear/Unknown,8,Friday,48.3,Struck-by,1.0
Truck,General Construction,Unknown,Clear/Unknown,8,Tuesday,33.33,Contact-with,1.0
Forklift,Loading/Unloading,Unknown,Clear/Unknown,8,Wednesday,37.54,Fall,1.0
Excavator,General Construction,Unknown,Clear/Unknown,8,Wednesday,43.81,Run-over,1.0
Excavator,General Construction,Unknown,Clear/Unknown,8,Thursday,38.06,Collision,1.0
Forklift,General Construction,Unknown,Clear/Unknown,8,Thursday,46.43,Struck-by,1.0
Truck,General Construction,Unknown,Clear/Unknown,9,Friday,43.86,Fall,1.0
Crane,General Construction,Unknown,Clear/Unknown,9,Tuesday,73.14,Caught-in,4.0
Excavator,General Construction,Unknown,Clear/Unknown,9,Tuesday,67.36,Struck-by,3.0
Loader,Loading/Unloading,Unknown,Clear/Unknown,9,Tuesday,35.75,Caught-in,1.0
Loader,Maintenance,Unknown,Clear/Unknown,9,Tuesday,39.6,Struck-by,1.0
Truck,General Construction,Unknown,Clear/Unknown,9,Wednesday,48.99,Electrocution,1.0
Truck,General Construction,Unknown,Clear/Unknown,9,Wednesday,31.88,Other,1.0
Excavator,Operating,Unknown,Clear/Unknown,9,Wednesday,41.85,Tip-over,1.0
Crane,General Construction,Unknown,Clear/Unknown,9,Wednesday,45.57,Struck-by,1.0
Truck,Operating,Unknown,Clear/Unknown,9,Thursday,48.3,Struck-by,1.0
Truck,Loading/Unloading,Unknown,Clear/Unknown,9,Thursday,50.92,Fall,1.0
Truck,General Construction,Unknown,Clear/Unknown,9,Thursday,77.45,Struck-by,3.0
Truck,General Construction,Unknown,Clear/Unknown,9,Saturday,55.45,Struck-by,1.0
Truck,Maintenance,Unknown,Clear/Unknown,9,Monday,57.91,Electrocution,2.0
Truck,General Construction,Unknown,Clear/Unknown,9,Monday,88.45,Struck-by,4.0
Excavator,General Construction,Unknown,Clear/Unknown,9,Tuesday,78.36,Struck-by,4.0
Loader,General Construction,Unknown,Clear/Unknown,9,Tuesday,43.45,Struck-by,1.0
Loader,Loading/Unloading,Unknown,Clear/Unknown,9,Wednesday,34.44,Fall,1.0
Aerial Lift,General Construction,Unknown,Clear/Unknown,9,Wednesday,40.79,Electrocution,1.0
Truck,Operating,Unknown,Clear/Unknown,9,Wednesday,55.08,Collision,2.0
Backhoe,Loading/Unloading,Unknown,Clear/Unknown,9,Wednesday,67.89,Caught-in,4.0
Forklift,General Construction,Unknown,Clear/Unknown,9,Thursday,46.43,Struck-by,1.0
Crane,General Construction,Unknown,Clear/Unknown,9,Monday,43.58,Tip-over,1.0
Forklift,General Construction,Unknown,Clear/Unknown,9,Monday,46.43,Struck-by,1.0
Truck,Loading/Unloading,Unknown,Clear/Unknown,9,Wednesday,50.92,Fall,1.0
Loader,General Construction,Unknown,Clear/Unknown,9,Wednesday,76.45,Struck-by,4.0
Crane,General Construction,Unknown,Clear/Unknown,9,Thursday,67.57,Struck-by,3.0
Truck,Loading/Unloading,Unknown,Clear/Unknown,9,Friday,50.92,Fall,1.0
Crane,General Construction,Unknown,Clear/Unknown,9,Friday,45.57,Struck-by,1.0
Crane,Loading/Unloading,Unknown,Clear/Unknown,9,Saturday,38.65,Fall,1.0
Forklift,Loading/Unloading,Unknown,Clear/Unknown,9,Monday,25.37,Other,1.0
Truck,Loading/Unloading,Unknown,Clear/Unknown,9,Monday,50.92,Fall,1.0
Truck,General Construction,Unknown,Clear/Unknown,9,Tuesday,48.99,Electrocution,1.0
Forklift,General Construction,Unknown,Clear/Unknown,9,Thursday,29.69,Pinch-Point,1.0
Excavator,Excavation,Unknown,Clear/Unknown,9,Friday,41.05,Struck-by,1.0
Bulldozer,General Construction,Unknown,Clear/Unknown,9,Friday,22.17,Other,1.0
Dump Truck,Loading/Unloading,Unknown,Clear/Unknown,9,Friday,35.37,Caught-in,1.0
Excavator,General Construction,Unknown,Clear/Unknown,10,Tuesday,78.36,Struck-by,4.0
Backhoe,General Construction,Unknown,Muddy,10,Tuesday,59.06,Tip-over,1.0
Dump Truck,General Construction,Unknown,Clear/Unknown,10,Thursday,23.91,Other,1.0
Truck,Maintenance,Unknown,Clear/Unknown,10,Thursday,45.85,Struck-by,1.0
Truck,General Construction,Unknown,Clear/Unknown,10,Friday,31.88,Other,1.0
Bulldozer,General Construction,Unknown,Clear/Unknown,10,Monday,37.6,Struck-by,1.0
Loader,General Construction,Unknown,Clear/Unknown,10,Monday,43.45,Struck-by,1.0
Dump Truck,General Construction,Unknown,Clear/Unknown,10,Monday,40.34,Struck-by,1.0
Truck,Loading/Unloading,Unknown,Clear/Unknown,10,Tuesday,50.92,Fall,1.0
Aerial Lift,Loading/Unloading,Unknown,Clear/Unknown,10,Tuesday,34.2,Fall,1.0
Forklift,General Construction,Unknown,Muddy,10,Tuesday,67.53,Struck-by,1.0
Crane,Loading/Unloading,Unknown,Clear/Unknown,10,Tuesday,43.83,Struck-by,1.0
Backhoe,Mounting/Dismounting,Unknown,Clear/Unknown,10,Wednesday,32.84,Fall,1.0
Truck,Operating,Unknown,Clear/Unknown,10,Wednesday,48.3,Struck-by,1.0
Loader,Operating,Unknown,Clear/Unknown,10,Thursday,40.44,Struck-by,1.0
Forklift,General Construction,Unknown,Clear/Unknown,10,Thursday,35.62,Fall,1.0
Forklift,General Construction,Unknown,Clear/Unknown,10,Friday,68.43,Struck-by,3.0
Truck,Loading/Unloading,Unknown,Clear/Unknown,10,Tuesday,42.96,Caught-in,1.0
Bulldozer,Loading/Unloading,Unknown,Clear/Unknown,10,Wednesday,31.57,Fall,1.0
Truck,Loading/Unloading,Unknown,Clear/Unknown,10,Wednesday,75.96,Caught-in,4.0
Crane,General Construction,Unknown,Clear/Unknown,10,Thursday,45.57,Struck-by,1.0
Truck,Loading/Unloading,Unknown,Clear/Unknown,10,Monday,50.92,Fall,1.0
Crane,Loading/Unloading,Unknown,Clear/Unknown,10,Monday,60.77,Caught-in,3.0
Truck,Loading/Unloading,Unknown,Clear/Unknown,10,Tuesday,42.96,Caught-in,1.0
Crane,General Construction,Unknown,Clear/Unknown,10,Wednesday,45.57,Struck-by,1.0
Loader,Loading/Unloading,Unknown,Snow/Ice,10,Thursday,72.02,Fall,1.0
Aerial Lift,Loading/Unloading,Unknown,Clear/Unknown,10,Friday,34.57,Caught-in,1.0
Crane,General Construction,Unknown,Clear/Unknown,10,Friday,45.57,Struck-by,1.0
Forklift,General Construction,Unknown,Clear/Unknown,10,Friday,38.57,Caught-in,1.0
Forklift,General Construction,Unknown,Clear/Unknown,10,Friday,46.43,Struck-by,1.0
Crane,Loading/Unloading,Unknown,Clear/Unknown,10,Saturday,38.65,Fall,1.0
Truck,General Construction,Unknown,Snow/Ice,10,Tuesday,100.0,Caught-in,3.0
Truck,Loading/Unloading,Unknown,Clear/Unknown,11,Wednesday,50.92,Fall,1.0
Loader,Loading/Unloading,Unknown,Clear/Unknown,11,Wednesday,40.06,Struck-by,1.0
Truck,General Construction,Unknown,Clear/Unknown,11,Thursday,47.19,Caught-in,1.0
Crane,General Construction,Unknown,Clear/Unknown,11,Thursday,56.57,Struck-by,2.0
Backhoe,General Construction,Unknown,Clear/Unknown,11,Thursday,27.16,Pinch-Point,1.0
Truck,General Construction,Unknown,Clear/Unknown,11,Friday,55.45,Struck-by,1.0
Excavator,General Construction,Unknown,Clear/Unknown,11,Saturday,67.36,Struck-by,3.0
Aerial Lift,General Construction,Unknown,Clear/Unknown,11,Sunday,33.42,Burns,1.0
Truck,Loading/Unloading,Unknown,Clear/Unknown,11,Thursday,50.92,Fall,1.0
Forklift,General Construction,Unknown,Clear/Unknown,11,Friday,46.43,Struck-by,1.0
Truck,General Construction,Unknown,Clear/Unknown,11,Friday,31.88,Other,1.0
Crane,Loading/Unloading,Unknown,Clear/Unknown,11,Sunday,38.65,Fall,1.0
Truck,General Construction,Unknown,Clear/Unknown,11,Monday,43.86,Fall,1.0
Truck,Loading/Unloading,Unknown,Clear/Unknown,11,Tuesday,50.92,Fall,1.0
Loader,Operating,Unknown,Clear/Unknown,11,Tuesday,73.44,Struck-by,4.0
Excavator,General Construction,Unknown,Clear/Unknown,11,Wednesday,45.36,Struck-by,1.0
Excavator,Maintenance,Unknown,Clear/Unknown,11,Wednesday,34.21,Fall,1.0
Excavator,General Construction,Unknown,Clear/Unknown,11,Friday,67.36,Struck-by,3.0
Truck,General Construction,Unknown,Clear/Unknown,11,Friday,55.45,Struck-by,1.0
Truck,General Construction,Unknown,Clear/Unknown,11,Monday,31.88,Other,1.0
Truck,General Construction,Unknown,Clear/Unknown,11,Tuesday,69.19,Caught-in,3.0
Truck,General Construction,Unknown,Clear/Unknown,11,Thursday,43.86,Fall,1.0
Truck,General Construction,Unknown,Snow/Ice,11,Monday,91.71,Fall,1.0
Loader,Loading/Unloading,Unknown,Clear/Unknown,11,Monday,34.44,Fall,1.0
Truck,General Construction,Unknown,Clear/Unknown,11,Monday,43.86,Fall,1.0
Forklift,Operating,Unknown,Clear/Unknown,11,Monday,41.8,Struck-by,1.0
Forklift,General Construction,Unknown,Clear/Unknown,11,Tuesday,29.69,Pinch-Point,1.0
Truck,General Construction,Unknown,Clear/Unknown,11,Tuesday,34.82,Pinch-Point,1.0
Aerial Lift,General Construction,Unknown,Clear/Unknown,11,Tuesday,61.66,Struck-by,3.0
Truck,Setup/Positioning,Unknown,Clear/Unknown,11,Wednesday,46.31,Struck-by,1.0
Forklift,Loading/Unloading,Unknown,Clear/Unknown,11,Thursday,42.67,Struck-by,1.0
Forklift,Operating,Unknown,Clear/Unknown,12,Friday,41.8,Struck-by,1.0
Truck,Setup/Positioning,Unknown,Clear/Unknown,12,Monday,39.95,Fall,1.0
Truck,Loading/Unloading,Unknown,Clear/Unknown,12,Monday,50.92,Fall,1.0
Truck,General Construction,Unknown,Clear/Unknown,12,Tuesday,31.88,Other,1.0
Loader,Loading/Unloading,Unknown,Clear/Unknown,12,Tuesday,34.44,Fall,1.0
Truck,Loading/Unloading,Unknown,Clear/Unknown,12,Wednesday,50.92,Fall,1.0
Truck,General Construction,Unknown,Clear/Unknown,12,Thursday,77.45,Struck-by,3.0
Excavator,General Construction,Unknown,Clear/Unknown,12,Monday,45.36,Struck-by,1.0
Loader,Loading/Unloading,Unknown,Clear/Unknown,12,Tuesday,34.44,Fall,1.0
Truck,General Construction,Unknown,Clear/Unknown,12,Thursday,55.45,Struck-by,1.0
Truck,General Construction,Unknown,Clear/Unknown,12,Monday,80.19,Caught-in,4.0
Truck,General Construction,Unknown,Clear/Unknown,12,Monday,48.63,Back-over,1.0
Excavator,Setup/Positioning,Unknown,Clear/Unknown,12,Monday,36.14,Caught-in,1.0
Backhoe,Setup/Positioning,Unknown,Clear/Unknown,12,Monday,38.61,Struck-by,1.0
Truck,Loading/Unloading,Unknown,Clear/Unknown,12,Friday,42.96,Caught-in,1.0
Truck,General Construction,Unknown,Snow/Ice,12,Tuesday,91.71,Fall,1.0
Truck,General Construction,Unknown,Muddy,12,Tuesday,100.0,Caught-in,3.0
Loader,General Construction,Unknown,Clear/Unknown,12,Tuesday,69.9,Caught-in,4.0
Truck,Loading/Unloading,Unknown,Clear/Unknown,12,Thursday,50.92,Fall,1.0
Forklift,General Construction,Unknown,Clear/Unknown,1,Tuesday,79.43,Struck-by,4.0
Truck,General Construction,Unknown,Clear/Unknown,1,Thursday,55.45,Struck-by,1.0
Roller,General Construction,Unknown,Clear/Unknown,1,Monday,62.17,Struck-by,3.0
Truck,Loading/Unloading,Unknown,Clear/Unknown,1,Tuesday,50.92,Fall,1.0
Crane,General Construction,Unknown,Clear/Unknown,1,Tuesday,78.57,Struck-by,4.0
Aerial Lift,Loading/Unloading,Unknown,Clear/Unknown,1,Tuesday,34.2,Fall,1.0
Truck,General Construction,Unknown,Clear/Unknown,1,Friday,55.45,Struck-by,1.0
Truck,General Construction,Unknown,Snow/Ice,1,Wednesday,100.0,Struck-by,1.0
Loader,Operating,Unknown,Clear/Unknown,1,Thursday,40.44,Struck-by,1.0
Aerial Lift,Loading/Unloading,Unknown,Clear/Unknown,1,Saturday,34.2,Fall,1.0
Crane,Setup/Positioning,Unknown,Clear/Unknown,1,Sunday,60.06,Caught-in,3.0
Backhoe,Loading/Unloading,Unknown,Clear/Unknown,1,Tuesday,38.96,Struck-by,1.0
Dump Truck,Loading/Unloading,Unknown,Snow/Ice,1,Tuesday,71.43,Fall,1.0
Crane,Loading/Unloading,Unknown,Clear/Unknown,1,Tuesday,49.65,Fall,2.0
Excavator,Loading/Unloading,Unknown,Clear/Unknown,1,Wednesday,36.36,Caught-in,1.0
Excavator,General Construction,Unknown,Clear/Unknown,1,Friday,46.96,Other,3.0
Loader,General Construction,Unknown,Clear/Unknown,1,Monday,43.45,Struck-by,1.0
Excavator,General Construction,Unknown,Clear/Unknown,1,Wednesday,24.96,Other,1.0
Excavator,General Construction,Unknown,Clear/Unknown,1,Wednesday,67.36,Struck-by,3.0
Truck,General Construction,Unknown,Clear/Unknown,2,Thursday,77.45,Struck-by,3.0
Truck,Loading/Unloading,Unknown,Clear/Unknown,2,Friday,50.92,Fall,1.0
Aerial Lift,General Construction,Unknown,Muddy,2,Monday,57.69,Struck-by,1.0
Crane,Loading/Unloading,Unknown,Clear/Unknown,2,Tuesday,38.65,Fall,1.0
Forklift,General Construction,Unknown,Clear/Unknown,2,Wednesday,60.57,Caught-in,3.0
Crane,General Construction,Unknown,Clear/Unknown,2,Friday,45.57,Struck-by,1.0
Truck,General Construction,Evening,Clear/Unknown,2,Friday,80.65,Struck-by,1.0
Excavator,General Construction,Unknown,Clear/Unknown,2,Monday,45.36,Struck-by,1.0
Loader,General Construction,Unknown,Clear/Unknown,2,Monday,24.35,Other,1.0
Aerial Lift,General Construction,Unknown,Clear/Unknown,2,Tuesday,39.66,Struck-by,1.0
Aerial Lift,General Construction,Unknown,Clear/Unknown,2,Wednesday,36.56,Collision,1.0
Truck,General Construction,Unknown,Clear/Unknown,2,Wednesday,41.43,Burns,1.0
Crane,Loading/Unloading,Unknown,Clear/Unknown,2,Thursday,38.65,Fall,1.0
Aerial Lift,Loading/Unloading,Unknown,Clear/Unknown,2,Friday,34.2,Fall,1.0
Truck,Operating,Unknown,Clear/Unknown,2,Monday,48.3,Struck-by,1.0
Truck,General Construction,Unknown,Clear/Unknown,2,Tuesday,55.45,Struck-by,1.0
Roller,Operating,Unknown,Clear/Unknown,2,Tuesday,39.65,Struck-by,1.0
Aerial Lift,Loading/Unloading,Unknown,Clear/Unknown,2,Tuesday,34.2,Fall,1.0
Excavator,General Construction,Unknown,Clear/Unknown,2,Wednesday,37.29,Caught-in,1.0
Excavator,General Construction,Unknown,Clear/Unknown,2,Wednesday,45.36,Struck-by,1.0
Excavator,Loading/Unloading,Unknown,Clear/Unknown,2,Wednesday,61.44,Pinch-Point,4.0
Forklift,Setup/Positioning,Unknown,Clear/Unknown,2,Wednesday,40.9,Struck-by,1.0
Crane,General Construction,Unknown,Clear/Unknown,2,Wednesday,62.14,Caught-in,3.0
Crane,General Construction,Unknown,Clear/Unknown,2,Wednesday,45.57,Struck-by,1.0
Excavator,General Construction,Unknown,Clear/Unknown,2,Thursday,45.36,Struck-by,1.0
Forklift,Loading/Unloading,Unknown,Clear/Unknown,2,Thursday,42.67,Struck-by,1.0
Aerial Lift,Loading/Unloading,Unknown,Clear/Unknown,2,Saturday,34.2,Fall,1.0
Forklift,General Construction,Unknown,Snow/Ice,2,Tuesday,80.64,Caught-in,1.0
Loader,Loading/Unloading,Unknown,Clear/Unknown,2,Wednesday,34.44,Fall,1.0
Loader,General Construction,Unknown,Clear/Unknown,3,Friday,43.45,Struck-by,1.0
Excavator,General Construction,Unknown,Clear/Unknown,3,Saturday,41.18,Electrocution,1.0
Forklift,Operating,Unknown,Clear/Unknown,3,Sunday,41.8,Struck-by,1.0
Loader,General Construction,Unknown,Clear/Unknown,3,Monday,58.9,Caught-in,3.0
Truck,General Construction,Unknown,Clear/Unknown,3,Thursday,77.45,Struck-by,3.0
Forklift,Loading/Unloading,Unknown,Clear/Unknown,3,Tuesday,37.54,Fall,1.0
Crane,Operating,Unknown,Rain,3,Tuesday,52.33,Fall,1.0
Truck,Loading/Unloading,Unknown,Clear/Unknown,3,Tuesday,56.17,Pinch-Point,3.0
Forklift,General Construction,Unknown,Clear/Unknown,3,Wednesday,57.62,Fall,3.0
Truck,General Construction,Unknown,Clear/Unknown,3,Wednesday,48.99,Electrocution,1.0
Excavator,Loading/Unloading,Unknown,Clear/Unknown,3,Thursday,34.84,Fall,1.0
Loader,General Construction,Unknown,Clear/Unknown,3,Thursday,24.35,Other,1.0
Excavator,Loading/Unloading,Unknown,Clear/Unknown,3,Thursday,34.84,Fall,1.0
Forklift,Loading/Unloading,Unknown,Clear/Unknown,3,Thursday,37.54,Fall,1.0
Forklift,General Construction,Unknown,Clear/Unknown,3,Thursday,25.71,Other,1.0
Aerial Lift,Operating,Unknown,Clear/Unknown,3,Monday,32.86,Fall,1.0
Crane,General Construction,Unknown,Clear/Unknown,3,Tuesday,45.57,Struck-by,1.0
Loader,General Construction,Unknown,Clear/Unknown,3,Thursday,50.14,Pinch-Point,3.0
Forklift,General Construction,Unknown,Muddy,3,Friday,37.4,Other,1.0
Truck,Loading/Unloading,Unknown,Clear/Unknown,3,Friday,50.92,Fall,1.0
Aerial Lift,Operating,Unknown,Clear/Unknown,3,Friday,38.48,Struck-by,1.0
Aerial Lift,Operating,Unknown,Clear/Unknown,3,Monday,38.48,Struck-by,1.0
Forklift,General Construction,Unknown,Clear/Unknown,3,Tuesday,46.43,Struck-by,1.0
Loader,Operating,Unknown,Clear/Unknown,3,Wednesday,40.44,Struck-by,1.0
Loader,General Construction,Unknown,Clear/Unknown,3,Wednesday,43.45,Struck-by,1.0
Aerial Lift,General Construction,Unknown,Clear/Unknown,3,Thursday,40.79,Electrocution,1.0
Aerial Lift,General Construction,Unknown,Clear/Unknown,3,Thursday,40.79,Electrocution,1.0
Forklift,Operating,Unknown,Clear/Unknown,3,Friday,51.19,Pinch-Point,3.0
Roller,Loading/Unloading,Unknown,Clear/Unknown,4,Monday,34.03,Fall,1.0
Excavator,General Construction,Unknown,Clear/Unknown,4,Tuesday,59.29,Caught-in,3.0
Crane,Loading/Unloading,Unknown,Clear/Unknown,4,Tuesday,43.83,Struck-by,1.0
Forklift,General Construction,Unknown,Clear/Unknown,4,Wednesday,46.43,Struck-by,1.0
Aerial Lift,Loading/Unloading,Unknown,Clear/Unknown,4,Wednesday,34.2,Fall,1.0
Aerial Lift,Loading/Unloading,Unknown,Clear/Unknown,4,Thursday,34.2,Fall,1.0
Dump Truck,Operating,Unknown,Clear/Unknown,4,Thursday,33.45,Fall,1.0
Dump Truck,General Construction,Unknown,Clear/Unknown,4,Friday,62.34,Struck-by,3.0
Crane,General Construction,Unknown,Clear/Unknown,4,Friday,36.59,Burns,1.0
Excavator,Setup/Positioning,Unknown,Clear/Unknown,4,Monday,39.96,Struck-by,1.0
Aerial Lift,Operating,Unknown,Clear/Unknown,4,Monday,32.86,Fall,1.0
Roller,General Construction,Unknown,Clear/Unknown,4,Monday,50.06,Pinch-Point,3.0
Truck,General Construction,Unknown,Clear/Unknown,4,Thursday,55.45,Struck-by,1.0
Truck,General Construction,Unknown,Clear/Unknown,4,Thursday,55.45,Struck-by,1.0
Excavator,General Construction,Unknown,Clear/Unknown,4,Saturday,45.36,Struck-by,1.0
Truck,General Construction,Unknown,Clear/Unknown,4,Wednesday,47.19,Caught-in,1.0
Loader,Loading/Unloading,Unknown,Clear/Unknown,4,Thursday,37.64,Collision,1.0
Backhoe,General Construction,Unknown,Clear/Unknown,4,Thursday,72.83,Struck-by,4.0
Loader,General Construction,Night,Clear/Unknown,4,Monday,86.9,Struck-by,1.0
Forklift,Loading/Unloading,Unknown,Clear/Unknown,4,Monday,42.67,Struck-by,1.0
Grader,Loading/Unloading,Unknown,Wind,4,Wednesday,53.71,Fall,1.0
Truck,General Construction,Unknown,Clear/Unknown,4,Wednesday,48.99,Electrocution,1.0
Truck,General Construction,Unknown,Clear/Unknown,4,Thursday,34.82,Pinch-Point,1.0
Loader,Loading/Unloading,Unknown,Clear/Unknown,4,Thursday,40.06,Struck-by,1.0
Truck,General Construction,Unknown,Clear/Unknown,4,Saturday,69.19,Caught-in,3.0
Dump Truck,Loading/Unloading,Unknown,Clear/Unknown,4,Monday,39.34,Struck-by,1.0
Forklift,Operating,Unknown,Clear/Unknown,4,Tuesday,41.8,Struck-by,1.0
Crane,General Construction,Unknown,Clear/Unknown,5,Wednesday,43.58,Tip-over,1.0
Crane,General Construction,Unknown,Clear/Unknown,5,Thursday,45.57,Struck-by,1.0
Backhoe,Loading/Unloading,Unknown,Clear/Unknown,5,Monday,38.96,Struck-by,1.0
Excavator,General Construction,Unknown,Clear/Unknown,5,Tuesday,45.36,Struck-by,1.0
Aerial Lift,General Construction,Unknown,Clear/Unknown,5,Tuesday,39.66,Struck-by,1.0
Crane,Setup/Positioning,Unknown,Clear/Unknown,5,Wednesday,42.0,Struck-by,1.0
Excavator,Operating,Unknown,Clear/Unknown,5,Wednesday,40.61,Struck-by,1.0
Truck,Mounting/Dismounting,Unknown,Clear/Unknown,5,Wednesday,45.75,Struck-by,1.0
Truck,Operating,Unknown,Clear/Unknown,5,Wednesday,48.3,Struck-by,1.0
Crane,Loading/Unloading,Unknown,Clear/Unknown,5,Wednesday,43.49,Tip-over,1.0
Roller,General Construction,Unknown,Clear/Unknown,5,Friday,41.97,Tip-over,1.0
Crane,Loading/Unloading,Unknown,Wind,5,Friday,66.76,Fall,1.0
Crane,Operating,Unknown,Clear/Unknown,5,Monday,35.98,Fall,1.0
Excavator,Loading/Unloading,Unknown,Clear/Unknown,5,Tuesday,34.84,Fall,1.0
Aerial Lift,Loading/Unloading,Unknown,Clear/Unknown,5,Tuesday,34.2,Fall,1.0
Pile Driver,Maintenance,Unknown,Clear/Unknown,5,Wednesday,33.65,Caught-in,1.0
Aerial Lift,Loading/Unloading,Unknown,Clear/Unknown,5,Wednesday,40.53,Tip-over,1.0
Excavator,Operating,Unknown,Clear/Unknown,5,Thursday,40.61,Struck-by,1.0
Crane,General Construction,Unknown,Rain,5,Thursday,38.38,Other,1.0
Truck,Loading/Unloading,Unknown,Clear/Unknown,5,Friday,47.52,Struck-by,1.0
Forklift,General Construction,Unknown,Clear/Unknown,5,Saturday,46.43,Struck-by,1.0
Loader,General Construction,Unknown,Clear/Unknown,5,Tuesday,43.45,Struck-by,1.0
Aerial Lift,General Construction,Unknown,Clear/Unknown,5,Tuesday,33.05,Fall,1.0
Loader,Loading/Unloading,Unknown,Muddy,5,Tuesday,50.1,Fall,1.0
Truck,Operating,Unknown,Clear/Unknown,5,Wednesday,40.63,Fall,1.0
Loader,General Construction,Unknown,Clear/Unknown,5,Wednesday,36.9,Caught-in,1.0
Paver,Operating,Unknown,Clear/Unknown,5,Wednesday,38.13,Struck-by,1.0
Truck,General Construction,Unknown,Clear/Unknown,5,Thursday,43.86,Fall,1.0
Roller,General Construction,Unknown,Clear/Unknown,5,Thursday,41.97,Tip-over,1.0
Loader,Loading/Unloading,Unknown,Clear/Unknown,5,Monday,34.44,Fall,1.0
Truck,Loading/Unloading,Unknown,Clear/Unknown,5,Tuesday,50.92,Fall,1.0
Aerial Lift,Operating,Unknown,Clear/Unknown,5,Tuesday,51.35,Tip-over,2.0
Crane,General Construction,Unknown,Clear/Unknown,5,Wednesday,45.57,Struck-by,1.0
Truck,Operating,Unknown,Clear/Unknown,5,Thursday,48.3,Struck-by,1.0
Excavator,General Construction,Unknown,Clear/Unknown,5,Thursday,45.36,Struck-by,1.0
Pile Driver,General Construction,Unknown,Clear/Unknown,5,Thursday,37.53,Struck-by,1.0
Concrete Pump,General Construction,Unknown,Clear/Unknown,5,Friday,40.58,Struck-by,1.0
Loader,General Construction,Unknown,Clear/Unknown,6,Saturday,43.45,Struck-by,1.0
Excavator,Operating,Unknown,Clear/Unknown,6,Monday,40.61,Struck-by,1.0
Truck,General Construction,Unknown,Clear/Unknown,6,Monday,55.45,Struck-by,1.0
Loader,General Construction,Unknown,Clear/Unknown,6,Wednesday,58.9,Caught-in,3.0
Crane,General Construction,Unknown,Clear/Unknown,6,Thursday,67.57,Struck-by,3.0
Forklift,General Construction,Unknown,Clear/Unknown,6,Thursday,60.57,Caught-in,3.0
Aerial Lift,General Construction,Unknown,Clear/Unknown,6,Friday,40.79,Electrocution,1.0
Truck,General Construction,Unknown,Clear/Unknown,6,Friday,47.19,Caught-in,1.0
Paver,General Construction,Unknown,Clear/Unknown,6,Tuesday,22.83,Other,1.0
Backhoe,General Construction,Unknown,Clear/Unknown,6,Tuesday,36.72,Collision,1.0
Truck,General Construction,Unknown,Clear/Unknown,6,Tuesday,55.45,Struck-by,1.0
Excavator,General Construction,Unknown,Clear/Unknown,6,Wednesday,45.36,Struck-by,1.0
Loader,Loading/Unloading,Unknown,Clear/Unknown,6,Wednesday,62.06,Struck-by,3.0
Truck,Loading/Unloading,Unknown,Clear/Unknown,6,Thursday,50.92,Fall,1.0
Truck,Setup/Positioning,Unknown,Clear/Unknown,6,Thursday,64.0,Caught-in,3.0
Loader,General Construction,Unknown,Clear/Unknown,6,Thursday,43.45,Struck-by,1.0
Aerial Lift,Loading/Unloading,Unknown,Clear/Unknown,6,Thursday,34.2,Fall,1.0
Loader,Operating,Unknown,Clear/Unknown,6,Friday,40.44,Struck-by,1.0
Truck,General Construction,Unknown,Clear/Unknown,6,Friday,66.45,Struck-by,2.0
Crane,Setup/Positioning,Unknown,Clear/Unknown,6,Monday,64.0,Struck-by,3.0
Loader,Excavation,Unknown,Clear/Unknown,6,Monday,39.69,Struck-by,1.0
Truck,Loading/Unloading,Unknown,Clear/Unknown,6,Monday,47.52,Struck-by,1.0
Aerial Lift,Operating,Unknown,Clear/Unknown,6,Tuesday,50.7,Electrocution,2.0
Truck,Operating,Unknown,Clear/Unknown,6,Tuesday,81.3,Struck-by,4.0
Forklift,General Construction,Unknown,Clear/Unknown,6,Wednesday,47.71,Other,3.0
Truck,Operating,Unknown,Clear/Unknown,6,Wednesday,30.51,Other,1.0
Forklift,General Construction,Unknown,Clear/Unknown,6,Thursday,46.43,Struck-by,1.0
Truck,Maintenance,Unknown,Clear/Unknown,6,Thursday,40.81,Burns,1.0
Truck,Loading/Unloading,Unknown,Clear/Unknown,6,Friday,50.92,Fall,1.0
Loader,General Construction,Unknown,Clear/Unknown,6,Saturday,65.45,Struck-by,3.0
Crane,Maintenance,Unknown,Clear/Unknown,6,Monday,59.84,Caught-in,3.0
Aerial Lift,Loading/Unloading,Unknown,Clear/Unknown,6,Monday,34.2,Fall,1.0
Excavator,General Construction,Unknown,Clear/Unknown,6,Tuesday,45.36,Struck-by,1.0
Truck,General Construction,Unknown,Clear/Unknown,6,Tuesday,55.45,Struck-by,1.0
Excavator,Excavation,Unknown,Clear/Unknown,6,Wednesday,41.05,Struck-by,1.0
Loader,General Construction,Unknown,Clear/Unknown,6,Wednesday,43.45,Struck-by,1.0
Excavator,Maintenance,Unknown,Clear/Unknown,6,Friday,24.53,Other,1.0
Crane,Loading/Unloading,Unknown,Clear/Unknown,6,Saturday,43.83,Struck-by,1.0
Dump Truck,General Construction,Unknown,Clear/Unknown,7,Tuesday,73.44,Electrocution,4.0
Forklift,Loading/Unloading,Unknown,Clear/Unknown,7,Tuesday,62.25,Pinch-Point,4.0
Crane,Loading/Unloading,Unknown,Clear/Unknown,7,Tuesday,38.65,Fall,1.0
Excavator,Loading/Unloading,Unknown,Clear/Unknown,7,Tuesday,40.95,Struck-by,1.0
Excavator,General Construction,Unknown,Clear/Unknown,7,Wednesday,45.36,Struck-by,1.0
Loader,General Construction,Unknown,Clear/Unknown,7,Monday,43.45,Struck-by,1.0
Truck,Loading/Unloading,Unknown,Clear/Unknown,7,Tuesday,50.92,Fall,1.0
Forklift,General Construction,Unknown,Clear/Unknown,7,Wednesday,46.43,Struck-by,1.0
Excavator,General Construction,Unknown,Clear/Unknown,7,Thursday,42.1,Tip-over,1.0
Truck,Loading/Unloading,Unknown,Clear/Unknown,7,Friday,50.92,Fall,1.0
Loader,General Construction,Unknown,Clear/Unknown,7,Monday,65.45,Struck-by,3.0
Forklift,General Construction,Unknown,Clear/Unknown,7,Monday,43.16,Tip-over,1.0
Loader,General Construction,Unknown,Clear/Unknown,7,Monday,34.04,Fall,1.0
Backhoe,Operating,Unknown,Clear/Unknown,7,Monday,38.71,Struck-by,1.0
Truck,Loading/Unloading,Unknown,Clear/Unknown,7,Tuesday,50.92,Fall,1.0
Crane,Loading/Unloading,Unknown,Clear/Unknown,7,Tuesday,65.83,Struck-by,3.0
Loader,Operating,Unknown,Clear/Unknown,7,Tuesday,33.85,Fall,1.0
Truck,General Construction,Unknown,Clear/Unknown,7,Wednesday,55.45,Struck-by,1.0
Truck,General Construction,Unknown,Clear/Unknown,7,Wednesday,55.45,Struck-by,1.0
Dump Truck,General Construction,Unknown,Clear/Unknown,7,Thursday,62.34,Struck-by,3.0
Crane,Loading/Unloading,Unknown,Clear/Unknown,7,Thursday,38.65,Fall,1.0
Crane,General Construction,Unknown,Heat,7,Friday,62.15,Struck-by,1.0
Loader,General Construction,Unknown,Clear/Unknown,7,Friday,43.45,Struck-by,1.0
Truck,General Construction,Unknown,Clear/Unknown,7,Saturday,69.19,Caught-in,3.0
Roller,Loading/Unloading,Unknown,Clear/Unknown,7,Monday,34.55,Burns,1.0
Crane,Loading/Unloading,Unknown,Clear/Unknown,7,Monday,38.65,Fall,1.0
Crane,Loading/Unloading,Unknown,Heat,7,Monday,35.89,Other,1.0
Truck,Loading/Unloading,Unknown,Clear/Unknown,7,Tuesday,42.96,Caught-in,1.0
Crane,General Construction,Unknown,Clear/Unknown,7,Tuesday,45.57,Struck-by,1.0
Loader,Operating,Unknown,Clear/Unknown,7,Wednesday,40.44,Struck-by,1.0
Truck,General Construction,Unknown,Clear/Unknown,7,Wednesday,48.99,Electrocution,1.0
Forklift,Loading/Unloading,Unknown,Clear/Unknown,7,Thursday,37.54,Fall,1.0
Truck,General Construction,Unknown,Clear/Unknown,7,Friday,48.99,Electrocution,1.0
Aerial Lift,Loading/Unloading,Unknown,Clear/Unknown,7,Friday,36.5,Collision,1.0
Truck,Operating,Unknown,Clear/Unknown,7,Saturday,30.51,Other,1.0
Truck,General Construction,Unknown,Clear/Unknown,7,Monday,48.99,Electrocution,1.0
Crane,Loading/Unloading,Unknown,Wind,7,Monday,75.71,Struck-by,1.0
Forklift,General Construction,Unknown,Clear/Unknown,7,Tuesday,46.43,Struck-by,1.0
Truck,Loading/Unloading,Unknown,Clear/Unknown,7,Tuesday,50.92,Fall,1.0
Truck,Operating,Unknown,Clear/Unknown,7,Tuesday,30.51,Other,1.0
Excavator,General Construction,Unknown,Clear/Unknown,7,Wednesday,78.36,Struck-by,4.0
Truck,General Construction,Unknown,Clear/Unknown,8,Thursday,55.45,Struck-by,1.0
Truck,Loading/Unloading,Unknown,Clear/Unknown,8,Friday,50.92,Fall,1.0
Excavator,General Construction,Unknown,Clear/Unknown,8,Friday,45.36,Struck-by,1.0
Forklift,Loading/Unloading,Unknown,Clear/Unknown,8,Friday,37.54,Fall,1.0
Aerial Lift,Loading/Unloading,Unknown,Wind,8,Saturday,59.07,Fall,1.0
Crane,Loading/Unloading,Unknown,Clear/Unknown,8,Saturday,38.65,Fall,1.0
Forklift,General Construction,Unknown,Clear/Unknown,8,Monday,60.57,Caught-in,3.0
Excavator,Loading/Unloading,Unknown,Clear/Unknown,8,Tuesday,34.84,Fall,1.0
Truck,Operating,Unknown,Clear/Unknown,8,Wednesday,48.3,Struck-by,1.0
Truck,General Construction,Unknown,Clear/Unknown,8,Wednesday,48.99,Electrocution,1.0
Forklift,General Construction,Unknown,Clear/Unknown,8,Wednesday,51.69,Pinch-Point,3.0
Crane,General Construction,Unknown,Clear/Unknown,8,Wednesday,78.57,Struck-by,4.0
Aerial Lift,Loading/Unloading,Unknown,Clear/Unknown,8,Wednesday,34.2,Fall,1.0
Forklift,Operating,Unknown,Clear/Unknown,8,Thursday,74.8,Struck-by,4.0
Truck,General Construction,Unknown,Heat,8,Friday,43.47,Other,1.0
Aerial Lift,General Construction,Unknown,Clear/Unknown,8,Monday,36.56,Collision,1.0
Crane,Loading/Unloading,Unknown,Clear/Unknown,8,Monday,38.65,Fall,1.0
Roller,General Construction,Unknown,Clear/Unknown,8,Monday,40.17,Struck-by,1.0
Aerial Lift,General Construction,Unknown,Clear/Unknown,8,Tuesday,40.79,Electrocution,1.0
Dump Truck,General Construction,Unknown,Clear/Unknown,8,Wednesday,62.34,Struck-by,3.0
Aerial Lift,General Construction,Unknown,Rain,8,Monday,36.47,Contact-with,1.0
Crane,General Construction,Unknown,Clear/Unknown,8,Monday,48.38,Other,3.0
Loader,Excavation,Unknown,Clear/Unknown,8,Tuesday,39.69,Struck-by,1.0
Crane,General Construction,Unknown,Clear/Unknown,8,Wednesday,45.57,Struck-by,1.0
Crane,Operating,Unknown,Clear/Unknown,8,Thursday,43.46,Tip-over,1.0
Loader,General Construction,Unknown,Clear/Unknown,8,Friday,43.45,Struck-by,1.0
Truck,General Construction,Unknown,Clear/Unknown,8,Tuesday,55.45,Struck-by,1.0
Forklift,General Construction,Unknown,Clear/Unknown,8,Tuesday,25.71,Other,1.0
Forklift,Loading/Unloading,Unknown,Clear/Unknown,8,Tuesday,37.54,Fall,1.0
Paver,General Construction,Unknown,Clear/Unknown,8,Tuesday,60.2,Struck-by,3.0
Forklift,Loading/Unloading,Unknown,Clear/Unknown,8,Tuesday,37.54,Fall,1.0
Excavator,General Construction,Unknown,Clear/Unknown,8,Friday,45.36,Struck-by,1.0
Forklift,Setup/Positioning,Unknown,Clear/Unknown,9,Tuesday,62.9,Struck-by,3.0
Loader,General Construction,Unknown,Clear/Unknown,9,Tuesday,36.9,Caught-in,1.0
Truck,General Construction,Unknown,Clear/Unknown,9,Wednesday,55.45,Struck-by,1.0
Excavator,General Construction,Unknown,Clear/Unknown,9,Wednesday,45.36,Struck-by,1.0
Aerial Lift,General Construction,Unknown,Clear/Unknown,9,Wednesday,39.66,Struck-by,1.0
Truck,Loading/Unloading,Unknown,Clear/Unknown,9,Friday,50.92,Fall,1.0
Loader,Loading/Unloading,Unknown,Clear/Unknown,9,Friday,40.06,Struck-by,1.0
Loader,Loading/Unloading,Unknown,Clear/Unknown,9,Saturday,40.06,Struck-by,1.0
Truck,Operating,Unknown,Clear/Unknown,9,Saturday,48.3,Struck-by,1.0
Truck,General Construction,Unknown,Clear/Unknown,9,Sunday,48.99,Electrocution,1.0
Truck,General Construction,Unknown,Clear/Unknown,9,Monday,47.19,Caught-in,1.0
Excavator,Excavation,Unknown,Rain,9,Monday,59.7,Struck-by,1.0
Aerial Lift,Loading/Unloading,Unknown,Clear/Unknown,9,Monday,34.2,Fall,1.0
Truck,Maintenance,Unknown,Clear/Unknown,9,Tuesday,32.46,Contact-with,1.0
Truck,Loading/Unloading,Unknown,Clear/Unknown,9,Thursday,47.52,Struck-by,1.0
Loader,General Construction,Unknown,Clear/Unknown,9,Thursday,43.45,Struck-by,1.0
Forklift,General Construction,Unknown,Clear/Unknown,9,Thursday,46.43,Struck-by,1.0
Excavator,General Construction,Unknown,Clear/Unknown,9,Thursday,45.36,Struck-by,1.0
Aerial Lift,General Construction,Unknown,Clear/Unknown,9,Friday,40.47,Tip-over,1.0
Aerial Lift,Loading/Unloading,Unknown,Clear/Unknown,9,Friday,34.2,Fall,1.0
Crane,Loading/Unloading,Unknown,Clear/Unknown,9,Tuesday,43.83,Struck-by,1.0
Loader,Operating,Unknown,Clear/Unknown,9,Tuesday,40.44,Struck-by,1.0
Aerial Lift,Loading/Unloading,Unknown,Clear/Unknown,9,Wednesday,34.2,Fall,1.0
Forklift,General Construction,Unknown,Clear/Unknown,9,Thursday,68.43,Struck-by,3.0
Forklift,General Construction,Unknown,Clear/Unknown,9,Thursday,46.43,Struck-by,1.0
Aerial Lift,General Construction,Unknown,Clear/Unknown,9,Friday,39.66,Struck-by,1.0
Excavator,General Construction,Unknown,Clear/Unknown,9,Friday,45.36,Struck-by,1.0
Aerial Lift,General Construction,Unknown,Clear/Unknown,9,Monday,40.79,Electrocution,1.0
Forklift,General Construction,Unknown,Clear/Unknown,9,Monday,29.69,Pinch-Point,1.0
Truck,Operating,Unknown,Clear/Unknown,9,Monday,44.08,Collision,1.0
Crane,Operating,Unknown,Clear/Unknown,9,Wednesday,51.98,Pinch-Point,3.0
Forklift,Loading/Unloading,Unknown,Clear/Unknown,9,Wednesday,37.54,Fall,1.0
Truck,General Construction,Unknown,Clear/Unknown,9,Monday,55.45,Struck-by,1.0
Dump Truck,General Construction,Unknown,Clear/Unknown,9,Monday,40.34,Struck-by,1.0
Forklift,Maintenance,Unknown,Clear/Unknown,10,Tuesday,35.0,Fall,1.0
Truck,Loading/Unloading,Unknown,Clear/Unknown,10,Tuesday,47.52,Struck-by,1.0
Loader,General Construction,Unknown,Clear/Unknown,10,Thursday,46.35,Other,3.0
Bulldozer,Maintenance,Unknown,Clear/Unknown,10,Friday,54.82,Other,4.0
Forklift,General Construction,Unknown,Clear/Unknown,10,Monday,68.43,Struck-by,3.0
Excavator,General Construction,Unknown,Clear/Unknown,10,Tuesday,46.96,Other,3.0
Crane,Mounting/Dismounting,Unknown,Clear/Unknown,10,Wednesday,41.53,Struck-by,1.0
Truck,Loading/Unloading,Unknown,Clear/Unknown,10,Wednesday,50.92,Fall,1.0
Loader,General Construction,Unknown,Clear/Unknown,10,Thursday,65.45,Struck-by,3.0
Roller,General Construction,Unknown,Wet Surface,10,Thursday,51.35,Collision,1.0
Truck,General Construction,Unknown,Clear/Unknown,10,Friday,41.43,Burns,1.0
Truck,General Construction,Unknown,Clear/Unknown,10,Sunday,81.99,Electrocution,4.0
Paver,General Construction,Unknown,Clear/Unknown,10,Monday,32.45,Fall,1.0
Aerial Lift,Loading/Unloading,Unknown,Clear/Unknown,10,Tuesday,34.2,Fall,1.0
Excavator,General Construction,Unknown,Clear/Unknown,10,Wednesday,45.36,Struck-by,1.0
Forklift,Operating,Unknown,Clear/Unknown,10,Thursday,35.12,Fall,1.0
Truck,General Construction,Unknown,Clear/Unknown,10,Thursday,47.19,Caught-in,1.0
Aerial Lift,General Construction,Unknown,Clear/Unknown,10,Thursday,36.56,Collision,1.0
Truck,Operating,Unknown,Clear/Unknown,10,Thursday,40.63,Fall,1.0
Aerial Lift,General Construction,Unknown,Clear/Unknown,10,Friday,61.66,Struck-by,3.0
Forklift,Loading/Unloading,Unknown,Clear/Unknown,10,Friday,37.54,Fall,1.0
Crane,General Construction,Unknown,Clear/Unknown,10,Saturday,45.57,Struck-by,1.0
Loader,Setup/Positioning,Unknown,Clear/Unknown,10,Saturday,39.57,Struck-by,1.0
Crane,Loading/Unloading,Unknown,Clear/Unknown,10,Sunday,38.65,Fall,1.0
Excavator,Loading/Unloading,Unknown,Clear/Unknown,10,Monday,40.95,Struck-by,1.0
Truck,Loading/Unloading,Unknown,Clear/Unknown,10,Tuesday,47.52,Struck-by,1.0
Crane,Loading/Unloading,Unknown,Clear/Unknown,10,Thursday,43.83,Struck-by,1.0
Loader,Operating,Unknown,Clear/Unknown,10,Thursday,40.44,Struck-by,1.0
Excavator,Excavation,Unknown,Clear/Unknown,10,Thursday,24.53,Other,1.0
Truck,Maintenance,Unknown,Clear/Unknown,10,Friday,40.13,Fall,1.0
Forklift,Operating,Unknown,Clear/Unknown,10,Friday,38.85,Collision,1.0
Excavator,General Construction,Unknown,Clear/Unknown,10,Friday,45.36,Struck-by,1.0
Dump Truck,General Construction,Unknown,Clear/Unknown,10,Friday,57.71,Caught-in,3.0
Truck,General Construction,Unknown,Clear/Unknown,10,Saturday,77.45,Struck-by,3.0
Aerial Lift,Operating,Unknown,Clear/Unknown,10,Saturday,32.86,Fall,1.0
Truck,General Construction,Unknown,Clear/Unknown,10,Monday,48.99,Electrocution,1.0
Forklift,General Construction,Unknown,Clear/Unknown,10,Monday,38.57,Caught-in,1.0
Excavator,General Construction,Unknown,Clear/Unknown,10,Monday,45.36,Struck-by,1.0
Excavator,General Construction,Unknown,Clear/Unknown,10,Monday,28.41,Pinch-Point,1.0
Loader,General Construction,Unknown,Clear/Unknown,10,Tuesday,24.35,Other,1.0
Paver,General Construction,Unknown,Clear/Unknown,10,Tuesday,71.2,Struck-by,4.0
Crane,General Construction,Unknown,Clear/Unknown,10,Tuesday,43.58,Tip-over,1.0
Forklift,Loading/Unloading,Unknown,Clear/Unknown,10,Wednesday,42.67,Struck-by,1.0
Backhoe,Loading/Unloading,Unknown,Clear/Unknown,10,Wednesday,38.96,Struck-by,1.0
Excavator,General Construction,Unknown,Clear/Unknown,10,Wednesday,42.1,Tip-over,1.0
Truck,General Construction,Unknown,Clear/Unknown,10,Thursday,88.45,Struck-by,4.0
Loader,General Construction,Unknown,Clear/Unknown,11,Friday,34.04,Fall,1.0
Truck,Operating,Unknown,Clear/Unknown,11,Friday,48.3,Struck-by,1.0
Loader,Mounting/Dismounting,Unknown,Clear/Unknown,11,Saturday,39.54,Struck-by,1.0
Aerial Lift,Loading/Unloading,Unknown,Clear/Unknown,11,Monday,40.53,Tip-over,1.0
Aerial Lift,Loading/Unloading,Unknown,Clear/Unknown,11,Monday,34.2,Fall,1.0
Excavator,Loading/Unloading,Unknown,Clear/Unknown,11,Tuesday,34.84,Fall,1.0
Truck,Operating,Unknown,Clear/Unknown,11,Tuesday,44.08,Collision,1.0
Loader,General Construction,Unknown,Clear/Unknown,11,Tuesday,24.35,Other,1.0
Truck,General Construction,Unknown,Clear/Unknown,11,Tuesday,43.86,Fall,1.0
Truck,Operating,Unknown,Clear/Unknown,11,Thursday,48.3,Struck-by,1.0
Crane,General Construction,Unknown,Clear/Unknown,11,Thursday,40.14,Caught-in,1.0
Aerial Lift,Loading/Unloading,Evening,Snow/Ice,11,Friday,87.05,Fall,1.0
Excavator,General Construction,Unknown,Clear/Unknown,11,Monday,45.36,Struck-by,1.0
Forklift,General Construction,Unknown,Clear/Unknown,11,Tuesday,46.43,Struck-by,1.0
Crane,Loading/Unloading,Unknown,Clear/Unknown,11,Wednesday,54.83,Struck-by,2.0
Crane,General Construction,Unknown,Clear/Unknown,11,Friday,73.14,Caught-in,4.0
Crane,Loading/Unloading,Unknown,Clear/Unknown,11,Saturday,38.65,Fall,1.0
Dump Truck,Operating,Unknown,Clear/Unknown,11,Tuesday,39.38,Struck-by,1.0
Truck,Operating,Unknown,Clear/Unknown,11,Tuesday,48.3,Struck-by,1.0
Crane,General Construction,Unknown,Clear/Unknown,11,Tuesday,67.57,Struck-by,3.0
Forklift,Operating,Unknown,Clear/Unknown,11,Tuesday,41.8,Struck-by,1.0
Aerial Lift,General Construction,Unknown,Clear/Unknown,11,Tuesday,40.47,Tip-over,1.0
Forklift,General Construction,Unknown,Clear/Unknown,11,Tuesday,39.0,Collision,1.0
Crane,Loading/Unloading,Unknown,Clear/Unknown,11,Wednesday,43.83,Struck-by,1.0
Truck,Operating,Unknown,Clear/Unknown,11,Wednesday,40.63,Fall,1.0
Loader,Maintenance,Unknown,Clear/Unknown,11,Wednesday,27.99,Pinch-Point,1.0
Loader,Excavation,Unknown,Clear/Unknown,11,Wednesday,57.72,Caught-in,3.0
Loader,General Construction,Unknown,Clear/Unknown,11,Monday,43.45,Struck-by,1.0
Aerial Lift,Setup/Positioning,Unknown,Clear/Unknown,11,Wednesday,34.57,Caught-in,1.0
Aerial Lift,General Construction,Unknown,Clear/Unknown,11,Wednesday,40.79,Electrocution,1.0
Loader,General Construction,Unknown,Clear/Unknown,12,Monday,43.45,Struck-by,1.0
Excavator,General Construction,Unknown,Clear/Unknown,12,Monday,37.29,Caught-in,1.0
Truck,Setup/Positioning,Unknown,Clear/Unknown,12,Tuesday,46.31,Struck-by,1.0
Dump Truck,General Construction,Unknown,Clear/Unknown,12,Tuesday,33.48,Fall,1.0
Dump Truck,Loading/Unloading,Unknown,Clear/Unknown,12,Thursday,23.79,Other,1.0
Truck,General Construction,Unknown,Clear/Unknown,12,Friday,77.45,Struck-by,3.0
Truck,General Construction,Unknown,Clear/Unknown,12,Friday,55.45,Struck-by,1.0
Excavator,Operating,Unknown,Clear/Unknown,12,Tuesday,40.61,Struck-by,1.0
Loader,Operating,Unknown,Clear/Unknown,12,Tuesday,40.44,Struck-by,1.0
Crane,Operating,Unknown,Clear/Unknown,12,Tuesday,63.97,Struck-by,3.0
Backhoe,General Construction,Unknown,Clear/Unknown,12,Wednesday,39.83,Struck-by,1.0
Forklift,General Construction,Unknown,Clear/Unknown,12,Thursday,46.43,Struck-by,1.0
Crane,Loading/Unloading,Unknown,Clear/Unknown,12,Tuesday,65.83,Struck-by,3.0
Truck,General Construction,Unknown,Clear/Unknown,12,Tuesday,31.88,Other,1.0
Truck,Loading/Unloading,Unknown,Clear/Unknown,12,Thursday,50.92,Fall,1.0
Excavator,Loading/Unloading,Unknown,Clear/Unknown,12,Thursday,34.84,Fall,1.0
Excavator,Operating,Unknown,Clear/Unknown,12,Monday,36.11,Caught-in,1.0
Forklift,General Construction,Unknown,Clear/Unknown,12,Monday,46.43,Struck-by,1.0
Forklift,Loading/Unloading,Unknown,Clear/Unknown,12,Monday,37.54,Fall,1.0
Aerial Lift,Loading/Unloading,Unknown,Clear/Unknown,12,Monday,34.2,Fall,1.0
Crane,Loading/Unloading,Morning,Clear/Unknown,12,Monday,35.14,Fall,1.0
Excavator,General Construction,Unknown,Clear/Unknown,1,Thursday,45.36,Struck-by,1.0
Backhoe,General Construction,Unknown,Clear/Unknown,1,Thursday,39.83,Struck-by,1.0
Loader,General Construction,Unknown,Clear/Unknown,1,Friday,36.9,Caught-in,1.0
Grader,Loading/Unloading,Unknown,Clear/Unknown,1,Monday,31.1,Fall,1.0
Excavator,Excavation,Unknown,Clear/Unknown,1,Tuesday,41.05,Struck-by,1.0
Truck,General Construction,Unknown,Snow/Ice,1,Tuesday,100.0,Struck-by,1.0
Loader,Operating,Unknown,Snow/Ice,1,Tuesday,70.78,Fall,1.0
Excavator,Loading/Unloading,Unknown,Clear/Unknown,1,Tuesday,34.84,Fall,1.0
Forklift,General Construction,Unknown,Clear/Unknown,1,Tuesday,68.43,Struck-by,3.0
Truck,Operating,Unknown,Clear/Unknown,1,Tuesday,48.3,Struck-by,1.0
Excavator,General Construction,Unknown,Clear/Unknown,1,Wednesday,45.36,Struck-by,1.0
Loader,Operating,Unknown,Clear/Unknown,1,Wednesday,40.44,Struck-by,1.0
Truck,Loading/Unloading,Unknown,Clear/Unknown,1,Friday,50.92,Fall,1.0
Excavator,General Construction,Unknown,Clear/Unknown,1,Friday,45.36,Struck-by,1.0
Truck,General Construction,Unknown,Snow/Ice,1,Tuesday,91.71,Fall,1.0
Loader,General Construction,Unknown,Clear/Unknown,1,Tuesday,46.35,Other,3.0
Crane,Loading/Unloading,Unknown,Clear/Unknown,1,Thursday,43.83,Struck-by,1.0
Forklift,General Construction,Unknown,Clear/Unknown,1,Friday,46.43,Struck-by,1.0
Forklift,Loading/Unloading,Unknown,Clear/Unknown,1,Monday,37.54,Fall,1.0
Crane,Loading/Unloading,Unknown,Clear/Unknown,1,Monday,43.83,Struck-by,1.0
Forklift,Loading/Unloading,Unknown,Clear/Unknown,1,Wednesday,64.67,Struck-by,3.0
Crane,Loading/Unloading,Unknown,Clear/Unknown,1,Wednesday,29.98,Pinch-Point,1.0
Crane,General Construction,Unknown,Clear/Unknown,1,Wednesday,45.57,Struck-by,1.0
Crane,Setup/Positioning,Unknown,Clear/Unknown,1,Thursday,60.06,Caught-in,3.0
Excavator,Operating,Unknown,Clear/Unknown,1,Thursday,34.21,Fall,1.0
Loader,Operating,Unknown,Clear/Unknown,1,Thursday,40.44,Struck-by,1.0
Forklift,Loading/Unloading,Unknown,Clear/Unknown,2,Monday,37.54,Fall,1.0
Roller,General Construction,Unknown,Clear/Unknown,2,Tuesday,40.17,Struck-by,1.0
Aerial Lift,General Construction,Unknown,Clear/Unknown,2,Tuesday,39.66,Struck-by,1.0
Concrete Mixer,General Construction,Unknown,Clear/Unknown,2,Tuesday,51.56,Pinch-Point,3.0
Forklift,General Construction,Unknown,Clear/Unknown,2,Wednesday,51.69,Pinch-Point,3.0
Forklift,General Construction,Unknown,Clear/Unknown,2,Wednesday,38.57,Caught-in,1.0
Excavator,General Construction,Unknown,Clear/Unknown,2,Friday,45.36,Struck-by,1.0
Forklift,Loading/Unloading,Unknown,Clear/Unknown,2,Friday,37.54,Fall,1.0
Aerial Lift,General Construction,Unknown,Clear/Unknown,2,Saturday,51.79,Electrocution,2.0
Roller,General Construction,Unknown,Clear/Unknown,2,Monday,58.79,Caught-in,3.0
Loader,General Construction,Unknown,Snow/Ice,2,Monday,71.17,Fall,1.0
Truck,General Construction,Unknown,Snow/Ice,2,Monday,91.71,Fall,1.0
Loader,Operating,Unknown,Clear/Unknown,2,Monday,40.44,Struck-by,1.0
Truck,General Construction,Unknown,Clear/Unknown,2,Tuesday,55.45,Struck-by,1.0
Dump Truck,General Construction,Unknown,Clear/Unknown,2,Tuesday,40.34,Struck-by,1.0
Truck,Loading/Unloading,Unknown,Clear/Unknown,2,Wednesday,50.92,Fall,1.0
Truck,General Construction,Unknown,Clear/Unknown,2,Thursday,47.19,Caught-in,1.0
Excavator,Loading/Unloading,Unknown,Clear/Unknown,2,Thursday,40.95,Struck-by,1.0
Truck,General Construction,Unknown,Clear/Unknown,2,Thursday,55.45,Struck-by,1.0
Truck,General Construction,Unknown,Clear/Unknown,2,Friday,43.86,Fall,1.0
Forklift,General Construction,Unknown,Clear/Unknown,2,Friday,46.43,Struck-by,1.0
Excavator,General Construction,Unknown,Clear/Unknown,2,Friday,46.96,Other,3.0
Concrete Mixer,General Construction,Unknown,Clear/Unknown,2,Monday,74.11,Struck-by,4.0
Crane,General Construction,Unknown,Clear/Unknown,2,Tuesday,45.57,Struck-by,1.0
Truck,Operating,Evening,Clear/Unknown,2,Tuesday,59.1,Fall,1.0
Forklift,Loading/Unloading,Unknown,Clear/Unknown,2,Thursday,37.54,Fall,1.0
Truck,General Construction,Unknown,Clear/Unknown,2,Friday,55.45,Struck-by,1.0
Forklift,General Construction,Unknown,Snow/Ice,2,Monday,97.07,Struck-by,1.0
Aerial Lift,Loading/Unloading,Unknown,Clear/Unknown,2,Monday,34.2,Fall,1.0
Aerial Lift,Loading/Unloading,Unknown,Clear/Unknown,2,Monday,50.58,Electrocution,2.0
Crane,Loading/Unloading,Unknown,Clear/Unknown,2,Tuesday,65.83,Struck-by,3.0
Crane,Loading/Unloading,Unknown,Clear/Unknown,2,Tuesday,43.83,Struck-by,1.0
Crane,Loading/Unloading,Unknown,Clear/Unknown,2,Wednesday,43.83,Struck-by,1.0
Truck,General Construction,Unknown,Clear/Unknown,2,Thursday,55.45,Struck-by,1.0
Excavator,Excavation,Unknown,Clear/Unknown,2,Thursday,41.05,Struck-by,1.0
Forklift,Loading/Unloading,Unknown,Clear/Unknown,2,Thursday,42.67,Struck-by,1.0
Dump Truck,General Construction,Unknown,Clear/Unknown,3,Saturday,41.27,Tip-over,1.0
Truck,Loading/Unloading,Unknown,Clear/Unknown,3,Monday,50.92,Fall,1.0
Truck,General Construction,Unknown,Clear/Unknown,3,Monday,48.99,Electrocution,1.0
Bulldozer,General Construction,Unknown,Clear/Unknown,3,Tuesday,37.6,Struck-by,1.0
Crane,Loading/Unloading,Unknown,Wind,3,Tuesday,75.71,Struck-by,1.0
Truck,Loading/Unloading,Unknown,Clear/Unknown,3,Wednesday,47.52,Struck-by,1.0
Aerial Lift,Loading/Unloading,Unknown,Clear/Unknown,3,Wednesday,34.2,Fall,1.0
Truck,General Construction,Unknown,Clear/Unknown,3,Wednesday,55.45,Struck-by,1.0
Loader,Operating,Unknown,Clear/Unknown,3,Monday,40.44,Struck-by,1.0
Crane,General Construction,Unknown,Clear/Unknown,3,Monday,67.57,Struck-by,3.0
Truck,Loading/Unloading,Unknown,Clear/Unknown,3,Tuesday,50.92,Fall,1.0
Dump Truck,Loading/Unloading,Unknown,Clear/Unknown,3,Wednesday,34.16,Fall,1.0
Truck,Operating,Unknown,Clear/Unknown,3,Wednesday,48.3,Struck-by,1.0
Loader,General Construction,Unknown,Clear/Unknown,3,Monday,65.45,Struck-by,3.0
Crane,Operating,Unknown,Clear/Unknown,3,Monday,41.97,Struck-by,1.0
Loader,General Construction,Unknown,Clear/Unknown,3,Monday,37.77,Collision,1.0
Crane,General Construction,Unknown,Clear/Unknown,3,Tuesday,67.57,Struck-by,3.0
Truck,General Construction,Unknown,Clear/Unknown,3,Tuesday,77.45,Struck-by,3.0
Truck,Loading/Unloading,Unknown,Clear/Unknown,3,Tuesday,64.96,Caught-in,3.0
Excavator,General Construction,Unknown,Clear/Unknown,3,Tuesday,70.29,Caught-in,4.0
Loader,General Construction,Unknown,Clear/Unknown,3,Wednesday,36.9,Caught-in,1.0
Forklift,Loading/Unloading,Unknown,Clear/Unknown,3,Thursday,37.54,Fall,1.0
Crane,Loading/Unloading,Unknown,Clear/Unknown,3,Thursday,43.83,Struck-by,1.0
Truck,General Construction,Unknown,Snow/Ice,3,Thursday,91.71,Fall,1.0
Aerial Lift,Loading/Unloading,Unknown,Clear/Unknown,3,Friday,34.2,Fall,1.0
Aerial Lift,Loading/Unloading,Unknown,Clear/Unknown,3,Friday,40.53,Tip-over,1.0
Crane,General Construction,Unknown,Clear/Unknown,3,Sunday,67.57,Struck-by,3.0
Dump Truck,General Construction,Unknown,Clear/Unknown,3,Monday,45.91,Other,3.0
Forklift,Setup/Positioning,Unknown,Clear/Unknown,3,Tuesday,35.0,Fall,1.0
Aerial Lift,Loading/Unloading,Unknown,Clear/Unknown,3,Wednesday,34.2,Fall,1.0
Loader,Operating,Unknown,Clear/Unknown,3,Wednesday,35.78,Caught-in,1.0
Crane,Setup/Positioning,Unknown,Clear/Unknown,3,Wednesday,64.0,Struck-by,3.0
Excavator,Loading/Unloading,Unknown,Clear/Unknown,3,Thursday,34.84,Fall,1.0
Loader,General Construction,Unknown,Clear/Unknown,3,Monday,43.45,Struck-by,1.0
Excavator,General Construction,Unknown,Clear/Unknown,4,Tuesday,45.36,Struck-by,1.0
Crane,General Construction,Unknown,Clear/Unknown,4,Tuesday,78.57,Struck-by,4.0
Forklift,Loading/Unloading,Unknown,Clear/Unknown,4,Tuesday,42.67,Struck-by,1.0
Truck,Loading/Unloading,Unknown,Clear/Unknown,4,Wednesday,50.92,Fall,1.0
Truck,General Construction,Unknown,Clear/Unknown,4,Wednesday,55.45,Struck-by,1.0
Truck,General Construction,Unknown,Clear/Unknown,4,Friday,56.82,Pinch-Point,3.0
Truck,Operating,Unknown,Clear/Unknown,4,Monday,40.63,Fall,1.0
Roller,Operating,Unknown,Clear/Unknown,4,Monday,70.63,Collision,4.0
Forklift,General Construction,Unknown,Clear/Unknown,4,Monday,60.57,Caught-in,3.0
Excavator,General Construction,Unknown,Clear/Unknown,4,Wednesday,45.36,Struck-by,1.0
Crane,Loading/Unloading,Unknown,Clear/Unknown,4,Thursday,26.32,Other,1.0
Aerial Lift,Loading/Unloading,Unknown,Clear/Unknown,4,Thursday,34.2,Fall,1.0
Truck,Loading/Unloading,Unknown,Clear/Unknown,4,Friday,47.52,Struck-by,1.0
Aerial Lift,Operating,Unknown,Clear/Unknown,4,Friday,32.86,Fall,1.0
Paver,General Construction,Unknown,Clear/Unknown,4,Tuesday,56.28,Caught-in,3.0
Truck,Loading/Unloading,Unknown,Clear/Unknown,4,Wednesday,48.02,Tip-over,1.0
Forklift,Loading/Unloading,Unknown,Clear/Unknown,4,Wednesday,41.89,Electrocution,1.0
Crane,Loading/Unloading,Unknown,Clear/Unknown,4,Wednesday,43.83,Struck-by,1.0
Aerial Lift,Loading/Unloading,Unknown,Clear/Unknown,4,Wednesday,34.2,Fall,1.0
Truck,General Construction,Unknown,Clear/Unknown,4,Friday,55.45,Struck-by,1.0
Aerial Lift,Loading/Unloading,Unknown,Clear/Unknown,4,Friday,34.2,Fall,1.0
Excavator,Loading/Unloading,Unknown,Clear/Unknown,4,Friday,34.84,Fall,1.0
Truck,General Construction,Unknown,Clear/Unknown,4,Friday,55.45,Struck-by,1.0
Excavator,Excavation,Unknown,Clear/Unknown,4,Monday,41.05,Struck-by,1.0
Truck,General Construction,Unknown,Clear/Unknown,4,Monday,33.33,Contact-with,1.0
Crane,General Construction,Unknown,Clear/Unknown,4,Monday,78.57,Struck-by,4.0
Forklift,Loading/Unloading,Unknown,Clear/Unknown,4,Tuesday,42.67,Struck-by,1.0
Truck,General Construction,Unknown,Clear/Unknown,4,Thursday,55.45,Struck-by,1.0
Crane,General Construction,Unknown,Clear/Unknown,4,Friday,45.57,Struck-by,1.0
Truck,General Construction,Unknown,Clear/Unknown,4,Monday,80.19,Caught-in,4.0
Truck,General Construction,Unknown,Clear/Unknown,4,Monday,48.99,Electrocution,1.0
Truck,Loading/Unloading,Unknown,Clear/Unknown,4,Tuesday,50.92,Fall,1.0
Truck,General Construction,Unknown,Clear/Unknown,4,Tuesday,55.45,Struck-by,1.0
Aerial Lift,Loading/Unloading,Unknown,Clear/Unknown,4,Wednesday,34.2,Fall,1.0
Excavator,Loading/Unloading,Unknown,Clear/Unknown,4,Wednesday,28.44,Pinch-Point,1.0
Loader,General Construction,Unknown,Clear/Unknown,4,Wednesday,43.45,Struck-by,1.0
Loader,General Construction,Unknown,Clear/Unknown,4,Wednesday,50.14,Pinch-Point,3.0
Truck,General Construction,Unknown,Clear/Unknown,5,Thursday,55.45,Struck-by,1.0
Truck,Mounting/Dismounting,Unknown,Clear/Unknown,5,Friday,46.91,Electrocution,1.0
Excavator,General Construction,Unknown,Clear/Unknown,5,Friday,45.36,Struck-by,1.0
Crane,General Construction,Unknown,Clear/Unknown,5,Saturday,67.57,Struck-by,3.0
Crane,Loading/Unloading,Unknown,Clear/Unknown,5,Monday,38.65,Fall,1.0
Truck,General Construction,Unknown,Clear/Unknown,5,Monday,41.43,Burns,1.0
Aerial Lift,Loading/Unloading,Unknown,Clear/Unknown,5,Tuesday,40.53,Tip-over,1.0
Truck,General Construction,Unknown,Clear/Unknown,5,Tuesday,56.82,Pinch-Point,3.0
Loader,Loading/Unloading,Unknown,Clear/Unknown,5,Tuesday,34.44,Fall,1.0
Crane,General Construction,Unknown,Clear/Unknown,5,Wednesday,78.57,Struck-by,4.0
Crane,Loading/Unloading,Unknown,Clear/Unknown,5,Wednesday,38.65,Fall,1.0
Bulldozer,Loading/Unloading,Unknown,Clear/Unknown,5,Thursday,31.57,Fall,1.0
Excavator,Loading/Unloading,Unknown,Clear/Unknown,5,Thursday,40.95,Struck-by,1.0
Excavator,Operating,Unknown,Clear/Unknown,5,Thursday,34.21,Fall,1.0
Aerial Lift,General Construction,Unknown,Clear/Unknown,5,Thursday,55.05,Fall,3.0
Truck,Loading/Unloading,Unknown,Clear/Unknown,5,Friday,50.92,Fall,1.0
Loader,Loading/Unloading,Unknown,Clear/Unknown,5,Monday,40.06,Struck-by,1.0
Loader,General Construction,Unknown,Clear/Unknown,5,Monday,43.45,Struck-by,1.0
Crane,General Construction,Unknown,Clear/Unknown,5,Tuesday,30.05,Pinch-Point,1.0
Excavator,General Construction,Unknown,Clear/Unknown,5,Wednesday,59.29,Caught-in,3.0
Grader,Excavation,Unknown,Clear/Unknown,5,Wednesday,36.84,Struck-by,1.0
Loader,Loading/Unloading,Unknown,Clear/Unknown,5,Thursday,40.06,Struck-by,1.0
Truck,General Construction,Unknown,Clear/Unknown,5,Friday,77.45,Struck-by,3.0
Backhoe,Operating,Unknown,Clear/Unknown,5,Saturday,60.71,Struck-by,3.0
Truck,Loading/Unloading,Unknown,Clear/Unknown,5,Monday,47.52,Struck-by,1.0
Excavator,Excavation,Unknown,Rain,5,Monday,53.02,Caught-in,1.0
Truck,Mounting/Dismounting,Unknown,Clear/Unknown,5,Tuesday,39.98,Fall,1.0
Dump Truck,General Construction,Unknown,Clear/Unknown,5,Tuesday,66.48,Fall,4.0
Forklift,Loading/Unloading,Unknown,Clear/Unknown,5,Tuesday,42.67,Struck-by,1.0
Roller,General Construction,Unknown,Clear/Unknown,5,Wednesday,41.97,Tip-over,1.0
Truck,General Construction,Unknown,Clear/Unknown,5,Wednesday,55.45,Struck-by,1.0
Truck,General Construction,Unknown,Clear/Unknown,5,Wednesday,88.45,Struck-by,4.0
Forklift,General Construction,Unknown,Clear/Unknown,5,Thursday,68.43,Struck-by,3.0
Crane,General Construction,Unknown,Clear/Unknown,5,Thursday,67.57,Struck-by,3.0
Truck,General Construction,Unknown,Clear/Unknown,5,Friday,55.45,Struck-by,1.0
Excavator,Excavation,Unknown,Clear/Unknown,5,Friday,41.05,Struck-by,1.0
Aerial Lift,General Construction,Unknown,Clear/Unknown,5,Wednesday,34.98,Caught-in,1.0
Forklift,Loading/Unloading,Unknown,Clear/Unknown,5,Wednesday,42.67,Struck-by,1.0
Truck,General Construction,Unknown,Clear/Unknown,5,Wednesday,55.45,Struck-by,1.0
Excavator,Loading/Unloading,Unknown,Clear/Unknown,5,Friday,41.85,Tip-over,1.0
Crane,General Construction,Unknown,Clear/Unknown,5,Friday,62.14,Caught-in,3.0
Excavator,General Construction,Unknown,Clear/Unknown,5,Friday,45.36,Struck-by,1.0
Crane,General Construction,Unknown,Clear/Unknown,5,Friday,45.57,Struck-by,1.0
Excavator,Loading/Unloading,Unknown,Clear/Unknown,5,Saturday,34.84,Fall,1.0
Crane,Mounting/Dismounting,Unknown,Clear/Unknown,5,Saturday,29.98,Pinch-Point,1.0
Dump Truck,Loading/Unloading,Unknown,Clear/Unknown,6,Monday,34.16,Fall,1.0
Excavator,General Construction,Unknown,Clear/Unknown,6,Tuesday,37.29,Caught-in,1.0
Grader,General Construction,Unknown,Clear/Unknown,6,Tuesday,36.96,Struck-by,1.0
Dump Truck,Operating,Unknown,Muddy,6,Tuesday,57.27,Struck-by,1.0
Crane,General Construction,Unknown,Clear/Unknown,6,Friday,45.57,Struck-by,1.0
Loader,General Construction,Unknown,Clear/Unknown,6,Friday,43.45,Struck-by,1.0
Truck,General Construction,Unknown,Clear/Unknown,6,Wednesday,55.45,Struck-by,1.0
Truck,General Construction,Unknown,Clear/Unknown,6,Thursday,55.45,Struck-by,1.0
Truck,Setup/Positioning,Unknown,Clear/Unknown,6,Friday,46.31,Struck-by,1.0
Truck,General Construction,Unknown,Clear/Unknown,6,Friday,55.45,Struck-by,1.0
Aerial Lift,Loading/Unloading,Unknown,Clear/Unknown,6,Sunday,34.2,Fall,1.0
Truck,General Construction,Unknown,Clear/Unknown,6,Tuesday,41.43,Burns,1.0
Truck,General Construction,Unknown,Clear/Unknown,6,Thursday,44.11,Collision,1.0
Truck,General Construction,Unknown,Clear/Unknown,6,Thursday,48.99,Electrocution,1.0
Truck,Loading/Unloading,Unknown,Clear/Unknown,6,Thursday,50.92,Fall,1.0
Truck,General Construction,Unknown,Clear/Unknown,6,Friday,41.43,Burns,1.0
Excavator,Excavation,Unknown,Clear/Unknown,6,Friday,41.05,Struck-by,1.0
Truck,General Construction,Unknown,Clear/Unknown,6,Monday,55.45,Struck-by,1.0
Aerial Lift,Loading/Unloading,Unknown,Clear/Unknown,6,Wednesday,40.53,Tip-over,1.0
Truck,Loading/Unloading,Unknown,Clear/Unknown,6,Thursday,69.52,Struck-by,3.0
Loader,Operating,Unknown,Clear/Unknown,6,Thursday,33.85,Fall,1.0
Truck,Operating,Unknown,Clear/Unknown,6,Thursday,47.71,Tip-over,1.0
Crane,Operating,Unknown,Clear/Unknown,6,Friday,63.97,Struck-by,3.0
Excavator,General Construction,Unknown,Clear/Unknown,6,Friday,41.18,Electrocution,1.0
Truck,General Construction,Unknown,Clear/Unknown,6,Friday,55.45,Struck-by,1.0
Dump Truck,Loading/Unloading,Unknown,Clear/Unknown,6,Monday,34.16,Fall,1.0
Truck,General Construction,Unknown,Clear/Unknown,6,Monday,55.45,Struck-by,1.0
Truck,General Construction,Unknown,Clear/Unknown,6,Monday,77.45,Struck-by,3.0
Aerial Lift,General Construction,Unknown,Clear/Unknown,6,Monday,39.66,Struck-by,1.0
Truck,General Construction,Unknown,Clear/Unknown,7,Tuesday,55.45,Struck-by,1.0
Truck,General Construction,Unknown,Clear/Unknown,7,Tuesday,31.88,Other,1.0
Crane,General Construction,Unknown,Clear/Unknown,7,Tuesday,78.57,Struck-by,4.0
Truck,Loading/Unloading,Unknown,Clear/Unknown,7,Tuesday,50.92,Fall,1.0
Dump Truck,Operating,Unknown,Clear/Unknown,7,Wednesday,39.38,Struck-by,1.0
Crane,Loading/Unloading,Unknown,Clear/Unknown,7,Wednesday,43.83,Struck-by,1.0
Bulldozer,Operating,Unknown,Clear/Unknown,7,Thursday,35.33,Collision,1.0
Forklift,Loading/Unloading,Unknown,Clear/Unknown,7,Thursday,42.67,Struck-by,1.0
Aerial Lift,General Construction,Unknown,Clear/Unknown,7,Thursday,39.66,Struck-by,1.0
Forklift,Loading/Unloading,Unknown,Clear/Unknown,7,Monday,42.67,Struck-by,1.0
Truck,Operating,Unknown,Rain,7,Monday,70.26,Struck-by,1.0
Truck,Loading/Unloading,Unknown,Clear/Unknown,7,Tuesday,50.92,Fall,1.0
Concrete Mixer,General Construction,Unknown,Clear/Unknown,7,Tuesday,47.78,Other,3.0
Loader,Loading/Unloading,Unknown,Clear/Unknown,7,Tuesday,24.26,Other,1.0
Truck,Operating,Unknown,Clear/Unknown,7,Wednesday,48.3,Struck-by,1.0
Crane,Loading/Unloading,Unknown,Clear/Unknown,7,Wednesday,38.65,Fall,1.0
Excavator,Operating,Unknown,Clear/Unknown,7,Wednesday,40.61,Struck-by,1.0
Roller,Loading/Unloading,Unknown,Clear/Unknown,7,Wednesday,39.55,Struck-by,1.0
Excavator,General Construction,Unknown,Clear/Unknown,7,Wednesday,45.36,Struck-by,1.0
Crane,Loading/Unloading,Unknown,Clear/Unknown,7,Wednesday,65.83,Struck-by,3.0
Crane,Loading/Unloading,Unknown,Clear/Unknown,7,Wednesday,38.65,Fall,1.0
Truck,General Construction,Unknown,Clear/Unknown,7,Wednesday,33.33,Contact-with,1.0
Forklift,Setup/Positioning,Unknown,Clear/Unknown,7,Thursday,40.9,Struck-by,1.0
Dump Truck,Operating,Unknown,Clear/Unknown,7,Thursday,39.38,Struck-by,1.0
Excavator,General Construction,Unknown,Clear/Unknown,7,Thursday,45.36,Struck-by,1.0
Truck,Loading/Unloading,Unknown,Clear/Unknown,7,Thursday,47.52,Struck-by,1.0
Crane,General Construction,Unknown,Clear/Unknown,7,Thursday,43.16,Electrocution,1.0
Loader,General Construction,Unknown,Clear/Unknown,7,Friday,43.45,Struck-by,1.0
Truck,General Construction,Unknown,Rain,7,Friday,100.0,Fall,4.0
Aerial Lift,Loading/Unloading,Unknown,Clear/Unknown,7,Friday,38.51,Struck-by,1.0
Forklift,General Construction,Unknown,Heat,7,Friday,35.06,Other,1.0
Crane,General Construction,Unknown,Clear/Unknown,7,Saturday,40.14,Caught-in,1.0
Truck,General Construction,Unknown,Heat,7,Thursday,43.47,Other,1.0
Aerial Lift,Loading/Unloading,Unknown,Clear/Unknown,7,Thursday,45.2,Fall,2.0
Roller,General Construction,Unknown,Clear/Unknown,7,Friday,36.79,Caught-in,1.0
Crane,General Construction,Unknown,Clear/Unknown,7,Friday,45.57,Struck-by,1.0
Forklift,General Construction,Unknown,Clear/Unknown,7,Monday,46.43,Struck-by,1.0
Aerial Lift,General Construction,Unknown,Clear/Unknown,7,Monday,40.79,Electrocution,1.0
Truck,General Construction,Unknown,Heat,7,Monday,43.47,Other,1.0
Truck,General Construction,Unknown,Heat,7,Wednesday,43.47,Other,1.0
Excavator,General Construction,Unknown,Clear/Unknown,7,Thursday,34.68,Fall,1.0
Forklift,General Construction,Unknown,Clear/Unknown,7,Thursday,60.57,Caught-in,3.0
Dump Truck,Loading/Unloading,Unknown,Clear/Unknown,7,Friday,34.16,Fall,1.0
Bulldozer,Loading/Unloading,Unknown,Clear/Unknown,7,Saturday,37.26,Struck-by,1.0
Truck,General Construction,Unknown,Clear/Unknown,7,Monday,69.19,Caught-in,3.0
Loader,General Construction,Unknown,Clear/Unknown,7,Tuesday,43.45,Struck-by,1.0
Loader,General Construction,Unknown,Clear/Unknown,7,Tuesday,43.45,Struck-by,1.0
Bulldozer,Setup/Positioning,Unknown,Clear/Unknown,7,Wednesday,37.22,Struck-by,1.0
Excavator,Operating,Unknown,Clear/Unknown,7,Wednesday,73.61,Struck-by,4.0
Aerial Lift,Operating,Unknown,Clear/Unknown,7,Wednesday,36.5,Collision,1.0
Paver,Loading/Unloading,Unknown,Clear/Unknown,8,Monday,32.42,Fall,1.0
Excavator,Excavation,Unknown,Clear/Unknown,8,Tuesday,41.05,Struck-by,1.0
Forklift,Operating,Unknown,Clear/Unknown,8,Tuesday,43.43,Back-over,1.0
Excavator,General Construction,Unknown,Clear/Unknown,8,Wednesday,45.36,Struck-by,1.0
Truck,Operating,Unknown,Clear/Unknown,8,Wednesday,48.3,Struck-by,1.0
Truck,General Construction,Unknown,Clear/Unknown,8,Wednesday,77.45,Struck-by,3.0
Crane,General Construction,Unknown,Clear/Unknown,8,Thursday,45.57,Struck-by,1.0
Excavator,General Construction,Unknown,Clear/Unknown,8,Thursday,46.96,Other,3.0
Aerial Lift,Loading/Unloading,Unknown,Clear/Unknown,8,Thursday,38.51,Struck-by,1.0
Truck,General Construction,Unknown,Clear/Unknown,8,Friday,59.99,Electrocution,2.0
Forklift,General Construction,Unknown,Clear/Unknown,8,Saturday,74.99,Electrocution,4.0
Truck,General Construction,Unknown,Clear/Unknown,8,Monday,33.33,Contact-with,1.0
Truck,General Construction,Unknown,Clear/Unknown,8,Monday,33.33,Contact-with,1.0
Truck,General Construction,Unknown,Clear/Unknown,8,Monday,88.45,Struck-by,4.0
Aerial Lift,Operating,Unknown,Clear/Unknown,8,Tuesday,32.86,Fall,1.0
Truck,General Construction,Unknown,Clear/Unknown,8,Wednesday,55.45,Struck-by,1.0
Roller,Loading/Unloading,Unknown,Clear/Unknown,8,Wednesday,34.03,Fall,1.0
Roller,Loading/Unloading,Unknown,Clear/Unknown,8,Thursday,34.03,Fall,1.0
Crane,Loading/Unloading,Unknown,Clear/Unknown,8,Thursday,38.65,Fall,1.0
Dump Truck,Operating,Unknown,Clear/Unknown,8,Thursday,33.45,Fall,1.0
Bulldozer,Loading/Unloading,Unknown,Clear/Unknown,8,Thursday,37.26,Struck-by,1.0
Excavator,General Construction,Unknown,Clear/Unknown,8,Friday,78.36,Struck-by,4.0
Truck,General Construction,Unknown,Clear/Unknown,8,Friday,48.99,Electrocution,1.0
Aerial Lift,General Construction,Unknown,Clear/Unknown,8,Sunday,56.98,Caught-in,3.0
Forklift,General Construction,Unknown,Clear/Unknown,8,Monday,43.16,Tip-over,1.0
Bulldozer,General Construction,Unknown,Clear/Unknown,8,Monday,37.6,Struck-by,1.0
Truck,General Construction,Unknown,Clear/Unknown,8,Monday,56.82,Pinch-Point,3.0
Excavator,General Construction,Unknown,Clear/Unknown,8,Tuesday,45.36,Struck-by,1.0
Loader,General Construction,Unknown,Clear/Unknown,8,Thursday,36.9,Caught-in,1.0
Truck,Loading/Unloading,Unknown,Clear/Unknown,8,Thursday,47.52,Struck-by,1.0
Loader,Excavation,Unknown,Clear/Unknown,8,Thursday,49.99,Pinch-Point,3.0
Aerial Lift,General Construction,Unknown,Wind,8,Friday,68.51,Struck-by,1.0
Truck,Operating,Unknown,Clear/Unknown,8,Saturday,40.63,Fall,1.0
Forklift,General Construction,Unknown,Clear/Unknown,8,Tuesday,35.62,Fall,1.0
Excavator,Excavation,Unknown,Rain,8,Tuesday,59.7,Struck-by,1.0
Truck,General Construction,Unknown,Clear/Unknown,8,Tuesday,48.99,Electrocution,1.0
Crane,Loading/Unloading,Unknown,Clear/Unknown,8,Wednesday,38.65,Fall,1.0
Truck,General Construction,Unknown,Clear/Unknown,8,Wednesday,48.99,Electrocution,1.0
Aerial Lift,General Construction,Unknown,Clear/Unknown,8,Thursday,33.05,Fall,1.0
Excavator,General Construction,Unknown,Clear/Unknown,8,Friday,45.36,Struck-by,1.0
Truck,Loading/Unloading,Unknown,Clear/Unknown,8,Friday,50.92,Fall,1.0
Forklift,General Construction,Unknown,Clear/Unknown,8,Friday,46.43,Struck-by,1.0
Excavator,Setup/Positioning,Unknown,Clear/Unknown,8,Saturday,39.96,Struck-by,1.0
Forklift,General Construction,Unknown,Clear/Unknown,9,Tuesday,51.69,Pinch-Point,3.0
Loader,Operating,Unknown,Muddy,9,Wednesday,54.84,Collision,1.0
Excavator,General Construction,Unknown,Clear/Unknown,9,Wednesday,45.36,Struck-by,1.0
Forklift,Operating,Unknown,Clear/Unknown,9,Wednesday,35.12,Fall,1.0
Crane,General Construction,Unknown,Clear/Unknown,9,Thursday,40.14,Caught-in,1.0
Excavator,Loading/Unloading,Unknown,Clear/Unknown,9,Saturday,40.95,Struck-by,1.0
Forklift,Mounting/Dismounting,Unknown,Clear/Unknown,9,Saturday,40.77,Struck-by,1.0
Aerial Lift,General Construction,Unknown,Clear/Unknown,9,Saturday,34.98,Caught-in,1.0
Forklift,General Construction,Unknown,Clear/Unknown,9,Tuesday,46.43,Struck-by,1.0
Truck,General Construction,Unknown,Clear/Unknown,9,Tuesday,48.58,Tip-over,1.0
Loader,General Construction,Unknown,Clear/Unknown,9,Wednesday,65.45,Struck-by,3.0
Aerial Lift,Loading/Unloading,Unknown,Clear/Unknown,9,Wednesday,34.2,Fall,1.0
Loader,General Construction,Unknown,Clear/Unknown,9,Thursday,43.45,Struck-by,1.0
Aerial Lift,General Construction,Unknown,Clear/Unknown,9,Thursday,40.47,Tip-over,1.0
Forklift,Loading/Unloading,Unknown,Clear/Unknown,9,Friday,37.54,Fall,1.0
Excavator,Excavation,Unknown,Clear/Unknown,9,Friday,36.45,Caught-in,1.0
Excavator,Excavation,Unknown,Clear/Unknown,9,Monday,58.45,Caught-in,3.0
Loader,Operating,Unknown,Clear/Unknown,9,Tuesday,40.44,Struck-by,1.0
Aerial Lift,Loading/Unloading,Unknown,Clear/Unknown,9,Tuesday,34.2,Fall,1.0
Excavator,Excavation,Unknown,Clear/Unknown,9,Wednesday,41.05,Struck-by,1.0
Excavator,Excavation,Unknown,Rain,9,Wednesday,59.7,Struck-by,1.0
Truck,Mounting/Dismounting,Unknown,Clear/Unknown,9,Wednesday,39.98,Fall,1.0
Truck,General Construction,Unknown,Clear/Unknown,9,Friday,55.45,Struck-by,1.0
Excavator,General Construction,Unknown,Clear/Unknown,9,Friday,34.68,Fall,1.0
Roller,Setup/Positioning,Unknown,Clear/Unknown,9,Monday,50.0,Pinch-Point,3.0
Truck,General Construction,Unknown,Clear/Unknown,9,Monday,48.99,Electrocution,1.0
Aerial Lift,Operating,Unknown,Rain,9,Monday,47.8,Fall,1.0
Dump Truck,General Construction,Unknown,Clear/Unknown,9,Monday,40.34,Struck-by,1.0
Crane,Loading/Unloading,Unknown,Clear/Unknown,9,Monday,38.65,Fall,1.0
Crane,Loading/Unloading,Unknown,Clear/Unknown,9,Tuesday,60.77,Caught-in,3.0
Forklift,General Construction,Unknown,Clear/Unknown,9,Tuesday,46.43,Struck-by,1.0
Aerial Lift,General Construction,Unknown,Clear/Unknown,9,Wednesday,67.98,Caught-in,4.0
Truck,General Construction,Unknown,Clear/Unknown,9,Friday,69.19,Caught-in,3.0
Crane,Loading/Unloading,Unknown,Clear/Unknown,9,Friday,26.32,Other,1.0
Truck,General Construction,Unknown,Clear/Unknown,9,Friday,31.88,Other,1.0
Truck,Operating,Unknown,Clear/Unknown,9,Friday,40.63,Fall,1.0
Aerial Lift,Loading/Unloading,Unknown,Clear/Unknown,9,Friday,40.53,Tip-over,1.0
Loader,General Construction,Unknown,Clear/Unknown,9,Sunday,43.45,Struck-by,1.0
Crane,General Construction,Unknown,Clear/Unknown,9,Sunday,62.14,Caught-in,3.0
Roller,General Construction,Unknown,Clear/Unknown,9,Monday,74.97,Tip-over,4.0
Forklift,Loading/Unloading,Unknown,Clear/Unknown,9,Monday,43.43,Back-over,1.0
Truck,General Construction,Unknown,Clear/Unknown,9,Monday,48.99,Electrocution,1.0
Loader,Excavation,Unknown,Clear/Unknown,9,Monday,39.69,Struck-by,1.0
Truck,General Construction,Unknown,Clear/Unknown,9,Tuesday,55.45,Struck-by,1.0
Paver,Operating,Unknown,Clear/Unknown,9,Tuesday,32.36,Fall,1.0
Excavator,Excavation,Unknown,Clear/Unknown,9,Tuesday,36.45,Caught-in,1.0
